BUSINESSPARTNER;BUSINESSPARTNERCATEGORY;AUTHORIZATIONGROUP;BUSINESSPARTNERUUID;PERSONNUMBER;ETAG;BUSINESSPARTNERNAME;BUSINESSPARTNERFULLNAME;CREATEDBYUSER;CREATIONDATE;CREATIONTIME;LASTCHANGEDBYUSER;LASTCHANGEDATE;LASTCHANGETIME;BUSINESSPARTNERISBLOCKED;ISBUSINESSPURPOSECOMPLETED;FIRSTNAME;LASTNAME;PERSONFULLNAME;ORGANIZATIONBPNAME1;ORGANIZATIONBPNAME2;ORGANIZATIONBPNAME3;ORGANIZATIONBPNAME4;INTERNATIONALLOCATIONNUMBER1;INTERNATIONALLOCATIONNUMBER2;INTERNATIONALLOCATIONNUMBER3;LEGALFORM;ORGANIZATIONFOUNDATIONDATE;ORGANIZATIONLIQUIDATIONDATE;INDUSTRY;ISNATURALPERSON;ISFEMALE;ISMALE;ISSEXUNKNOWN;FORMOFADDRESS;ACADEMICTITLE;ACADEMICTITLE2;NAMEFORMAT;NAMECOUNTRY;BUSINESSPARTNERGROUPING;BUSINESSPARTNERTYPE;MIDDLENAME;ADDITIONALLASTNAME;GROUPBUSINESSPARTNERNAME1;GROUPBUSINESSPARTNERNAME2;CORRESPONDENCELANGUAGE;LANGUAGE;SEARCHTERM1;SEARCHTERM2;BPLASTNAMESEARCHHELP;BPFIRSTNAMESEARCHHELP;BUSINESSPARTNERNICKNAMELABEL;INDEPENDENTADDRESSID;ISACTIVEENTITY;BIRTHDATE;ISMARKEDFORARCHIVING;CONTACTPERMISSION;BUSINESSPARTNERIDBYEXTSYSTEM;LEGALENTITYOFORGANIZATION;BUSINESSPARTNERPRINTFORMAT;BUSINESSPARTNERDATAORIGINTYPE;BUSINESSPARTNERISNOTRELEASED;ISNOTCONTRACTUALLYCAPABLE;BUSINESSPARTNEROCCUPATION;BUSPARTMARITALSTATUS;BUSPARTNATIONALITY;NONRESIDENTCOMPANYORIGINCNTRY;BUSINESSPARTNERSALUTATION;BUSINESSPARTNERBIRTHNAME;BUSINESSPARTNERSUPPLEMENTNAME;BUSINESSPARTNERBIRTHPLACENAME;NATURALPERSONEMPLOYERNAME;BUSINESSPARTNERDEATHDATE;BUSINESSPARTNERBIRTHDATESTATUS;BUSINESSPARTNERGROUPTYPE;LASTNAMEPREFIX;LASTNAMESECONDPREFIX;INITIALS;GENDERCODENAME;DATACONTROLLERSET;DATACONTROLLER1;DATACONTROLLER2;DATACONTROLLER3;DATACONTROLLER4;DATACONTROLLER5;DATACONTROLLER6;DATACONTROLLER7;DATACONTROLLER8;DATACONTROLLER9;DATACONTROLLER10;BPDATACONTROLLERISNOTREQUIRED;TRDCMPLNCLICENSEISMILITARYSCTR;TRDCMPLNCLICENSEISNUCLEARSCTR
0001000030;1;;126EE31C69721EE88C9A93CB52B43072;0000024196;BPINST20180326090419;Barbara Lee;Barbara Lee;BPINST;20180326;090419;;00000000;000000;;;Barbara;Lee;;;;;;0000000;00000;0;;00000000;00000000;;X;;;X;;;;;;BP02;;;;;;;;;;LEE;BARBARA;;;X;00000000;;;;;;;;;;;;;;;;;;00000000;;;;;;;;;;;;;;;;;;;;
0010100003;2;;0EB063A8AB041ED7ACEFBEC3A811BCFF;;BPINST20221017155731;Inlandskunde DE 3;Inlandskunde DE 3;BPINST;20171017;205928;BPINST;20221017;155731;;;;;;Inlandskunde DE 3;;;;0000000;00000;0;01;00000000;00000000;;;;;;0003;;;;;BP03;;;;;;;;KUNDE3;;INLANDSKUNDE DE 3;;;;X;00000000;;;;;;;;;;;;;;;;;;00000000;;;;;;;;;;;;;;;;;;;;
0010100004;2;;0EB063A8AB041ED7ACEFC37099CC7D02;;BPINST20221017155731;Inlandskunde DE 4;Inlandskunde DE 4;BPINST;20171017;210010;BPINST;20221017;155731;;;;;;Inlandskunde DE 4;;;;0000000;00000;0;01;00000000;00000000;;;;;;0003;;;;;BP03;;;;;;;;KUNDE4;;INLANDSKUNDE DE 4;;;;X;00000000;;;;;;;;;;;;;;;;;;00000000;;;;;;;;;;;;;;;;;;;;
0010186001;2;;A505C9AF5F3E1EEFA3A782CA90EBC966;;BPINST20241018103118;TM Inlandskunde DE 1;TM Inlandskunde DE 1;BPINST;20241018;103109;BPINST;20241018;103118;;;;;;TM Inlandskunde DE 1;;;;0000000;00000;0;01;00000000;00000000;;;;;;0003;;;;;BP03;;;;;;;;TMKUNDE1;;TM INLANDSKUNDE DE 1;;;;X;00000000;;;;;;;;;;;;;;;;;;00000000;;;;;;;;;;;;;;;;;;;;
0017300273;2;;0ADC9D1324481ED7AAB21202ED3B7C02;;BPINST20171005054703;Domestic US Supplier CPD;Domestic US Supplier CPD;BPINST;20171005;054703;;00000000;000000;;;;;;Domestic US Supplier CPD;;;;0000000;00000;0;01;00000000;00000000;;;;;;0003;;;;;CPDS;;;;;;;;SUP1T;;DOMESTIC US SUPPLIER CPD;;;;X;00000000;;;;;;;;;;;;;;;;;;00000000;;;;;;;;;;;;;;;;;;;;
0017910005;1;;0ADC9D1324481ED7AAB217ED5C82BC03;0000023433;BPINST20171005054844;Susan Miller;Susan Miller;BPINST;20171005;054844;;00000000;000000;;;Susan;Miller;;;;;;0000000;00000;0;;00000000;00000000;;;X;;;0001;;;;;BP03;;;;;;E;;17910005;;MILLER;SUSAN;;;X;00000000;;;;;;;;;;;;;;;;;;00000000;;;;;;1;;;;;;;;;;;;;;
0017910006;1;;0ADC9D1324481ED7AAB22E2EFEE2BC2F;0000023437;BPINST20171005055322;James Smith;James Smith;BPINST;20171005;055322;;00000000;000000;;;James;Smith;;;;;;0000000;00000;0;;00000000;00000000;;;;X;;0002;;;;;BP03;;;;;;E;;17910006;;SMITH;JAMES;;;X;00000000;;;;;;;;;;;;;;;;;;00000000;;;;;;2;;;;;;;;;;;;;;
0017910007;1;;0ADC9D1324481ED7AAB230B059D43C32;0000023441;BPINST20171005055355;Mary Brown;Mary Brown;BPINST;20171005;055355;;00000000;000000;;;Mary;Brown;;;;;;0000000;00000;0;;00000000;00000000;;;X;;;0001;;;;;BP03;;;;;;E;;17910007;;BROWN;MARY;;;X;00000000;;;;;;;;;;;;;;;;;;00000000;;;;;;1;;;;;;;;;;;;;;
0017910008;1;;0ADC9D1324481ED7AAB2333A62DCBC32;0000023445;BPINST20171005055430;Ronald Williams;Ronald Williams;BPINST;20171005;055430;;00000000;000000;;;Ronald;Williams;;;;;;0000000;00000;0;;00000000;00000000;;;;X;;0002;;;;;BP03;;;;;;E;;17910008;;WILLIAMS;RONALD;;;X;00000000;;;;;;;;;;;;;;;;;;00000000;;;;;;2;;;;;;;;;;;;;;
0017300085;2;;0ECF98CB3DD71EDC8CA3A1538AE901BA;;BPINST20221017185954;Domestic US Supplier 85 (ARIBA 42K);Domestic US Supplier 85 (ARIBA 42K);BPINST;20211019;204214;BPINST;20221017;185954;;;;;;Domestic US Supplier 85 (ARIBA 42K);;;;0000000;00000;0;01;00000000;00000000;;;;;;0003;;;;;BP03;;;;;;;;SUPL85;;DOMESTIC US SUPPLIER 85 (ARIBA 42K);;;;X;00000000;;;;;;;;;;;;;;;;;;00000000;;;;;;;;;;;;;;;;;;;;
0010200001;2;;0EB063A8AB041ED7AD84766508DFEA4F;;BPINST20251016081846;Supplier/Customer for Intrastat (HU);Supplier/Customer for Intrastat (HU);BPINST;20171018;164555;BPINST;20251016;081846;;;;;;Supplier/Customer for Intrastat (HU);;;;0000000;00000;0;01;00000000;00000000;;;;;;0003;;;;;BP03;;;;;;;;BP1;;SUPPLIER/CUSTOMER FOR INTRASTAT (HU;;;;X;00000000;;;;;;;;;;;;;;;;;;00000000;;;;;;;;;;;;;;;;;;;;
0010100006;2;;0EB063A8AB041ED7ACEFC66761E3DD06;;BPINST20221017155731;Inlandskunde DE 6 (Retouren);Inlandskunde DE 6 (Retouren);BPINST;20171017;210050;BPINST;20221017;155731;;;;;;Inlandskunde DE 6 (Retouren);;;;0000000;00000;0;01;00000000;00000000;;;;;;0003;;;;;BP03;;;;;;;;KUNDE6;;INLANDSKUNDE DE 6 (RETOUREN);;;;X;00000000;;;;;;;;;;;;;;;;;;00000000;;;;;;;;;;;;;;;;;;;;
0017300033;2;;0ADC9D1324481ED7AAB243FA4075FC5E;;BPINST20171005055814;Domestic US Supplier 1099INT Withholding;Domestic US Supplier 1099INT Withholding;BPINST;20171005;055814;;00000000;000000;;;;;;Domestic US Supplier 1099INT Withholding;;;;0000000;00000;0;01;00000000;00000000;;;;;;0003;;;;;BP03;;;;;;;;SUPL33;;DOMESTIC US SUPPLIER 1099INT WITHHO;;;;X;00000000;;;;;;;;;;;;;;;;;;00000000;;;;;;;;;;;;;;;;;;;;
0017300034;2;;0ADC9D1324481ED7AAB246BCB162FC5E;;S4H_FIN_DEM20181024022743;Domestic US Supplier 1099K Withholding T;Domestic US Supplier 1099K Withholding T;BPINST;20171005;055852;S4H_FIN_DEM;20181024;022743;;;;;;Domestic US Supplier 1099K Withholding T;;;;0000000;00000;0;01;00000000;00000000;;;;;;0003;;;;;BP03;;;;;;;;SUPL34;;DOMESTIC US SUPPLIER 1099K WITHHOLD;;;;X;00000000;;;;;;;;;;;;;;;;;;00000000;;;;;;;;;;;;;;;;;;;;
0010100008;2;;0EB063A8AB041ED7ACEFC9A008273D09;;BPINST20221017155731;Inlandskunde DE 8;Inlandskunde DE 8;BPINST;20171017;210132;BPINST;20221017;155731;;;;;;Inlandskunde DE 8;;;;0000000;00000;0;01;00000000;00000000;;;;;;0003;;;;;BP03;;;;;;;;KUNDE8;;INLANDSKUNDE DE 8;;;;X;00000000;;;;;;;;;;;;;;;;;;00000000;;;;;;;;;;;;;;;;;;;;
0010100009;2;;0EB063A8AB041ED7ACEFCCBECB487D09;;BPINST20221017155731;Inlandskunde DE 9;Inlandskunde DE 9;BPINST;20171017;210215;BPINST;20221017;155731;;;;;;Inlandskunde DE 9;;;;0000000;00000;0;01;00000000;00000000;;;;;;0003;;;;;BP03;;;;;;;;KUNDE9;;INLANDSKUNDE DE 9;;;;X;00000000;;;;;;;;;;;;;;;;;;00000000;;;;;;;;;;;;;;;;;;;;
0010100014;2;;0AD0658A6F041EE8B793B89EC2862808;;BPINST20221017155731;PAYER - Zentrale Walldorf;PAYER - Zentrale Walldorf;BPINST;20181030;234514;BPINST;20221017;155731;;;;;;PAYER - Zentrale Walldorf;;;;0000000;00000;0;01;00000000;00000000;;;;;;0003;;;;;BP03;;;;;;;;INVOICE LIST;;PAYER - ZENTRALE WALLDORF;;;;X;00000000;;;;;;;;;;;;;;;;;;00000000;;;;;;;;;;;;;;;;;;;;
0010300015;2;;41734E1583BB1EED93C8594822384A7E;;BPINST20221017174028;Inlandslieferant DE15;Inlandslieferant DE15;BPINST;20221017;174028;;00000000;000000;;;;;;Inlandslieferant DE15;;;;0000000;00000;0;01;00000000;00000000;;;;;;0003;;;;;BP03;;;;;;;;LIEF15;;INLANDSLIEFERANT DE15;;;;X;00000000;;;;;;;;;;;;;;;;;;00000000;;;;;;;;;;;;;;;;;;;;
0017300050;2;;0ECF98CB3DD71EDC8CA41B61F31EC1BA;;BPINST20221017192147;Foreign Supplier US 50 (CA);Foreign Supplier US 50 (CA);BPINST;20211019;210932;BPINST;20221017;192147;;;;;;Foreign Supplier US 50 (CA);;;;0000000;00000;0;01;00000000;00000000;;;;;;0003;;;;;BP03;;;;;;;;SUPL50;;FOREIGN SUPPLIER US 50 (CA);;;;X;00000000;;;;;;;;;;;;;;;;;;00000000;;;;;;;;;;;;;;;;;;;;
0010300016;2;;41734E1583BB1EED93C859482239AA7E;;BPINST20221017174028;Inlandslieferant DE16;Inlandslieferant DE16;BPINST;20221017;174028;;00000000;000000;;;;;;Inlandslieferant DE16;;;;0000000;00000;0;01;00000000;00000000;;;;;;0003;;;;;BP03;;;;;;;;LIEF16;;INLANDSLIEFERANT DE16;;;;X;00000000;;;;;;;;;;;;;;;;;;00000000;;;;;;;;;;;;;;;;;;;;
0010100012;2;;0AD0658A6F041EE8B793BDD6125A680B;;BPINST20221017155734;Inlandskunde Invoice List;Inlandskunde Invoice List;BPINST;20181030;234624;BPINST;20221017;155734;;;;;;Inlandskunde Invoice List;;;;0000000;00000;0;01;00000000;00000000;;;;;;0003;;;;;BP03;;;;;;;;INVOICE LIST;;INLANDSKUNDE INVOICE LIST;;;;X;00000000;;;;;;;;;;;;;;;;;;00000000;;;;;;;;;;;;;;;;;;;;
0010300017;2;;41734E1583BB1EED93C85948223B0A7E;;BPINST20221017174028;Inlandslieferant DE17;Inlandslieferant DE17;BPINST;20221017;174028;;00000000;000000;;;;;;Inlandslieferant DE17;;;;0000000;00000;0;01;00000000;00000000;;;;;;0003;;;;;BP03;;;;;;;;LIEF17;;INLANDSLIEFERANT DE17;;;;X;00000000;;;;;;;;;;;;;;;;;;00000000;;;;;;;;;;;;;;;;;;;;
0010300019;2;;41734E1583BB1EED93C85948223C6A7E;;BPINST20221017174028;Inlandslieferant DE19;Inlandslieferant DE19;BPINST;20221017;174028;;00000000;000000;;;;;;Inlandslieferant DE19;;;;0000000;00000;0;01;00000000;00000000;;;;;;0003;;;;;BP03;;;;;;;;LIEF19;;INLANDSLIEFERANT DE19;;;;X;00000000;;;;;;;;;;;;;;;;;;00000000;;;;;;;;;;;;;;;;;;;;
0010100013;2;;0AD0658A6F041EE8B793C164322DE822;;BPINST20221017155734;Inlandskunde Invoice List;Inlandskunde Invoice List;BPINST;20181030;234703;BPINST;20221017;155734;;;;;;Inlandskunde Invoice List;;;;0000000;00000;0;01;00000000;00000000;;;;;;0003;;;;;BP03;;;;;;;;CUST13;;INLANDSKUNDE INVOICE LIST;;;;X;00000000;;;;;;;;;;;;;;;;;;00000000;;;;;;;;;;;;;;;;;;;;
0010300006;2;;0EB063A8AB041ED7ACEFD30712B27D30;;BPINST20241119095916;Inlandslieferant DE 6 (Retouren);Inlandslieferant DE 6 (Retouren);BPINST;20171017;210401;BPINST;20241119;095916;;;;;;Inlandslieferant DE 6 (Retouren);;;;0000000;00000;0;01;00000000;00000000;;;;;;0003;;;;;BP03;;;;;;;;LIEFDE6;;INLANDSLIEFERANT DE 6 (RETOUREN);;;;X;00000000;;;;;;;;;;;;;;;;;;00000000;;;;;;;;;;;;;;;;;;;;
0010300050;2;;0ECF98CB3DD71EDC8CA0135E6D0601BA;;BPINST20221017175642;Foreign Supplier 50 (US);Foreign Supplier 50 (US);BPINST;20211019;171841;BPINST;20221017;175642;;;;;;Foreign Supplier 50 (US);;;;0000000;00000;0;01;00000000;00000000;;;;;;0003;;;;;BP03;;;;;;;;LIEF50;;FOREIGN SUPPLIER 50 (US);;;;X;00000000;;;;;;;;;;;;;;;;;;00000000;;;;;;;;;;;;;;;;;;;;
0010100273;2;;0EB063A8AB041ED7ACEFFF76AB8B7D71;;BPINST20221017155821;Inlandskunde DE CPD;Inlandskunde DE CPD;BPINST;20171017;211357;BPINST;20221017;155821;;;;;;Inlandskunde DE CPD;;;;0000000;00000;0;01;00000000;00000000;;;;;;0003;;;;;CPDS;;;;;;;;;;INLANDSKUNDE DE CPD;;;;X;00000000;;;;;;;;;;;;;;;;;;00000000;;;;;;;;;;;;;;;;;;;;
0010100100;2;;0EB063A8AB041EE7ACF1C42D0309A15E;;BPINST20221017160654;Inlandskunde DE 100 (SEPA);Inlandskunde DE 100 (SEPA);BPINST;20171017;225514;BPINST;20221017;160654;;;;;;Inlandskunde DE 100 (SEPA);;;;0000000;00000;0;01;00000000;00000000;;;;;;0003;;;;;BP03;;;;;;;;KUNDE100;;INLANDSKUNDE DE 100 (SEPA);;;;X;00000000;;;;;;;;;;;;;;;;;;00000000;;;;;;;;;;;;;;;;;;;;
0017300051;2;;0ECF98CB3DD71EDC8CA41B61F32021BA;;BPINST20221017192147;Foreign Supplier US 51 (DE);Foreign Supplier US 51 (DE);BPINST;20211019;210932;BPINST;20221017;192147;;;;;;Foreign Supplier US 51 (DE);;;;0000000;00000;0;01;00000000;00000000;;;;;;0003;;;;;BP03;;;;;;;;SUPL51;;FOREIGN SUPPLIER US 51 (DE);;;;X;00000000;;;;;;;;;;;;;;;;;;00000000;;;;;;;;;;;;;;;;;;;;
0017300007;2;;0ADC9D1324481EE7AABEE600838A77CD;;BPINST20171005180208;Domestic US Subcontractor A;Domestic US Subcontractor A;BPINST;20171005;180208;;00000000;000000;;;;;;Domestic US Subcontractor A;;;;0000000;00000;0;01;00000000;00000000;;;;;;0003;;;;;BP03;;;;;;;;SUPL-SUBCON;;DOMESTIC US SUBCONTRACTOR A;;;;X;00000000;;;;;;;;;;;;;;;;;;00000000;;;;;;;;;;;;;;;;;;;;
0017300090;2;;0ADC9D1324481EE7AABF0ED55771382E;;BPINST20171005181111;Domestic US Supplier 90 (Ariba FIN);Domestic US Supplier 90 (Ariba FIN);BPINST;20171005;181111;;00000000;000000;;;;;;Domestic US Supplier 90 (Ariba FIN);;;;0000000;00000;0;01;00000000;00000000;;;;;;0003;;;;;BP03;;;;;;;;SUPL90;;DOMESTIC US SUPPLIER 90 (ARIBA FIN);;;;X;00000000;;;;;;;;;;;;;;;;;;00000000;;;;;;;;;;;;;;;;;;;;
0010300051;2;;0ECF98CB3DD71EDC8CA0135E6D0761BA;;BPINST20221017175642;Foreign Supplier 50 (FR);Foreign Supplier 50 (FR);BPINST;20211019;171841;BPINST;20221017;175642;;;;;;Foreign Supplier 50 (FR);;;;0000000;00000;0;01;00000000;00000000;;;;;;0003;;;;;BP03;;;;;;;;LIEF51;;FOREIGN SUPPLIER 50 (FR);;;;X;00000000;;;;;;;;;;;;;;;;;;00000000;;;;;;;;;;;;;;;;;;;;
EWM17-SU01;2;;0ADC9D1324481ED7AAC4186E643DE3E8;;BPINST20171005225939;EWM Supplier 01;EWM Supplier 01;BPINST;20171005;225939;;00000000;000000;;;;;;EWM Supplier 01;;;;0000000;00000;0;;00000000;00000000;;;;;;0003;;;;;BPAB;;;;;;;;EWM;;EWM SUPPLIER 01;;;;X;00000000;;;;;;;;;;;;;;;;;;00000000;;;;;;;;;;;;;;;;;;;;
MDG_CU01;2;;0A7C457F45501EE98BF25A4BD6576173;;SAP_WFRT20231115090719;ABC Customer 01;ABC Customer 01;MDG_EXPERT;20190213;132525;SAP_WFRT;20231115;090719;;;;;;ABC Customer 01;;;;0000000;00000;0;;00000000;00000000;;;;;;;;;;;0002;;;;;;;;MDG;CUSTOMER;ABC CUSTOMER 01;;;;X;00000000;;;;;;;;;;;;;;;;;;00000000;;;;;;;;;;;;;;;;;;;;
0017100051;2;;0ADC9D1324481EE7AAB4F400F70EA190;;BPINST20181009171010;Foreign Customer 51 (CA);Foreign Customer 51 (CA);BPINST;20171005;083209;BPINST;20181009;171010;;;;;;Foreign Customer 51 (CA);;;;0000000;00000;0;01;00000000;00000000;;;;;;0003;;;;;BP03;;;;;;;;CUST51;;FOREIGN CUSTOMER 51 (CA);;;;X;00000000;;;;;;;;;;;;;;;;;;00000000;;;;;;;;;;;;;;;;;;;;
USSU-VSF01;2;;0ADC9D1324481EE7AADFA40C9850F2FB;;BPINST20171007011621;EV Parts Inc.;EV Parts Inc.;BPINST;20171007;011621;;00000000;000000;;;;;;EV Parts Inc.;;;;0000000;00000;0;01;00000000;00000000;;;;;;0003;;;;;0002;;;;;;;;VSF01;;EV PARTS INC.;;;;X;00000000;;;;;;;;;;;;;;;;;;00000000;;;;;;;;;;;;;;;;;;;;
USSU-VSF03;2;;0ADC9D1324481EE7AADFB8CDBC839317;;BPINST20171007011850;VF Vendor 03;VF Vendor 03;BPINST;20171007;011850;;00000000;000000;;;;;;VF Vendor 03;;;;0000000;00000;0;;00000000;00000000;;;;;;0003;;;;;0002;;;;;;;;VSF03;;VF VENDOR 03;;;;X;00000000;;;;;;;;;;;;;;;;;;00000000;;;;;;;;;;;;;;;;;;;;
USSU-VSF02;2;;0ADC9D1324481EE7AADFB8CDBC82B317;;BPINST20171007011850;WaveCrest Labs;WaveCrest Labs;BPINST;20171007;011850;;00000000;000000;;;;;;WaveCrest Labs;;;;0000000;00000;0;01;00000000;00000000;;;;;;0003;;;;;0002;;;;;;;;VSF02;;WAVECREST LABS;;;;X;00000000;;;;;;;;;;;;;;;;;;00000000;;;;;;;;;;;;;;;;;;;;
USSU-VSF04;2;;0ADC9D1324481EE7AADFB8CDBC847317;;BPINST20171007011850;USSU-VSF04;USSU-VSF04;BPINST;20171007;011850;;00000000;000000;;;;;;USSU-VSF04;;;;0000000;00000;0;;00000000;00000000;;;;;;0003;;;;;0002;;;;;;;;VSF04;;USSU-VSF04;;;;X;00000000;;;;;;;;;;;;;;;;;;00000000;;;;;;;;;;;;;;;;;;;;
0001000180;2;;0ECF98CB3DD71EDC92F8BB34546441BA;;BPINST20211122190145;name;name;BPINST;20211122;185631;BPINST;20211122;190145;;;;;;name;;;;0000000;00000;0;;00000000;00000000;;;;;;;;;;;BP02;;;;;;;;;;NAME;;;;X;00000000;;;;;;;;;;;;;;;;;;00000000;;;;;;;;;;;;;;;;;;;;
USSU-VSF08;2;;0ADC9D1324481EE7AADFB8CDBC87F317;;BPINST20171007011850;VF Vendor 08;VF Vendor 08;BPINST;20171007;011850;;00000000;000000;;;;;;VF Vendor 08;;;;0000000;00000;0;;00000000;00000000;;;;;;0003;;;;;0002;;;;;;;;VSF08;;VF VENDOR 08;;;;X;00000000;;;;;;;;;;;;;;;;;;00000000;;;;;;;;;;;;;;;;;;;;
USSU-VSF50;1;;0ADC9D1324481EE7AADFB8CDBC88F317;0000023581;BPINST20171007011850; BeSafe Inc; BeSafe Inc;BPINST;20171007;011850;;00000000;000000;;;;BeSafe Inc;;;;;;0000000;00000;0;;00000000;00000000;;X;;X;;0002;;;;;0002;;;;;;E;;USSU-VSF50;;BESAFE INC;;;;X;00000000;;;;;;;;;;;;;;;;;;00000000;;;;;;2;;;;;;;;;;;;;;
USSU-VSF51;1;;0ADC9D1324481EE7AADFB8CDBC8A1317;0000023584;BPINST20171007011850; MedInc; MedInc;BPINST;20171007;011850;;00000000;000000;;;;MedInc;;;;;;0000000;00000;0;;00000000;00000000;;X;;X;;0002;;;;;0002;;;;;;E;;USSU-VSF51;;MEDINC;;;;X;00000000;;;;;;;;;;;;;;;;;;00000000;;;;;;2;;;;;;;;;;;;;;
USSU-VSF52;1;;0ADC9D1324481EE7AADFB8CDBC8B3317;0000023587;BPINST20171007011850; RetireYou; RetireYou;BPINST;20171007;011850;;00000000;000000;;;;RetireYou;;;;;;0000000;00000;0;;00000000;00000000;;X;;X;;0002;;;;;0002;;;;;;E;;USSU-VSF52;;RETIREYOU;;;;X;00000000;;;;;;;;;;;;;;;;;;00000000;;;;;;2;;;;;;;;;;;;;;
USSU-VSF53;1;;0ADC9D1324481EE7AADFB8CDBC8C5317;0000023590;BPINST20171007011850;" ""KeepCurrent, Inc""";" ""KeepCurrent, Inc""";BPINST;20171007;011850;;00000000;000000;;;;"""KeepCurrent, Inc""";;;;;;0000000;00000;0;;00000000;00000000;;X;;X;;0002;;;;;0002;;;;;;E;;USSU-VSF53;;"""KEEPCURRENT, INC""";;;;X;00000000;;;;;;;;;;;;;;;;;;00000000;;;;;;2;;;;;;;;;;;;;;
USSU-VSF54;1;;0ADC9D1324481EE7AADFB8CDBC8D7317;0000023593;BPINST20171007011850;" ""FindYou, Inc""";" ""FindYou, Inc""";BPINST;20171007;011850;;00000000;000000;;;;"""FindYou, Inc""";;;;;;0000000;00000;0;;00000000;00000000;;X;;X;;0002;;;;;0002;;;;;;E;;USSU-VSF54;;"""FINDYOU, INC""";;;;X;00000000;;;;;;;;;;;;;;;;;;00000000;;;;;;2;;;;;;;;;;;;;;
USSU-VSF55;1;;0ADC9D1324481EE7AADFB8CDBC8E9317;0000023596;BPINST20171007011850;" ""WholeInsure, Inc""";" ""WholeInsure, Inc""";BPINST;20171007;011850;;00000000;000000;;;;"""WholeInsure, Inc""";;;;;;0000000;00000;0;;00000000;00000000;;X;;X;;0002;;;;;0002;;;;;;E;;USSU-VSF55;;"""WHOLEINSURE, INC""";;;;X;00000000;;;;;;;;;;;;;;;;;;00000000;;;;;;2;;;;;;;;;;;;;;
USSU-VSF56;1;;0ADC9D1324481EE7AADFB8CDBC8FB317;0000023599;BPINST20171007011850;" ""LabAudit, Inc""";" ""LabAudit, Inc""";BPINST;20171007;011850;;00000000;000000;;;;"""LabAudit, Inc""";;;;;;0000000;00000;0;;00000000;00000000;;X;;X;;0002;;;;;0002;;;;;;E;;USSU-VSF56;;"""LABAUDIT, INC""";;;;X;00000000;;;;;;;;;;;;;;;;;;00000000;;;;;;2;;;;;;;;;;;;;;
0010300010;2;;0AD0658A6F041EE8B7952FE22DC5AA13;;S4H_FIN_DEM20240326072224;Inlandslieferant DE 1;Inlandslieferant DE 1;BPINST;20181031;010911;S4H_FIN_DEM;20240326;072224;;;;;;Inlandslieferant DE 1;;;;0000000;00000;0;01;00000000;00000000;;;;;;0003;;;;;BP03;;;;;;;;LIEF1;;INLANDSLIEFERANT DE 1;;;;X;00000000;;;;;;;;;;;;;;;;;;00000000;;;;;;;;;;;;;;;;;;;;
0001000034;2;;126EE31C69721ED88CB228A703DB8BEC;;SERV_MAN20191031122846;BILLING Dom. Billing Unit US;BILLING Dom. Billing Unit US;BPINST;20180327;073424;SERV_MAN;20191031;122846;;;;;;BILLING;Dom. Billing Unit US;;;0000000;00000;0;;00000000;00000000;;;;;;;;;;;BP02;;;;;;;;BILLING;DOM. BILLING UNIT US;BILLING;DOM. BILLING UNIT US;;;X;00000000;X;;;;;;;;;;;;;;;;;00000000;;;;;;;;;;;;;;;;;;;;
USSU-VSF05;2;;0ADC9D1324481EE7AADFB8CDBC855317;;BPINST20171007011850;VF Vendor 05;VF Vendor 05;BPINST;20171007;011850;;00000000;000000;;;;;;VF Vendor 05;;;;0000000;00000;0;;00000000;00000000;;;;;;0003;;;;;0002;;;;;;;;VSF05;;VF VENDOR 05;;;;X;00000000;;;;;;;;;;;;;;;;;;00000000;;;;;;;;;;;;;;;;;;;;
USSU-VSF07;2;;0ADC9D1324481EE7AADFB8CDBC871317;;BPINST20171007011850;VF Vendor 07;VF Vendor 07;BPINST;20171007;011850;;00000000;000000;;;;;;VF Vendor 07;;;;0000000;00000;0;;00000000;00000000;;;;;;0003;;;;;0002;;;;;;;;VSF07;;VF VENDOR 07;;;;X;00000000;;;;;;;;;;;;;;;;;;00000000;;;;;;;;;;;;;;;;;;;;
USCU_L01;2;;0ADC9D1324481ED7AB8F8004ED6B596F;;BPINST20171008225704;Skymart Corp;Skymart Corp;BPINST;20171008;225704;;00000000;000000;;;;;;Skymart Corp;;;;0000000;00000;0;;00000000;00000000;;;;;;0003;;;;;0002;;;;;;;;CBK01;;SKYMART CORP;;;;X;00000000;;;;;;;;;;;;;;;;;;00000000;;;;;;;;;;;;;;;;;;;;
0017154802;2;;0ECF98CB3DD71EDC8CA42A047CC981BA;;BPINST20221017192251;JIT Company;JIT Company;BPINST;20211019;211248;BPINST;20221017;192251;;;;;;JIT Company;;;;0000000;00000;0;;00000000;00000000;;;;;;0003;;;;;BP03;;;;;;;;JIT;;JIT COMPANY;;;;X;00000000;;;;;;;;;;;;;;;;;;00000000;;;;;;;;;;;;;;;;;;;;
0010300273;2;;0EB063A8AB041ED7ACEF72EE81A87C46;;BPINST20171017204208;Inlandslieferant DE CPD;Inlandslieferant DE CPD;BPINST;20171017;204208;;00000000;000000;;;;;;Inlandslieferant DE CPD;;;;0000000;00000;0;01;00000000;00000000;;;;;;0003;;;;;CPDS;;;;;;;;SUP1T;;INLANDSLIEFERANT DE CPD;;;;X;00000000;;;;;;;;;;;;;;;;;;00000000;;;;;;;;;;;;;;;;;;;;
DVVEND_DE;2;;41734E1583BB1EED93C8BB11C5CF2D20;;BPINST20221017180221;Digital Vehicle Vendor Company;Digital Vehicle Vendor Company;BPINST;20221017;180221;;00000000;000000;;;;;;Digital Vehicle Vendor Company;;;;0000000;00000;0;;00000000;00000000;;;;;;0003;;;;;BPAB;;;;;;;;DIGITAL VEHICLE VEND;;DIGITAL VEHICLE VENDOR COMPANY;;;;X;00000000;;;;;;;;;;;;;;;;;;00000000;;;;;;;;;;;;;;;;;;;;
DVCUST_DE;2;;41734E1583BB1EED93C8BB54B8062D20;;BPINST20221017180225;Digital Vehicle Customer Company;Digital Vehicle Customer Company;BPINST;20221017;180225;;00000000;000000;;;;;;Digital Vehicle Customer Company;;;;0000000;00000;0;;00000000;00000000;;;;;;0003;;;;;BPAB;;;;;;;;DIGITAL VEHICLE CUST;;DIGITAL VEHICLE CUSTOMER COMPANY;;;;X;00000000;;;;;;;;;;;;;;;;;;00000000;;;;;;;;;;;;;;;;;;;;
0010100051;2;;0EB063A8AB041ED7ACF0C716ADEF7F21;;BPINST20190925234410;Ausländischer Kunde 51 (FR);Ausländischer Kunde 51 (FR);BPINST;20171017;215816;BPINST;20190925;234410;;;;;;Ausländischer Kunde 51 (FR);;;;0000000;00000;0;01;00000000;00000000;;;;;;0003;;;;;BP03;;;;;;;;KUNDE51;;AUSLÄNDISCHER KUNDE 51 (FR);;;;X;00000000;;;;;;;;;;;;;;;;;;00000000;;;;;;;;;;;;;;;;;;;;
BP_US_07;1;;892DA59289801EED9998247003695921;0000026337;S4H_FIN20221115004754;John Miller;John Miller;S4H_FIN;20221115;004754;;00000000;000000;;;John;Miller;;;;;;0000000;00000;0;;00000000;00000000;;X;;X;;0002;;;;;BPAB;;;;;;;;;;MILLER;JOHN;;;X;00000000;;;;;;;;;;;;;;;;;;00000000;;;;;;2;;;;;;;;;;;;;;
0000055555;2;;DB798EDB083A1EDEA0F53D8C1CBCCA51;;BPINST20231115112738;Risk BP;Risk BP;BPINST;20231115;112738;;00000000;000000;;;;;;Risk BP;;;;0000000;00000;0;;00000000;00000000;;;;;;;;;;;BP01;;;;;;;;;;RISK BP;;;;X;00000000;;;;;;;;;;;;;;;;;;00000000;;;;;;;;;;;;;;;;;;;;
0010100050;2;;0EB063A8AB041ED7ACF0C2395346BF1E;;BPINST20171017215732;Ausländischer Kunde 50 (US);Ausländischer Kunde 50 (US);BPINST;20171017;215732;;00000000;000000;;;;;;Ausländischer Kunde 50 (US);;;;0000000;00000;0;01;00000000;00000000;;;;;;0003;;;;;BP03;;;;;;;;KUNDE50;;AUSLÄNDISCHER KUNDE 50 (US);;;;X;00000000;;;;;;;;;;;;;;;;;;00000000;;;;;;;;;;;;;;;;;;;;
0010100060;2;;0EB063A8AB041ED7AD846DEDD032AA48;;BPINST20251016081853;Foreign DE Customer 60 (HU);Foreign DE Customer 60 (HU);BPINST;20171018;164358;BPINST;20251016;081853;;;;;;Foreign DE Customer 60 (HU);;;;0000000;00000;0;01;00000000;00000000;;;;;;0003;;;;;BP03;;;;;;;;KUNDE1;;FOREIGN DE CUSTOMER 60 (HU);;;;X;00000000;;;;;;;;;;;;;;;;;;00000000;;;;;;;;;;;;;;;;;;;;
0010100001;2;;0EB063A8AB041ED7ACEF50695CC4BC10;;BPINST20231016190336;Inlandskunde DE 1;Inlandskunde DE 1;BPINST;20171017;203639;BPINST;20231016;190336;;;;;;Inlandskunde DE 1;;KUNDE1;;0000000;00000;0;01;00000000;00000000;;;;;;0003;;;;;BP03;;;;;;;;;;INLANDSKUNDE DE 1;;;;X;00000000;;;;;;;;;;;;;;;;;;00000000;;;;;;;;;;;;;;;;;;;;
0010300096;2;;0ECF98CB3DD71EDC8C9F7F78FA69C1BA;;BPINST20221017173659;DE - Royalties Recipient;DE - Royalties Recipient;BPINST;20211019;164535;BPINST;20221017;173659;;;;;;DE - Royalties Recipient;;;;0000000;00000;0;01;00000000;00000000;;;;;;0003;;;;;BP03;;;;;;;;LIEF1;;DE - ROYALTIES RECIPIENT;;;;X;00000000;;;;;;;;;;;;;;;;;;00000000;;;;;;;;;;;;;;;;;;;;
0010100002;2;;0EB063A8AB041ED7ACEF635E519F3C3C;;SAP_WFRT20231115161054;Inlandskunde DE 2;Inlandskunde DE 2;BPINST;20171017;203838;SAP_WFRT;20231115;161054;;;;;;Inlandskunde DE 2;;;;0000000;00000;0;01;00000000;00000000;;;;;;0003;;;;;BP03;;;;;;;;$KUNDE;;INLANDSKUNDE DE 2;;;;X;00000000;;;;;;;;;;;;;;;;;;00000000;;;;;;;;;;;;;;;;;;;;
BP_DE_99;2;;0ECF98CB3DD71EDC8C9F2B3B738401BA;;BPINST20251016083005;Inlandskunde DE 99;Inlandskunde DE 99;BPINST;20211019;162645;BPINST;20251016;083005;;;;;;Inlandskunde DE 99;;;;0000000;00000;0;01;00000000;00000000;;;;;;;;;;;BPAB;;;;;;;;FICA CUSTOMER DE;;INLANDSKUNDE DE 99;;;;X;00000000;;;;;;;;;;;;;;;;;;00000000;;;;;;;;;;;;;;;;;;;;
0010300080;2;;0EB063A8AB041EE7ACF81C24278E6F33;;BPINST20171018045829;Inlandslieferant DE (Ariba Netzwerk);Inlandslieferant DE (Ariba Netzwerk);BPINST;20171018;045829;;00000000;000000;;;;;;Inlandslieferant DE (Ariba Netzwerk);;;;0000000;00000;0;01;00000000;00000000;;;;;;0003;;;;;BP03;;;;;;;;LIEF80;;INLANDSLIEFERANT DE (ARIBA NETZWERK;;;;X;00000000;;;;;;;;;;;;;;;;;;00000000;;;;;;;;;;;;;;;;;;;;
0010300081;2;;0EB063A8AB041EE7ACF820A1307DAF34;;BPINST20171018045906;Inlandslieferant DE (Ariba Sourcing 1);Inlandslieferant DE (Ariba Sourcing 1);BPINST;20171018;045906;;00000000;000000;;;;;;Inlandslieferant DE (Ariba Sourcing 1);;;;0000000;00000;0;01;00000000;00000000;;;;;;0003;;;;;BP03;;;;;;;;LIEF81;;INLANDSLIEFERANT DE (ARIBA SOURCING;;;;X;00000000;;;;;;;;;;;;;;;;;;00000000;;;;;;;;;;;;;;;;;;;;
0010300082;2;;0EB063A8AB041EE7ACF8234576ED2F37;;S4H_FIN20171019062809;Inlandslieferant DE (Ariba Sourcing 2);Inlandslieferant DE (Ariba Sourcing 2);BPINST;20171018;045942;S4H_FIN;20171019;062809;;;;;;Inlandslieferant DE (Ariba Sourcing 2);;;;0000000;00000;0;01;00000000;00000000;;;;;;0003;;;;;BP03;;;;;;;;LIEF82;;INLANDSLIEFERANT DE (ARIBA SOURCING;;;;X;00000000;;;;;;;;;;;;;;;;;;00000000;;;;;;;;;;;;;;;;;;;;
0010300083;2;;0EB063A8AB041EE7ACF8261D80506F57;;BPINST20171018050020;Inlandslieferant DE (Ariba Sourcing 3);Inlandslieferant DE (Ariba Sourcing 3);BPINST;20171018;050020;;00000000;000000;;;;;;Inlandslieferant DE (Ariba Sourcing 3);;;;0000000;00000;0;01;00000000;00000000;;;;;;0003;;;;;BP03;;;;;;;;LIEF83;;INLANDSLIEFERANT DE (ARIBA SOURCING;;;;X;00000000;;;;;;;;;;;;;;;;;;00000000;;;;;;;;;;;;;;;;;;;;
0010300090;2;;0EB063A8AB041EE7ACF84657FF91EF90;;BPINST20171018050756;Inlandslieferant DE (Ariba FIN);Inlandslieferant DE (Ariba FIN);BPINST;20171018;050756;;00000000;000000;;;;;;Inlandslieferant DE (Ariba FIN);;;;0000000;00000;0;01;00000000;00000000;;;;;;0003;;;;;BP03;;;;;;;;LIEF90;;INLANDSLIEFERANT DE (ARIBA FIN);;;;X;00000000;;;;;;;;;;;;;;;;;;00000000;;;;;;;;;;;;;;;;;;;;
BP1010;2;;0EB063A8AB041ED7AD8914E30EB2B49C;;BPINST20201016155417;WERK 1;WERK 1;BPINST;20171018;211023;BPINST;20201016;155417;;;;;;WERK 1;;;;0000000;00000;0;;00000000;00000000;;;;;;0003;;;;;BPAB;;;;;;;;EWM;;WERK 1;;;;X;00000000;;;;;;;;;;;;;;;;;;00000000;;;;;;;;;;;;;;;;;;;;
0010401010;2;;41734E1583BB1EED93C8CE924DEE8DB8;;SAP_WFRT20231115161054;Buchungskreis 1010 als Geschäftspartner;Buchungskreis 1010 als Geschäftspartner;BPINST;20221017;180642;SAP_WFRT;20231115;161054;;;;;;Buchungskreis 1010 als Geschäftspartner;;;;0000000;00000;0;01;00000000;00000000;;;;;;0003;;;;;BP03;;;;;;;;$KUNDE;;BUCHUNGSKREIS 1010 ALS GESCHÄFTSPAR;;;;X;00000000;;;;;;;;;;;;;;;;;;00000000;;;;;;;;;;;;;;;;;;;;
0010300007;2;;0EB063A8AB041EE7ACF836A4F337AF62;;BPINST20171018050425;Inland-Lohnbearbeiter A, DE;Inland-Lohnbearbeiter A, DE;BPINST;20171018;050425;;00000000;000000;;;;;;Inland-Lohnbearbeiter A, DE;;;;0000000;00000;0;01;00000000;00000000;;;;;;0003;;;;;BP03;;;;;;;;VEN-SUBCON;;INLAND-LOHNBEARBEITER A, DE;;;;X;00000000;;;;;;;;;;;;;;;;;;00000000;;;;;;;;;;;;;;;;;;;;
0010100005;2;;0EB063A8AB041ED7ACEFF51CDA13BD63;;BPINST20231016190502;Inlandskunde DE 5 (CMS);Inlandskunde DE 5 (CMS);BPINST;20171017;211139;BPINST;20231016;190502;;;;;;Inlandskunde DE 5 (CMS);;;;0000000;00000;0;01;00000000;00000000;;;;;;0003;;;;;BP03;;;;;;;;KUNDE5;;INLANDSKUNDE DE 5 (CMS);;;;X;00000000;;;;;;;;;;;;;;;;;;00000000;;;;;;;;;;;;;;;;;;;;
EWM10-SU01;2;;0EB063A8AB041ED7AD88D2FCD96E7410;;BPINST20171018205538;EWM-Lieferant 01;EWM-Lieferant 01;BPINST;20171018;205538;;00000000;000000;;;;;;EWM-Lieferant 01;;;;0000000;00000;0;;00000000;00000000;;;;;;0003;;;;;BPAB;;;;;;;;EWM;;EWM-LIEFERANT 01;;;;X;00000000;;;;;;;;;;;;;;;;;;00000000;;;;;;;;;;;;;;;;;;;;
0010300003;2;;0AD0658A6F041EE8B7938756DD8527C4;;BPINST20181030234351;Inlandslieferant DE 3 (mit ERS);Inlandslieferant DE 3 (mit ERS);BPINST;20181030;233412;BPINST;20181030;234351;;;;;;Inlandslieferant DE 3 (mit ERS);;;;0000000;00000;0;01;00000000;00000000;;;;;;0003;;;;;BP03;;;;;;;;LIEF3;;INLANDSLIEFERANT DE 3 (MIT ERS);;;;X;00000000;;;;;;;;;;;;;;;;;;00000000;;;;;;;;;;;;;;;;;;;;
0010411010;2;;0FD6BE8AF4491EED9AF01215F45241E2;;SAP_WFRT20231115161054;Werk 1010 als Geschäftspartner;Werk 1010 als Geschäftspartner;S4H_FIN;20221123;145026;SAP_WFRT;20231115;161054;;;;;;Werk 1010 als Geschäftspartner;;;;0000000;00000;0;01;00000000;00000000;;;;;;0003;;;;;BP03;;;;;;;;$KUNDE;;WERK 1010 ALS GESCHÄFTSPARTNER;;;;X;00000000;;;;;;;;;;;;;;;;;;00000000;;;;;;;;;;;;;;;;;;;;
0017100007;2;;0ADC9D1324481EE7AABEDE4E91D7B7C9;;SAP_WFRT20231115161054;Domestic US Subcontractor A;Domestic US Subcontractor A;BPINST;20171005;180019;SAP_WFRT;20231115;161054;;;;;;Domestic US Subcontractor A;;;;0000000;00000;0;01;00000000;00000000;;;;;;0003;;;;;BP03;;;;;;;;CUST-SUBCON;;DOMESTIC US SUBCONTRACTOR A;;;;X;00000000;;;;;;;;;;;;;;;;;;00000000;;;;;;;;;;;;;;;;;;;;
0017100003;2;;0ADC9D1324481ED7AAB31F942632FE06;;SAP_WFRT20231115161054;Domestic Customer US 3;Domestic Customer US 3;BPINST;20171005;064745;SAP_WFRT;20231115;161054;;;;;;Domestic Customer US 3;;;;0000000;00000;0;01;00000000;00000000;;;;;;0003;;;;;BP03;;;;;;;;CUSTUS3;;DOMESTIC CUSTOMER US 3;;;;X;00000000;;;;;;;;;;;;;;;;;;00000000;;;;;;;;;;;;;;;;;;;;
0017100014;2;;0AD0658A6F041EE8B2FC3D6C2A467BCA;;BPINST20221017182932;PAYER - Central;PAYER - Central;BPINST;20181009;164003;BPINST;20221017;182932;;;;;;PAYER - Central;;;;0000000;00000;0;01;00000000;00000000;;;;;;0003;;;;;BP03;;;;;;;;INVOICE LIST;;PAYER - CENTRAL;;;;X;00000000;;;;;;;;;;;;;;;;;;00000000;;;;;;;;;;;;;;;;;;;;
0010300001;2;;0EB063A8AB041ED7ACEF6AA705003C3F;;S4H_FIN20171019035048;Inlandslieferant DE 1;Inlandslieferant DE 1;BPINST;20171017;204048;S4H_FIN;20171019;035048;;;;;;Inlandslieferant DE 1;;;;0000000;00000;0;01;00000000;00000000;;;;;;0003;;;;;BP03;;;;;;;;LIEF1;;INLANDSLIEFERANT DE 1;;;;X;00000000;;;;;;;;;;;;;;;;;;00000000;;;;;;;;;;;;;;;;;;;;
0017100004;2;;0ADC9D1324481ED7AAB32414EA34FE07;;SAP_WFRT20231115161054;Domestic Customer US 4;Domestic Customer US 4;BPINST;20171005;064823;SAP_WFRT;20231115;161054;;;;;;Domestic Customer US 4;;;;0000000;00000;0;01;00000000;00000000;;;;;;0003;;;;;BP03;;;;;;;;CUSTUS4;;DOMESTIC CUSTOMER US 4;;;;X;00000000;;;;;;;;;;;;;;;;;;00000000;;;;;;;;;;;;;;;;;;;;
0017100006;2;;0ADC9D1324481ED7AAB326E895F03E09;;SAP_WFRT20231115161054;Domestic Customer US 6 (Returns);Domestic Customer US 6 (Returns);BPINST;20171005;064900;SAP_WFRT;20231115;161054;;;;;;Domestic Customer US 6 (Returns);;;;0000000;00000;0;01;00000000;00000000;;;;;;0003;;;;;BP03;;;;;;;;CUSTUS6;;DOMESTIC CUSTOMER US 6 (RETURNS);;;;X;00000000;;;;;;;;;;;;;;;;;;00000000;;;;;;;;;;;;;;;;;;;;
0017300006;2;;0ADC9D1324481ED7AAB332DE1E31BE2F;;BPINST20221017182936;Domestic US Supplier 6 (Returns);Domestic US Supplier 6 (Returns);BPINST;20171005;065205;BPINST;20221017;182936;;;;;;Domestic US Supplier 6 (Returns);;;;0000000;00000;0;01;00000000;00000000;;;;;;0003;;;;;BP03;;;;;;;;SUPLUS6;;DOMESTIC US SUPPLIER 6 (RETURNS);;;;X;00000000;;;;;;;;;;;;;;;;;;00000000;;;;;;;;;;;;;;;;;;;;
0017100273;2;;0ADC9D1324481ED7AAB35FEEDA7EFE8A;;BPINST20221017183016;Domestic US CPD;Domestic US CPD;BPINST;20171005;070213;BPINST;20221017;183016;;;;;;Domestic US CPD;;;;0000000;00000;0;01;00000000;00000000;;;;;;0003;;;;;CPDS;;;;;;;;;;DOMESTIC US CPD;;;;X;00000000;;;;;;;;;;;;;;;;;;00000000;;;;;;;;;;;;;;;;;;;;
0017300080;2;;0ADC9D1324481EE7AABECC23B4CD7798;;BPINST20221017183853;Domestic US Supplier (Ariba Network);Domestic US Supplier (Ariba Network);BPINST;20171005;175615;BPINST;20221017;183853;;;;;;Domestic US Supplier (Ariba Network);;;;0000000;00000;0;01;00000000;00000000;;;;;;0003;;;;;BP03;;;;;;;;SUPL80;;DOMESTIC US SUPPLIER (ARIBA NETWORK;;;;X;00000000;;;;;;;;;;;;;;;;;;00000000;;;;;;;;;;;;;;;;;;;;
USCU_L04;2;;0ADC9D1324481ED7AB8F801FF783B96F;;BPINST20171008225704;Quotex;Quotex;BPINST;20171008;225704;;00000000;000000;;;;;;Quotex;;;;0000000;00000;0;;00000000;00000000;;;;;;0003;;;;;0002;;;;;;;;CBK10;;QUOTEX;;;;X;00000000;;;;;;;;;;;;;;;;;;00000000;;;;;;;;;;;;;;;;;;;;
USCU_L05;2;;0ADC9D1324481ED7AB8F801FF784996F;;BPINST20171008225704;Bluestar Corp;Bluestar Corp;BPINST;20171008;225704;;00000000;000000;;;;;;Bluestar Corp;;;;0000000;00000;0;;00000000;00000000;;;;;;0003;;;;;0002;;;;;;;;CBK11;;BLUESTAR CORP;;;;X;00000000;;;;;;;;;;;;;;;;;;00000000;;;;;;;;;;;;;;;;;;;;
USCU_L02;2;;0ADC9D1324481ED7AB8F801FF781F96F;;BPINST20171008225704;Toys4U;Toys4U;BPINST;20171008;225704;;00000000;000000;;;;;;Toys4U;;;;0000000;00000;0;;00000000;00000000;;;;;;0003;;;;;0002;;;;;;;;CBK02;;TOYS4U;;;;X;00000000;;;;;;;;;;;;;;;;;;00000000;;;;;;;;;;;;;;;;;;;;
USCU_L07;2;;0ADC9D1324481ED7AB8F801FF786596F;;BPINST20171008225704;Interlude Inc;Interlude Inc;BPINST;20171008;225704;;00000000;000000;;;;;;Interlude Inc;;;;0000000;00000;0;;00000000;00000000;;;;;;0003;;;;;0002;;;;;;;;CBK13;;INTERLUDE INC;;;;X;00000000;;;;;;;;;;;;;;;;;;00000000;;;;;;;;;;;;;;;;;;;;
USCU_L03;2;;0ADC9D1324481ED7AB8F801FF782D96F;;BPINST20171008225704;Viadox;Viadox;BPINST;20171008;225704;;00000000;000000;;;;;;Viadox;;;;0000000;00000;0;;00000000;00000000;;;;;;0003;;;;;0002;;;;;;;;CBK03;;VIADOX;;;;X;00000000;;;;;;;;;;;;;;;;;;00000000;;;;;;;;;;;;;;;;;;;;
USCU_L06;2;;0ADC9D1324481ED7AB8F801FF785796F;;BPINST20171008225704;Dexon;Dexon;BPINST;20171008;225704;;00000000;000000;;;;;;Dexon;;;;0000000;00000;0;;00000000;00000000;;;;;;0003;;;;;0002;;;;;;;;CBK12;;DEXON;;;;X;00000000;;;;;;;;;;;;;;;;;;00000000;;;;;;;;;;;;;;;;;;;;
USCU_L08;2;;0ADC9D1324481ED7AB8F801FF787396F;;BPINST20171008225704;Veracity;Veracity;BPINST;20171008;225704;;00000000;000000;;;;;;Veracity;;;;0000000;00000;0;;00000000;00000000;;;;;;0003;;;;;0002;;;;;;;;CBK14;;VERACITY;;;;X;00000000;;;;;;;;;;;;;;;;;;00000000;;;;;;;;;;;;;;;;;;;;
USCU_L10;2;;0ADC9D1324481ED7AB8F801FF788F96F;;BPINST20171008225704;CostClub;CostClub;BPINST;20171008;225704;;00000000;000000;;;;;;CostClub;;;;0000000;00000;0;;00000000;00000000;;;;;;0003;;;;;0002;;;;;;;;CBK23;;COSTCLUB;;;;X;00000000;;;;;;;;;;;;;;;;;;00000000;;;;;;;;;;;;;;;;;;;;
USCU_S01;2;;0ADC9D1324481ED7AB8F801FF789D96F;;BPINST20171008225704;Performance Bikes;Performance Bikes;BPINST;20171008;225704;;00000000;000000;;;;;;Performance Bikes;;;;0000000;00000;0;;00000000;00000000;;;;;;0003;;;;;0002;;;;;;;;CBK04;;PERFORMANCE BIKES;;;;X;00000000;;;;;;;;;;;;;;;;;;00000000;;;;;;;;;;;;;;;;;;;;
USCU_S03;2;;0ADC9D1324481ED7AB8F801FF78B996F;;BPINST20171008225704;Eastside Bikes;Eastside Bikes;BPINST;20171008;225704;;00000000;000000;;;;;;Eastside Bikes;;;;0000000;00000;0;;00000000;00000000;;;;;;0003;;;;;0002;;;;;;;;CBK06;;EASTSIDE BIKES;;;;X;00000000;;;;;;;;;;;;;;;;;;00000000;;;;;;;;;;;;;;;;;;;;
USCU_L09;2;;0ADC9D1324481ED7AB8F801FF788196F;;BPINST20171008225704;Bigmart;Bigmart;BPINST;20171008;225704;;00000000;000000;;;;;;Bigmart;;;;0000000;00000;0;;00000000;00000000;;;;;;0003;;;;;0002;;;;;;;;CBK22;;BIGMART;;;;X;00000000;;;;;;;;;;;;;;;;;;00000000;;;;;;;;;;;;;;;;;;;;
USCU_S02;2;;0ADC9D1324481ED7AB8F801FF78AB96F;;BPINST20171008225704;Custom Sports;Custom Sports;BPINST;20171008;225704;;00000000;000000;;;;;;Custom Sports;;;;0000000;00000;0;;00000000;00000000;;;;;;0003;;;;;0002;;;;;;;;CBK05;;CUSTOM SPORTS;;;;X;00000000;;;;;;;;;;;;;;;;;;00000000;;;;;;;;;;;;;;;;;;;;
USCU_S05;2;;0ADC9D1324481ED7AB8F801FF78D596F;;BPINST20171008225704;Greater Hartford Area;Greater Hartford Area;BPINST;20171008;225704;;00000000;000000;;;;;;Greater Hartford Area;;;;0000000;00000;0;;00000000;00000000;;;;;;0003;;;;;0002;;;;;;;;CBK08;;GREATER HARTFORD AREA;;;;X;00000000;;;;;;;;;;;;;;;;;;00000000;;;;;;;;;;;;;;;;;;;;
BP1710;2;;0ADC9D1324481ED7AAC44F9E9FE6244E;;S4H_SD_DEM20221129004142;Plant 1;Plant 1;BPINST;20171005;231203;S4H_SD_DEM;20221129;004142;;;;;;Plant 1;;;;0000000;00000;0;;00000000;00000000;;;;;;0003;;;;;BPAB;;;;;;;;EWM;;PLANT 1;;;;X;00000000;;;;;;;;;;;;;;;;;;00000000;;;;;;;;;;;;;;;;;;;;
USCU_S08;2;;0ADC9D1324481ED7AB8F801FF78FF96F;;BPINST20221129183256;Velocity Cycles;Velocity Cycles;BPINST;20171008;225704;BPINST;20221129;183256;;;;;;Velocity Cycles;;;;0000000;00000;0;;00000000;00000000;;;;;;0003;;;;;0002;;;;;;;;CBK16;;VELOCITY CYCLES;;;;X;00000000;;;;;;;;;;;;;;;;;;00000000;;;;;;;;;;;;;;;;;;;;
0010300095;2;;0AD0658A6F041EE8B7953B9D55482A1B;;BPINST20221017173526;DE - Sales Commission Recipient;DE - Sales Commission Recipient;BPINST;20181031;011147;BPINST;20221017;173526;;;;;;DE - Sales Commission Recipient;;;;0000000;00000;0;01;00000000;00000000;;;;;;0003;;;;;BP03;;;;;;;;LIEF1;;DE - SALES COMMISSION RECIPIENT;;;;X;00000000;;;;;;;;;;;;;;;;;;00000000;;;;;;;;;;;;;;;;;;;;
USCU_S07;2;;0ADC9D1324481ED7AB8F801FF78F196F;;BPINST20171008225704;Westend Cycles;Westend Cycles;BPINST;20171008;225704;;00000000;000000;;;;;;Westend Cycles;;;;0000000;00000;0;;00000000;00000000;;;;;;0003;;;;;0002;;;;;;;;CBK15;;WESTEND CYCLES;;;;X;00000000;;;;;;;;;;;;;;;;;;00000000;;;;;;;;;;;;;;;;;;;;
USCU_S09;2;;0ADC9D1324481ED7AB8F801FF790D96F;;BPINST20171008225704;Greenhigh Bikes;Greenhigh Bikes;BPINST;20171008;225704;;00000000;000000;;;;;;Greenhigh Bikes;;;;0000000;00000;0;;00000000;00000000;;;;;;0003;;;;;0002;;;;;;;;CBK17;;GREENHIGH BIKES;;;;X;00000000;;;;;;;;;;;;;;;;;;00000000;;;;;;;;;;;;;;;;;;;;
USCU_S10;2;;0ADC9D1324481ED7AB8F801FF791B96F;;BPINST20171008225704;Turbo Bikes;Turbo Bikes;BPINST;20171008;225704;;00000000;000000;;;;;;Turbo Bikes;;;;0000000;00000;0;;00000000;00000000;;;;;;0003;;;;;0002;;;;;;;;CBK18;;TURBO BIKES;;;;X;00000000;;;;;;;;;;;;;;;;;;00000000;;;;;;;;;;;;;;;;;;;;
USCU_S14;2;;0ADC9D1324481ED7AB8F801FF795396F;;BPINST20171008225704;Cityscape Cycles;Cityscape Cycles;BPINST;20171008;225704;;00000000;000000;;;;;;Cityscape Cycles;;;;0000000;00000;0;;00000000;00000000;;;;;;0003;;;;;0002;;;;;;;;CBK24;;CITYSCAPE CYCLES;;;;X;00000000;;;;;;;;;;;;;;;;;;00000000;;;;;;;;;;;;;;;;;;;;
USCU_S11;2;;0ADC9D1324481ED7AB8F801FF792996F;;BPINST20171008225704;Bike World;Bike World;BPINST;20171008;225704;;00000000;000000;;;;;;Bike World;;;;0000000;00000;0;;00000000;00000000;;;;;;0003;;;;;0002;;;;;;;;CBK19;;BIKE WORLD;;;;X;00000000;;;;;;;;;;;;;;;;;;00000000;;;;;;;;;;;;;;;;;;;;
USCU_S12;2;;0ADC9D1324481ED7AB8F801FF793796F;;BPINST20171008225704;Century Cycles;Century Cycles;BPINST;20171008;225704;;00000000;000000;;;;;;Century Cycles;;;;0000000;00000;0;;00000000;00000000;;;;;;0003;;;;;0002;;;;;;;;CBK20;;CENTURY CYCLES;;;;X;00000000;;;;;;;;;;;;;;;;;;00000000;;;;;;;;;;;;;;;;;;;;
USCU_S13;2;;0ADC9D1324481ED7AB8F801FF794596F;;BPINST20171008225704;Rolling Bike Shop;Rolling Bike Shop;BPINST;20171008;225704;;00000000;000000;;;;;;Rolling Bike Shop;;;;0000000;00000;0;;00000000;00000000;;;;;;0003;;;;;0002;;;;;;;;CBK21;;ROLLING BIKE SHOP;;;;X;00000000;;;;;;;;;;;;;;;;;;00000000;;;;;;;;;;;;;;;;;;;;
USCU_S15;2;;0ADC9D1324481ED7AB8F801FF796196F;;BPINST20171008225704;Northside Bikes;Northside Bikes;BPINST;20171008;225704;;00000000;000000;;;;;;Northside Bikes;;;;0000000;00000;0;;00000000;00000000;;;;;;0003;;;;;0002;;;;;;;;CBK25;;NORTHSIDE BIKES;;;;X;00000000;;;;;;;;;;;;;;;;;;00000000;;;;;;;;;;;;;;;;;;;;
USCU_S16;2;;0ADC9D1324481ED7AB8F801FF796F96F;;BPINST20171008225704;Gogo Bikes;Gogo Bikes;BPINST;20171008;225704;;00000000;000000;;;;;;Gogo Bikes;;;;0000000;00000;0;;00000000;00000000;;;;;;0003;;;;;0002;;;;;;;;CBK26;;GOGO BIKES;;;;X;00000000;;;;;;;;;;;;;;;;;;00000000;;;;;;;;;;;;;;;;;;;;
USCU_S17;2;;0ADC9D1324481ED7AB8F801FF797D96F;;BPINST20171008225704;Bikepros;Bikepros;BPINST;20171008;225704;;00000000;000000;;;;;;Bikepros;;;;0000000;00000;0;;00000000;00000000;;;;;;0003;;;;;0002;;;;;;;;CBK27;;BIKEPROS;;;;X;00000000;;;;;;;;;;;;;;;;;;00000000;;;;;;;;;;;;;;;;;;;;
0010300002;2;;0EB063A8AB041ED7ACEF6FDB0254FC46;;BPINST20171017204127;Inlandslieferant DE 2;Inlandslieferant DE 2;BPINST;20171017;204127;;00000000;000000;;;;;;Inlandslieferant DE 2;;;;0000000;00000;0;01;00000000;00000000;;;;;;0003;;;;;BP03;;;;;;;;LIEF2;;INLANDSLIEFERANT DE 2;;;;X;00000000;;;;;;;;;;;;;;;;;;00000000;;;;;;;;;;;;;;;;;;;;
0010910005;1;;0EB063A8AB041ED7ACEF794905B5BC69;0000023751;BPINST20171017204357;Alina Müller;Alina Müller;BPINST;20171017;204357;;00000000;000000;;;Alina;Müller;;;;;;0000000;00000;0;;00000000;00000000;;;X;;;0001;;;;;BP03;;;;;;D;;10910005;;MÜLLER;ALINA;;;X;00000000;;;;;;;;;;;;;;;;;;00000000;;;;;;1;;;;;;;;;;;;;;
0010910006;1;;0EB063A8AB041ED7ACEF7F13E4A43C6C;0000023755;BPINST20171017204452;Alexander Linke;Alexander Linke;BPINST;20171017;204452;;00000000;000000;;;Alexander;Linke;;;;;;0000000;00000;0;;00000000;00000000;;;;X;;0002;;;;;BP03;;;;;;D;;10910006;;LINKE;ALEXANDER;;;X;00000000;;;;;;;;;;;;;;;;;;00000000;;;;;;2;;;;;;;;;;;;;;
0010910007;1;;0EB063A8AB041ED7ACEF81CDF6E1BC6F;0000023759;BPINST20171017204529;Barbara Meger;Barbara Meger;BPINST;20171017;204529;;00000000;000000;;;Barbara;Meger;;;;;;0000000;00000;0;;00000000;00000000;;;X;;;0001;;;;;BP03;;;;;;D;;10910007;;MEGER;BARBARA;;;X;00000000;;;;;;;;;;;;;;;;;;00000000;;;;;;1;;;;;;;;;;;;;;
0010910008;1;;0EB063A8AB041ED7ACEF848776EE3C6F;0000023763;BPINST20171017204605;Bernd Fischer;Bernd Fischer;BPINST;20171017;204605;;00000000;000000;;;Bernd;Fischer;;;;;;0000000;00000;0;;00000000;00000000;;;;X;;0002;;;;;BP03;;;;;;D;;10910008;;FISCHER;BERND;;;X;00000000;;;;;;;;;;;;;;;;;;00000000;;;;;;2;;;;;;;;;;;;;;
0010154801;2;;1246368BD7AA1ED9B8972570906A4962;;BPINST20221017173553;JIT Company;JIT Company;BPINST;20190926;235552;BPINST;20221017;173553;;;;;;JIT Company;;;;0000000;00000;0;;00000000;00000000;;;;;;0003;;;;;BP03;;;;;;;;JIT;;JIT COMPANY;;;;X;00000000;;;;;;;;;;;;;;;;;;00000000;;;;;;;;;;;;;;;;;;;;
0017411710;2;;1258E2B9D8101EE88090E0AD72DA5C75;;S4H_SD_DEM20221127010410;Plant 1710 US;Plant 1710 US;S4H_TM_TP;20180123;214835;S4H_SD_DEM;20221127;010410;;;;;;Plant 1710 US;;;;0000000;00000;0;01;00000000;00000000;;;;;;;;;;;BP03;;;;;;;;PLNT1710;;PLANT 1710 US;;;;X;00000000;;;;;;;;;;;;;;;;;;00000000;;;;;;;;;;;;;;;;;;;;
0010154802;2;;0ECF98CB3DD71EDC8CA022C9CD5F81BA;;BPINST20221017175744;JIT Company;JIT Company;BPINST;20211019;172207;BPINST;20221017;175744;;;;;;JIT Company;;;;0000000;00000;0;;00000000;00000000;;;;;;0003;;;;;BP03;;;;;;;;JIT;;JIT COMPANY;;;;X;00000000;;;;;;;;;;;;;;;;;;00000000;;;;;;;;;;;;;;;;;;;;
0010186004;1;;A505C9AF5F3E1EEFA3A782E970238966;0000027049;BPINST20241018103118;Jan Gilg;Jan Gilg;BPINST;20241018;103109;BPINST;20241018;103118;;;Jan;Gilg;;;;;;0000000;00000;0;;00000000;00000000;;X;;X;;0002;;;;;BP03;;;;;;D;;TMKUNDE4;;GILG;JAN;;;X;00000000;;;;;;;;;;;;;;;;;;00000000;;;;;;2;;;;;;;;;;;;;;
0010186005;2;;A505C9AF5F3E1EEFA3A782E9702C4966;;BPINST20241018103120;TM Inlandskunde DE 1;TM Inlandskunde DE 1;BPINST;20241018;103111;BPINST;20241018;103120;;;;;;TM Inlandskunde DE 1;;;;0000000;00000;0;01;00000000;00000000;;;;;;0003;;;;;BP03;;;;;;;;TMKUNDE1;;TM INLANDSKUNDE DE 1;;;;X;00000000;;;;;;;;;;;;;;;;;;00000000;;;;;;;;;;;;;;;;;;;;
9980000091;1;;0AD0658A6F041ED8B8D05207358B52F5;0000024587;SAP_SYSTEM20241103000052;Tina Team Member;Tina Team Member;BPINST;20181107;114502;SAP_SYSTEM;20241103;000052;;;Tina;Team Member;Tina Team Member;;;;;0000000;00000;0;;00000000;00000000;;X;X;;;0001;;;;;BPEE;;;;;;E;E;TEAM MEMBER;TINA;TEAM MEMBER;TINA;;;X;19800707;;;;;;;;;;;DE;;;;;;;00000000;K;;;;;1;;;;;;;;;;;;;;
9980000160;1;;0AC8D7DFA3A71EEB8A91A6F21FC2CB94;0000025646;SAP_SYSTEM20241103000057;Mark Davis;Mark Davis;BPINST;20201117;042735;SAP_SYSTEM;20241103;000057;;;Mark;Davis;Mark Davis;;;;;0000000;00000;0;;00000000;00000000;;X;X;;;0001;;;;;BPEE;;;;;;E;E;DAVIS;MARK;DAVIS;MARK;;0000025723;X;19970108;;;;;;;;;;;DE;;;;;;;00000000;K;;;;;1;;;;;;;;;;;;;;
9980000161;1;;0AC8D7DFA3A71EEB8A91C5D7B6CE0B9F;0000025651;SAP_SYSTEM20241103000058;George Smith;George Smith;BPINST;20201117;043429;SAP_SYSTEM;20241103;000058;;;George;Smith;George Smith;;;;;0000000;00000;0;;00000000;00000000;;X;;X;;0002;;;;;BPEE;;;;;;E;E;SMITH;GEORGE;SMITH;GEORGE;;0000025720;X;19970108;;;;;;;;;;;DE;;;;;;;00000000;K;;;;;2;;;;;;;;;;;;;;
9980000162;1;;0AC8D7DFA3A71EEB8A91D2FA4C3C4BA3;0000025656;SAP_SYSTEM20241103000058;Mark Johnson;Mark Johnson;BPINST;20201117;043726;SAP_SYSTEM;20241103;000058;;;Mark;Johnson;Mark Johnson;;;;;0000000;00000;0;;00000000;00000000;;X;;X;;0002;;;;;BPEE;;;;;;E;E;JOHNSON;MARK;JOHNSON;MARK;;0000025721;X;19970108;;;;;;;;;;;DE;;;;;;;00000000;K;;;;;2;;;;;;;;;;;;;;
9980000163;1;;0AC8D7DFA3A71EEB8A91E0D261DD8BA6;0000025661;SAP_SYSTEM20241103000058;Christina Miller;Christina Miller;BPINST;20201117;044032;SAP_SYSTEM;20241103;000058;;;Christina;Miller;Christina Miller;;;;;0000000;00000;0;;00000000;00000000;;X;X;;;0001;;;;;BPEE;;;;;;E;E;MILLER;CHRISTINA;MILLER;CHRISTINA;;0000025722;X;19970108;;;;;;;;;;;DE;;;;;;;00000000;K;;;;;1;;;;;;;;;;;;;;
9980000190;1;;B799D4574A1E1EDD96D412309D604232;0000026289;SAP_SYSTEM20250409002046;Luka Mayer;Luka Mayer;SERV_MAN;20221102;112200;SAP_SYSTEM;20250409;002046;;;Luka;Mayer;Luka Mayer;;;;;0000000;00000;0;;00000000;00000000;;X;X;;;0001;;;;;BPEE;;;;;;E;E;MAYER;LUKA;MAYER;LUKA;;0000026296;X;19900101;;;;;;;;;;;US;;;;;;;00000000;K;;;;;1;;;;;;;;;;;;;;
0017186006;2;;1258E2B9D8101EE8808E4F89F1B856D1;;S4H_TM_DEM20200316230125;US TM Customer6;US TM Customer6;S4H_TM_TP;20180123;192201;S4H_TM_DEM;20200316;230125;;;;;;US TM Customer6;;;;0000000;00000;0;01;00000000;00000000;;;;;;;;;;;BP03;;;;;;;;CUSTUSTM6;;US TM CUSTOMER6;;;;X;00000000;;;;;;;;;;;;;;;;;;00000000;;;;;;;;;;;;;;;;;;;;
9000000023;1;;0A7C457F45501ED991C4A6B883ED41A2;0000024864;DDIC20200213000018;Ken Dong;Ken Dong;BPINST;20190314;064844;DDIC;20200213;000018;;;Ken;Dong;Ken Dong;;;;;0000000;00000;0;;00000000;00000000;;X;;X;;0002;0001;;;;MD;;;;;;E;E;DONG;KEN;DONG;KEN;;;X;19820314;;;;;;;;;;;DE;;;;;;;00000000;K;;;;;2;;;;;;;;;;;;;;
0001000169;1;;0ECF98CB3DD71EDC8DE4D9C2A8C2E1BA;0000025947;S4H_AIF20211027130714; Simon Legrand; Simon Legrand;S4H_AIF;20211027;130714;;00000000;000000;;;;Simon Legrand;;;;;;0000000;00000;0;;00000000;00000000;;;;X;;0002;;;;;BP02;;;;;;;;;;SIMON LEGRAND;;;;X;00000000;;;;;;;;;;;;;;;;;;00000000;;;;;;2;;;;;;;;;;;;;;
9000000025;1;;1246368BD7AA1ED9BD99968411B596F1;0000025115;DDIC20200213000020;Michael Curtis;Michael Curtis;BPINST;20191022;130604;DDIC;20200213;000020;;;Michael;Curtis;Michael Curtis;;;;;0000000;00000;0;;00000000;00000000;;X;;X;;0002;;;;;MD;;;;;;E;E;CURTIS;MICHAEL;CURTIS;MICHAEL;;;X;19860801;;;;;;;;;;;US;;;;;;;00000000;K;;;;;2;;;;;;;;;;;;;;
0012345678;1;;0EB063A8AB041ED7AED48500C9244FC0;0000023869;S4H_MG20171026231938; Cust; Cust;S4H_MG;20171026;231938;;00000000;000000;;;;Cust;;;;;;0000000;00000;0;;00000000;00000000;;;;;X;;;;;;BP03;;;;;;E;;TEST1;;CUST;;;;X;00000000;;;;;;;;;;;;;;;;;;00000000;;;;;;;;;;;;;;;;;;;;
9000000027;1;;12B5B24704B91EDA82EDDB8828E29731;0000025244;DDIC20200213000020;Shirley Sales;Shirley Sales;BPINST;20191120;082216;DDIC;20200213;000020;;;Shirley;Sales;Shirley Sales;;;;;0000000;00000;0;;00000000;00000000;;X;X;;;0001;;;;;MD;;;;;;E;E;SALES;SHIRLEY;SALES;SHIRLEY;;;X;19780821;;;;;;;;;;;;;;;;;;00000000;K;;;;;1;;;;;;;;;;;;;;
0003000030;2;;12BC0C10DAAF1EEA94C74D7409471028;;SAP_WFRT20200218104310;Company test;Company test;SAP_WFRT;20200218;104310;;00000000;000000;;;;;;Company test;;;;0000000;00000;0;;00000000;00000000;;;;;;0003;;;;;MDG1;;;;;;;;EM;;COMPANY TEST;;;;X;00000000;;;;;;;;;;;;;;;;;;00000000;;;;;;;;;;;;;;;;;;;;
0001000549;2;;E777B59B9B3A1FE0AEF7C2712A09B429;;BPINST20251107094229;SLS AREAS Sales areas;SLS AREAS Sales areas;BPINST;20251107;094229;;00000000;000000;;;;;;SLS AREAS;Sales areas;;;0000000;00000;0;;00000000;00000000;;;;;;;;;;;BP02;;;;;;;;SLS AREAS;SALES AREAS;SLS AREAS;SALES AREAS;;;X;00000000;;;;;;;;;;;;;;;;;;00000000;;;;;;;;;;;;;;;;;;;;
0017186002;2;;1258E2B9D8101ED7BFF746037A4F48E7;;S4H_TM20241105085520;US TM Customer2;US TM Customer2;S4H_TM_TP;20180122;212403;S4H_TM;20241105;085520;;;;;;US TM Customer2;;;;0000000;00000;0;01;00000000;00000000;;;;;;;;;;;BP03;;;;;;;;CUSTUSTM2;;US TM CUSTOMER2;;;;X;00000000;;;;;;;;;;;;;;;;;;00000000;;;;;;;;;;;;;;;;;;;;
0017537003;2;;0AC8D7DFA3A71EDB89E61795AA4BDD4B;;S4H_FIN20210326124433;Bank 3- SAMPLE BANK;Bank 3- SAMPLE BANK;S4H_FIN;20201115;025556;S4H_FIN;20210326;124433;;;;;;Bank 3- SAMPLE BANK;;;;0000000;00000;0;;00000000;00000000;;;;;;0003;;;;;TR02;;;;;;;;BANK 3;;BANK 3- SAMPLE BANK;;;;X;00000000;;;;;;;;;;;;;Bank 3;;;;;00000000;;;;;;;;;;;;;;;;;;;;
0010100007;2;;0EB063A8AB041EE7ACF82EB2E3532F5D;;BPINST20231016191140;Inland-Lohnbearbeiter A , DE;Inland-Lohnbearbeiter A , DE;BPINST;20171018;050240;BPINST;20231016;191140;;;;;;Inland-Lohnbearbeiter A , DE;;;;0000000;00000;0;01;00000000;00000000;;;;;;0003;;;;;BP03;;;;;;;;SUBCON;;INLAND-LOHNBEARBEITER A , DE;;;;X;00000000;;;;;;;;;;;;;;;;;;00000000;;;;;;;;;;;;;;;;;;;;
0010100080;2;;0A85CC0F54DB1EDB83F950BF8CF34A42;;BPINST20241018100532;Inlandskunde DE 80;Inlandskunde DE 80;BPINST;20201016;161326;BPINST;20241018;100532;;;;;;Inlandskunde DE 80;;;;0000000;00000;0;01;00000000;00000000;;;;;;0003;;;;;BP03;;;;;;;;KUNDE80;;INLANDSKUNDE DE 80;;;;X;00000000;;;;;;;;;;;;;;;;;;00000000;;;;;;;;;;;;;;;;;;;;
0002000030;2;;0AC8D7DFA3A71EEB85F44697C3EB21A9;;MDG_EXPERT20201026154501;MDG-RESP MDG Reponsible;MDG-RESP MDG Reponsible;MDG_EXPERT;20201026;154501;;00000000;000000;;;;;;MDG-RESP;MDG Reponsible;;;0000000;00000;0;;00000000;00000000;;;;;;;;;;;OR;;;;;;;;MDG-RESP;MDG REPONSIBLE;MDG-RESP;MDG REPONSIBLE;;;X;00000000;;;;;;;;;;;;;;;;;;00000000;;;;;;;;;;;;;;;;;;;;
0001000139;1;;0AC8D7DFA3A71EEB85F3C9B73559A164;0000025487;SAP_WFRT20201026172221;Donal Trumb;Donal Trumb;SAP_WFRT;20201026;172221;;00000000;000000;;;Donal;Trumb;;;;;;0000000;00000;0;;00000000;00000000;;X;;X;;0002;;;;;BP02;;;;;;;;;;TRUMB;DONAL;;;X;20201001;;;;;;;;;;;;;;;;;;00000000;K;;;;;2;;;;;;;;;;;;;;
0003000010;2;;0A7C457F45501ED98DBBBD8E8ABA8160;;SAP_WFRT20201124161048;Demo Supplier Company A;Demo Supplier Company A;SAP_WFRT;20190221;135129;SAP_WFRT;20201124;161048;;;;;;Demo Supplier Company A;;;;0000000;00000;0;;00000000;00000000;;;;;;0003;;;;;MDG1;;;;;;;;MDG;DEMO;DEMO SUPPLIER COMPANY A;;;;X;00000000;;;;;;;;;;;;;;;;;;00000000;;;;;;;;;;;;;;;;;;;;
0001000109;2;;12BC0C10DAAF1EEA969051382D95CED4;;BPINST20200226102919;ARP International Ltd;ARP International Ltd;BPINST;20200226;102840;BPINST;20200226;102919;;;;;;ARP International Ltd;;;;0000000;00000;0;;00000000;00000000;;;;;;;;;;;BP02;;;;;;;;;;ARP INTERNATIONAL LTD;;;;X;00000000;;;;;;;;;;;;;;;;;;00000000;;;;;;;;;;;;;;;;;;;;
0010100011;2;;0EB063A8AB041ED7AD8550678A3FEC37;;BPINST20231016192012;SAP SE;SAP SE;BPINST;20171018;173443;BPINST;20231016;192012;;;;;;SAP SE;;;;0000000;00000;0;01;00000000;00000000;;;;;;0003;;;;;BP03;;;;;;;;KUNDE11;;SAP SE;;;;X;00000000;;;;;;;;;;;;;;;;;;00000000;;;;;;;;;;;;;;;;;;;;
0001000443;2;;994C63CEB1AB1EEEA2D5E83E2B3B2243;;SAP_WFRT20231124162140;SAP SE;SAP SE;SAP_WFRT;20231124;162140;;00000000;000000;;;;;;SAP SE;;;;0000000;00000;0;CK;00000000;00000000;;;;;;;;;;;BP02;;;;;;;;TEST MARTIN;;SAP SE;;;;X;00000000;;;;;;;;;;;;;;;;;;00000000;;;;;;;;;;;;;;;;;;;;
0017186007;2;;1258E2B9D8101EE8808E88BAF13E575A;;S4H_TM_DEM20200316230151;US TM Customer7;US TM Customer7;S4H_TM_TP;20180123;193428;S4H_TM_DEM;20200316;230151;;;;;;US TM Customer7;;;;0000000;00000;0;01;00000000;00000000;;;;;;;;;;;BP03;;;;;;;;CUSTUSTM7;;US TM CUSTOMER7;;;;X;00000000;;;;;;;;;;;;;;;;;;00000000;;;;;;;;;;;;;;;;;;;;
0017186008;2;;1258E2B9D8101EE8808EB591E124D7BC;;S4H_TM_DEM20200316230229;US TM Customer8;US TM Customer8;S4H_TM_TP;20180123;195333;S4H_TM_DEM;20200316;230229;;;;;;US TM Customer8;;;;0000000;00000;0;01;00000000;00000000;;;;;;;;;;;BP03;;;;;;;;CUSTUSTM8;;US TM CUSTOMER8;;;0000024091;X;00000000;;;;;;;;;;;;;;;;;;00000000;;;;;;;;;;;;;;;;;;;;
0017186009;2;;1258E2B9D8101EE88090618E52139B5D;;S4H_TM_DEM20200316230253;US TM Customer9;US TM Customer9;S4H_TM_TP;20180123;211942;S4H_TM_DEM;20200316;230253;;;;;;US TM Customer9;;;;0000000;00000;0;01;00000000;00000000;;;;;;;;;;;BP03;;;;;;;;CUSTUSTM9;;US TM CUSTOMER9;;;0000024100;X;00000000;;;;;;;;;;;;;;;;;;00000000;;;;;;;;;;;;;;;;;;;;
0017186010;2;;1258E2B9D8101EE88090828927369BB2;;S4H_TM_DEM20200316230321;US TM Customer10;US TM Customer10;S4H_TM_TP;20180123;212756;S4H_TM_DEM;20200316;230321;;;;;;US TM Customer10;;;;0000000;00000;0;01;00000000;00000000;;;;;;;;;;;BP03;;;;;;;;CUSTUSTM10;;US TM CUSTOMER10;;;;X;00000000;;;;;;;;;;;;;;;;;;00000000;;;;;;;;;;;;;;;;;;;;
0017186011;2;;1258E2B9D8101EE88090A8CAFE16DBF0;;S4H_TM_DEM20200316230356;US TM Customer11;US TM Customer11;S4H_TM_TP;20180123;213552;S4H_TM_DEM;20200316;230356;;;;;;US TM Customer11;;;;0000000;00000;0;01;00000000;00000000;;;;;;;;;;;BP03;;;;;;;;CUSTUSTM11;;US TM CUSTOMER11;;;;X;00000000;;;;;;;;;;;;;;;;;;00000000;;;;;;;;;;;;;;;;;;;;
0017186012;2;;1258E2B9D8101EE88090C46DADA55C30;;S4H_TM_DEM20200316230435;US TM Customer12;US TM Customer12;S4H_TM_TP;20180123;214213;S4H_TM_DEM;20200316;230435;;;;;;US TM Customer12;;;;0000000;00000;0;01;00000000;00000000;;;;;;;;;;;BP03;;;;;;;;CUSTUSTM12;;US TM CUSTOMER12;;;;X;00000000;;;;;;;;;;;;;;;;;;00000000;;;;;;;;;;;;;;;;;;;;
0001000119;2;;0AA94D873C191EEAA589F5AD9AE968F3;;SAP_WFRT20200512130317;Energy Bar Future Company;Energy Bar Future Company;SAP_WFRT;20200512;130317;;00000000;000000;;;;;;Energy Bar Future Company;;;;0000000;00000;0;;00000000;00000000;;;;;;;;;;;BP02;;;;;;;;EBFC;;ENERGY BAR FUTURE COMPANY;;;;X;00000000;;;;;;;;;;;;;;;;;;00000000;;;;;;;;;;;;;;;;;;;;
0002000020;2;;0AA94D873C191EDAA6BB1D35D487CE04;;BPINST20200529142638;Payroll Payroll;Payroll Payroll;BPINST;20200519;135911;BPINST;20200529;142638;;;;;;Payroll;Payroll;;;0000000;00000;0;;00000000;00000000;;;;;;;;;;;OR;;;;;;;;PAYROLL;PAYROLL;PAYROLL;PAYROLL;;;X;00000000;;;;;;;;;;;;;;;;;;00000000;;;;;;;;;;;;;;;;;;;;
0002000021;2;;0AA94D873C191EDAA6BB21E89BA28E1B;;BPINST20200529142717;Pay US Payroll US;Pay US Payroll US;BPINST;20200519;140013;BPINST;20200529;142717;;;;;;Pay US;Payroll US;;;0000000;00000;0;;00000000;00000000;;;;;;;;;;;OR;;;;;;;;PAY US;PAYROLL US;PAY US;PAYROLL US;;;X;00000000;;;;;;;;;;;;;;;;;;00000000;;;;;;;;;;;;;;;;;;;;
0002000022;2;;0AA94D873C191EDAA6BB32EE475EEE24;;BPINST20200529142735;Pay DE Payroll Germany;Pay DE Payroll Germany;BPINST;20200519;140401;BPINST;20200529;142735;;;;;;Pay DE;Payroll Germany;;;0000000;00000;0;;00000000;00000000;;;;;;;;;;;OR;;;;;;;;PAY DE;PAYROLL GERMANY;PAY DE;PAYROLL GERMANY;;;X;00000000;;;;;;;;;;;;;;;;;;00000000;;;;;;;;;;;;;;;;;;;;
0010100010;2;;0AD0658A6F041EE8B7941116C89B2890;;BPINST20231016192651;Inlandskunde DE 10;Inlandskunde DE 10;BPINST;20181031;000507;BPINST;20231016;192651;;;;;;Inlandskunde DE 10;;;;0000000;00000;0;01;00000000;00000000;;;;;;0003;;;;;BP03;;;;;;;;KUNDE10;;INLANDSKUNDE DE 10;;;;X;00000000;;;;;;;;;;;;;;;;;;00000000;;;;;;;;;;;;;;;;;;;;
EWM10-CU01;2;;0EB063A8AB041ED7AD88DB7CC259F414;;BPINST20231016192950;EWM-Kunde 01 (Inland);EWM-Kunde 01 (Inland);BPINST;20171018;205739;BPINST;20231016;192950;;;;;;EWM-Kunde 01 (Inland);;;;0000000;00000;0;01;00000000;00000000;;;;;;0003;;;;;BPAB;;;;;;;;EWM;;EWM-KUNDE 01 (INLAND);;;;X;00000000;;;;;;;;;;;;;;;;;;00000000;;;;;;;;;;;;;;;;;;;;
EWM10-CU02;2;;0EB063A8AB041ED7AD88E04DA356B417;;BPINST20231016192950;EWM-Kunde 02 (Inland);EWM-Kunde 02 (Inland);BPINST;20171018;205814;BPINST;20231016;192950;;;;;;EWM-Kunde 02 (Inland);;;;0000000;00000;0;01;00000000;00000000;;;;;;0003;;;;;BPAB;;;;;;;;EWM;;EWM-KUNDE 02 (INLAND);;;;X;00000000;;;;;;;;;;;;;;;;;;00000000;;;;;;;;;;;;;;;;;;;;
EWM10-CU03;2;;0EB063A8AB041ED7AD88E2E925E9743D;;BPINST20231016192950;EWM-Kunde 03 (Inland);EWM-Kunde 03 (Inland);BPINST;20171018;205850;BPINST;20231016;192950;;;;;;EWM-Kunde 03 (Inland);;;;0000000;00000;0;01;00000000;00000000;;;;;;0003;;;;;BPAB;;;;;;;;EWM;;EWM-KUNDE 03 (INLAND);;;;X;00000000;;;;;;;;;;;;;;;;;;00000000;;;;;;;;;;;;;;;;;;;;
0010100081;2;;0A85CC0F54DB1EDB83F950BF8CF4AA42;;BPINST20241018100532;Inlandskunde DE 81;Inlandskunde DE 81;BPINST;20201016;161326;BPINST;20241018;100532;;;;;;Inlandskunde DE 81;;;;0000000;00000;0;01;00000000;00000000;;;;;;0003;;;;;BP03;;;;;;;;KUNDE81;;INLANDSKUNDE DE 81;;;;X;00000000;;;;;;;;;;;;;;;;;;00000000;;;;;;;;;;;;;;;;;;;;
0017100012;2;;0AD0658A6F041EE8B2FC41DFF3787BE2;;SAP_WFRT20231115161054;Domestic Customer Invoice List;Domestic Customer Invoice List;BPINST;20181009;164112;SAP_WFRT;20231115;161054;;;;;;Domestic Customer Invoice List;;;;0000000;00000;0;01;00000000;00000000;;;;;;0003;;;;;BP03;;;;;;;;INVOICE LIST;;DOMESTIC CUSTOMER INVOICE LIST;;;;X;00000000;;;;;;;;;;;;;;;;;;00000000;;;;;;;;;;;;;;;;;;;;
0001000000;2;;1258E2B9D8101EE7BFA9A9E4B422CAE8;;BPINST20180119191654;CCP_US_171 Company US 1710;CCP_US_171 Company US 1710;BPINST;20180119;191654;;00000000;000000;;;;;;CCP_US_171;Company US 1710;;;0000000;00000;0;;00000000;00000000;;;;;;;;;;;BP02;;;;;;;;CCP_US_171;COMPANY US 1710;CCP_US_171;COMPANY US 1710;;;X;00000000;;;;;;;;;;;;;;;;;;00000000;;;;;;;;;;;;;;;;;;;;
0001000002;2;;1258E2B9D8101EE7BFAB0C18A3430DC1;;BPINST20180119203608;PG_US_1710 Purchasing Group US 1710;PG_US_1710 Purchasing Group US 1710;BPINST;20180119;203608;;00000000;000000;;;;;;PG_US_1710;Purchasing Group US 1710;;;0000000;00000;0;;00000000;00000000;;;;;;;;;;;BP02;;;;;;;;PG_US_1710;PURCHASING GROUP US;PG_US_1710;PURCHASING GROUP US 1710;;;X;00000000;;;;;;;;;;;;;;;;;;00000000;;;;;;;;;;;;;;;;;;;;
0001000003;2;;1258E2B9D8101EE7BFAB162ADB634DDA;;BPINST20180119203823;PE_US_1710 Planning and Execution Organization US;PE_US_1710 Planning and Execution Organization US;BPINST;20180119;203823;;00000000;000000;;;;;;PE_US_1710;Planning and Execution Organization US;;;0000000;00000;0;;00000000;00000000;;;;;;;;;;;BP02;;;;;;;;PE_US_1710;PLANNING AND EXECUTI;PE_US_1710;PLANNING AND EXECUTION ORGANIZATION;;;X;00000000;;;;;;;;;;;;;;;;;;00000000;;;;;;;;;;;;;;;;;;;;
0010386001;2;;A505C9AF5F3E1EEFA3A783AB126EC96E;;BPINST20241018103129;TM Carrier1 DE;TM Carrier1 DE;BPINST;20241018;103120;BPINST;20241018;103129;;;;;;TM Carrier1 DE;;;;0000000;00000;0;01;00000000;00000000;;;;;;0003;;;;;BP03;;;;;;;;TMCARR1DE;;TM CARRIER1 DE;;;;X;00000000;;;;;;;;;;;;;;;;;;00000000;;;;;;;;;;;;;;;;;;;;
0001000004;2;;1258E2B9D8101EE7BFABC8A839646F50;;BPINST20180119211818;Plant 1710 - Address Name 1;Plant 1710 - Address Name 1;BPINST;20180119;211818;;00000000;000000;;;;;;Plant 1710 - Address Name 1;;;;0000000;00000;0;;00000000;00000000;;;;;;;;;;;BP02;;;;;;;;1710;;PLANT 1710 - ADDRESS NAME 1;;;;X;00000000;;;;;;;;;;;;;;;;;;00000000;;;;;;;;;;;;;;;;;;;;
0017100013;2;;0AD0658A6F041EE8B2FC4545C01CFBE4;;SAP_WFRT20231115161054;Domestic Customer Invoice List;Domestic Customer Invoice List;BPINST;20181009;164149;SAP_WFRT;20231115;161054;;;;;;Domestic Customer Invoice List;;;;0000000;00000;0;01;00000000;00000000;;;;;;0003;;;;;BP03;;;;;;;;CUSTUS13;;DOMESTIC CUSTOMER INVOICE LIST;;;;X;00000000;;;;;;;;;;;;;;;;;;00000000;;;;;;;;;;;;;;;;;;;;
S4H_PPM_PF;1;;0AD0658A6F041ED8B8D0D3325661D3C2;0000024602;BPINST20181107173820;Paul Portfolio Manager;Paul Portfolio Manager;BPINST;20181107;121423;BPINST;20181107;173820;;;Paul;Portfolio Manager;;;;;;0000000;00000;0;;00000000;00000000;;X;;X;;0002;;;;;BPAB;;;;;;;;;;PORTFOLIO MANAGER;PAUL;;;X;00000000;X;;;;;;;;;;;;;;;;;00000000;;;;;;2;;;;;;;;;;;;;;
0017411720;2;;0AD0658A6F041ED8B995F3BBEAF0C54F;;S4H_TM_MH20181110063647;Plant 1720 US;Plant 1720 US;S4H_TM_MH;20181110;061709;S4H_TM_MH;20181110;063647;;;;;;Plant 1720 US;;;;0000000;00000;0;01;00000000;00000000;;;;;;;;;;;BP03;;;;;;;;PLNT1720;;PLANT 1720 US;;;;X;00000000;;;;;;;;;;;;;;;;;;00000000;;;;;;;;;;;;;;;;;;;;
S4H_PPM_PM;1;;0AD0658A6F041ED8B8D0B015990C5381;0000024593;BPINST20181107173900;Peter Project Manager;Peter Project Manager;BPINST;20181107;120633;BPINST;20181107;173900;;;Peter;Project Manager;;;;;;0000000;00000;0;;00000000;00000000;;X;;X;;0002;;;;;BPAB;0003;;;;;;;;;PROJECT MANAGER;PETER;;;X;00000000;X;;;;;;X;;;;;;;;;;;00000000;;;;;;2;;;;;;;;;;;;;;
0010386002;2;;A505C9AF5F3E1EEFA3A783AB1270296E;;BPINST20241018103129;TM Carrier2 DE;TM Carrier2 DE;BPINST;20241018;103120;BPINST;20241018;103129;;;;;;TM Carrier2 DE;;;;0000000;00000;0;01;00000000;00000000;;;;;;0003;;;;;BP03;;;;;;;;TMCARR2DE;;TM CARRIER2 DE;;;;X;00000000;;;;;;;;;;;;;;;;;;00000000;;;;;;;;;;;;;;;;;;;;
0010386003;1;;A505C9AF5F3E1EEFA3A783AB1271896E;0000027060;BPINST20241018103129;Christian Klein;Christian Klein;BPINST;20241018;103120;BPINST;20241018;103129;;;Christian;Klein;;;;;;0000000;00000;0;;00000000;00000000;;X;;X;;0002;;;;;BP03;;;;;;E;;TMCARR3DE;;KLEIN;CHRISTIAN;;;X;00000000;;;;;;;;;;;;;;;;;;00000000;;;;;;2;;;;;;;;;;;;;;
0010386004;1;;A505C9AF5F3E1EEFA3A783AB1273296E;0000027063;BPINST20241018103129;Thomas Saueressig;Thomas Saueressig;BPINST;20241018;103120;BPINST;20241018;103129;;;Thomas;Saueressig;;;;;;0000000;00000;0;;00000000;00000000;;X;;X;;0002;;;;;BP03;;;;;;E;;TMCARR4DE;;SAUERESSIG;THOMAS;;;X;00000000;;;;;;;;;;;;;;;;;;00000000;;;;;;2;;;;;;;;;;;;;;
0017401710;2;;41734E1583BB1EED93CA4682243597A0;;SERV_MAN20231119114035;SAP SE;SAP SE;BPINST;20221017;193049;SERV_MAN;20231119;114035;;;;;;SAP SE;;;;0000000;00000;0;01;00000000;00000000;;;;;;0003;;;;;BP03;;;;;;;;COMP1710;;SAP SE;;;;X;00000000;;;;;;;;;;;;;;;;;;00000000;;;;;;;;;;;;;;;;;;;;
S4H_PPM_RM;1;;0AD0658A6F041ED8B8D0C03A8288D3A2;0000024596;BPINST20181107174341;Robert Ressource Manager;Robert Ressource Manager;BPINST;20181107;120955;BPINST;20181107;174341;;;Robert;Ressource Manager;;;;;;0000000;00000;0;;00000000;00000000;;X;;X;;0002;;;;;BPAB;;;;;;;;;;RESSOURCE MANAGER;ROBERT;;;X;00000000;X;;;;;;;;;;;;;;;;;00000000;;;;;;2;;;;;;;;;;;;;;
0002000001;2;;0A7C457F45501EE991B28979804B29E8;;SERV_MAN20191110110229;New org unit New organizational unit;New org unit New organizational unit;MDG_EXPERT;20190313;133124;SERV_MAN;20191110;110229;;;;;;New org unit;New organizational unit;;;0000000;00000;0;;00000000;00000000;;;;;;;;;;;OR;;;;;;;;NEW ORG UNIT;NEW ORGANIZATIONAL U;NEW ORG UNIT;NEW ORGANIZATIONAL UNIT;;;X;00000000;X;;;;;;;;;;;;;;;;;00000000;;;;;;;;;;;;;;;;;;;;
0001000020;2;;12408B9FCA8A1EE88A9684F823D5BB3B;;SERV_MAN20191110110309;New org unit New organizational unit;New org unit New organizational unit;S4H_TM_TP;20180316;005126;SERV_MAN;20191110;110309;;;;;;New org unit;New organizational unit;;;0000000;00000;0;;00000000;00000000;;;;;;;;;;;BP02;;;;;;;;NEW ORG UNIT;NEW ORGANIZATIONAL U;NEW ORG UNIT;NEW ORGANIZATIONAL UNIT;;;X;00000000;X;;;;;;;;;;;;;;;;;00000000;;;;;;;;;;;;;;;;;;;;
0001000239;2;;5F692216D63F1EDE818D123EBD0D87FC;;MDG_EXPERT20240318102045; Name 1; Name 1;SAP_WFRT;20230606;134320;MDG_EXPERT;20240318;102045;;;;;; Name 1;;;;0000000;00000;0;;00000000;00000000;;;;;;0003;;;;;BP02;;;;;;;; NAME 1;; NAME 1;;;;X;00000000;;;;;;;;;;;;;;;;;;00000000;;;;;;;;;;;;;;;;;;;;
0001000033;2;;126EE31C69721ED88CB225FFF6F0ABE0;;BPINST20180327074731;SRV_ORG Dom. Service Org US;SRV_ORG Dom. Service Org US;BPINST;20180327;073348;BPINST;20180327;074731;;;;;;SRV_ORG;Dom. Service Org US;;;0000000;00000;0;;00000000;00000000;;;;;;;;;;;BP02;;;;;;;;SRV_ORG;DOM. SERVICE ORG US;SRV_ORG;DOM. SERVICE ORG US;;;X;00000000;;;;;;;;;;;;;;;;;;00000000;;;;;;;;;;;;;;;;;;;;
0001000038;2;;126EE31C69721ED88CB2F76566D18CCB;;BPINST20180327082039;New org unit New organizational unit;New org unit New organizational unit;BPINST;20180327;082039;;00000000;000000;;;;;;New org unit;New organizational unit;;;0000000;00000;0;;00000000;00000000;;;;;;;;;;;BP02;;;;;;;;NEW ORG UNIT;NEW ORGANIZATIONAL U;NEW ORG UNIT;NEW ORGANIZATIONAL UNIT;;;X;00000000;;;;;;;;;;;;;;;;;;00000000;;;;;;;;;;;;;;;;;;;;
0001000039;2;;126EE31C69721ED88CB2F7B0B9604CCB;;BPINST20180327082042;sProcOrg01 sProcOrg01;sProcOrg01 sProcOrg01;BPINST;20180327;082042;;00000000;000000;;;;;;sProcOrg01;sProcOrg01;;;0000000;00000;0;;00000000;00000000;;;;;;;;;;;BP02;;;;;;;;SPROCORG01;SPROCORG01;SPROCORG01;SPROCORG01;;;X;00000000;;;;;;;;;;;;;;;;;;00000000;;;;;;;;;;;;;;;;;;;;
0001000040;2;;126EE31C69721ED88CB527B57F1E8F30;;BPINST20180327102746;SRV_BO Service Back Office;SRV_BO Service Back Office;BPINST;20180327;102558;BPINST;20180327;102746;;;;;;SRV_BO;Service Back Office;;;0000000;00000;0;;00000000;00000000;;;;;;;;;;;BP02;;;;;;;;SRV_BO;SERVICE BACK OFFICE;SRV_BO;SERVICE BACK OFFICE;;;X;00000000;;;;;;;;;;;;;;;;;;00000000;;;;;;;;;;;;;;;;;;;;
0001000041;2;;126EE31C69721ED88CB52ACB45DD0F33;;BPINST20180327102837;SRV_TECHGR Service Technicians Group;SRV_TECHGR Service Technicians Group;BPINST;20180327;102640;BPINST;20180327;102837;;;;;;SRV_TECHGR;Service Technicians Group;;;0000000;00000;0;;00000000;00000000;;;;;;;;;;;BP02;;;;;;;;SRV_TECHGR;SERVICE TECHNICIANS;SRV_TECHGR;SERVICE TECHNICIANS GROUP;;;X;00000000;;;;;;;;;;;;;;;;;;00000000;;;;;;;;;;;;;;;;;;;;
0001000043;2;;126EE31C69721ED88CB555804015EF64;;BPINST20180327103613;New Org Unit New Organizational Unit;New Org Unit New Organizational Unit;BPINST;20180327;103613;BPINST;20180327;103613;;;;;;New Org Unit;New Organizational Unit;;;0000000;00000;0;;00000000;00000000;;;;;;;;;;;BP02;;;;;;;;NEW ORG UNIT;NEW ORGANIZATIONAL U;NEW ORG UNIT;NEW ORGANIZATIONAL UNIT;;;X;00000000;X;;;;;;;;;;;;;;;;;00000000;;;;;;;;;;;;;;;;;;;;
0001000042;2;;126EE31C69721ED88CB555804015CF64;;BPINST20180327103947;New Org Unit New Organizational Unit;New Org Unit New Organizational Unit;BPINST;20180327;103613;BPINST;20180327;103947;;;;;;New Org Unit;New Organizational Unit;;;0000000;00000;0;;00000000;00000000;;;;;;;;;;;BP02;;;;;;;;INT_CENT;INTERACTION CENTER;NEW ORG UNIT;NEW ORGANIZATIONAL UNIT;;;X;00000000;X;;;;;;;;;;;;;;;;;00000000;;;;;;;;;;;;;;;;;;;;
0001000045;2;;126EE31C69721ED88CB5695D49694F77;;BPINST20180327104040;New Org Unit New Organizational Unit;New Org Unit New Organizational Unit;BPINST;20180327;104040;BPINST;20180327;104040;;;;;;New Org Unit;New Organizational Unit;;;0000000;00000;0;;00000000;00000000;;;;;;;;;;;BP02;;;;;;;;NEW ORG UNIT;NEW ORGANIZATIONAL U;NEW ORG UNIT;NEW ORGANIZATIONAL UNIT;;;X;00000000;X;;;;;;;;;;;;;;;;;00000000;;;;;;;;;;;;;;;;;;;;
0001000044;2;;126EE31C69721ED88CB5657A855B8F75;;BPINST20180327104300;INT_CENT Interaction Center;INT_CENT Interaction Center;BPINST;20180327;103947;BPINST;20180327;104300;;;;;;INT_CENT;Interaction Center;;;0000000;00000;0;;00000000;00000000;;;;;;;;;;;BP02;;;;;;;;INT_CENT;INTERACTION CENTER;INT_CENT;INTERACTION CENTER;;;X;00000000;;;;;;;;;;;;;;;;;;00000000;;;;;;;;;;;;;;;;;;;;
0001000037;2;;126EE31C69721ED88CB2F70642B44CCB;;MDG_REQUEST20191010154215;Company Company;Company Company;BPINST;20180327;082033;MDG_REQUEST;20191010;154215;;;;;;Company;Company;;;0000000;00000;0;;00000000;00000000;;;;;;;;;;;BP02;;;;;;;;;;COMPANY;COMPANY;;;X;00000000;;;;;;;;;;;;;;;;;;00000000;;;;;;;;;;;;;;;;;;;;
0001000090;2;;0A7C457F45501EE992C9B30C67AF75F2;;MDG_REQUEST20191010154411;Venus Hair MDCCAL;Venus Hair MDCCAL;SAP_WFRT;20190319;134752;MDG_REQUEST;20191010;154411;;;;;;Venus Hair;MDCCAL;MARKETING HAIR;;0000000;00000;0;;00000000;00000000;;;;;;;;;;;BP02;;;;;;;;;;VENUS HAIR;MDCCAL;;;X;00000000;;;;;;;;;;;;;;;;;;00000000;;;;;;;;;;;;;;;;;;;;
0001000103;1;;1246368BD7AA1EEA80A908EACBABC1A7;0000025169;S4H_FIN20221107033007;S4H_FIN S4H_FIN;S4H_FIN S4H_FIN;S4H_FIN_DEM;20191107;022304;S4H_FIN;20221107;033007;;;S4H_FIN;S4H_FIN;;;;;;0000000;00000;0;;00000000;00000000;;X;;X;;0002;;;;;BP02;;;;;;;;S4H_FIN;;S4H_FIN;S4H_FIN;;;X;00000000;;;;;;;;;;;;;;;;;;00000000;;;;;;2;;;;;;;;;;;;;;
0017300003;2;;0AD0658A6F041ED8B2EA0E3187EF1DAC;;BPINST20191011133028;Domestic US Supplier 3 (with ERS);Domestic US Supplier 3 (with ERS);BPINST;20181008;231853;BPINST;20191011;133028;;;;;;Domestic US Supplier 3 (with ERS);;;;0000000;00000;0;01;00000000;00000000;;;;;;0003;;;;;BP03;;;;;;;;SUPL3;;DOMESTIC US SUPPLIER 3 (WITH ERS);;;;X;00000000;;;;;;;;;;;;;;;;;;00000000;;;;;;;;;;;;;;;;;;;;
0001000259;2;;DB798EDB083A1EDEA1A57D7369CFDC05;;SAP_WFRT20231117103917;sprachlos;sprachlos;SAP_WFRT;20231117;103917;;00000000;000000;;;;;;sprachlos;;;;0000000;00000;0;;00000000;00000000;;;;;;;;;;;BP02;;;;;;;;MARKETING;;SPRACHLOS;;;;X;00000000;;;;;;;;;;;;;;;;;;00000000;;;;;;;;;;;;;;;;;;;;
0002000040;2;;0AC8D7DFA3A71EEB88FC519900B1765F;;BPINST20201111055549;IT Org Unit Information Technology;IT Org Unit Information Technology;BPINST;20201111;055549;;00000000;000000;;;;;;IT Org Unit;Information Technology;;;0000000;00000;0;;00000000;00000000;;;;;;;;;;;OR;;;;;;;;IT ORG UNIT;INFORMATION TECHNOLO;IT ORG UNIT;INFORMATION TECHNOLOGY;;;X;00000000;;;;;;;;;;;;;;;;;;00000000;;;;;;;;;;;;;;;;;;;;
0002000041;2;;0AC8D7DFA3A71EEB88FC5962E102F660;;BPINST20201111055734;HR Human Resources;HR Human Resources;BPINST;20201111;055734;;00000000;000000;;;;;;HR;Human Resources;;;0000000;00000;0;;00000000;00000000;;;;;;;;;;;OR;;;;;;;;HR;HUMAN RESOURCES;HR;HUMAN RESOURCES;;;X;00000000;;;;;;;;;;;;;;;;;;00000000;;;;;;;;;;;;;;;;;;;;
0001000162;2;;0AC8D7DFA3A71EEB898177CD756E1821;;MDG_EXPERT20201111105048;Xerox;Xerox;MDG_EXPERT;20201111;105048;;00000000;000000;;;;;;Xerox;;;;0000000;00000;0;;00000000;00000000;;;;;;0003;;;;;BP02;;;;;;;;DE_TEST;;XEROX;;;;X;00000000;;;;;;;;;;;;;;;;;;00000000;;;;;;;;;;;;;;;;;;;;
0017537006;2;;892DA59289801EED97D32D549E7220CF;;S4H_FIN20231121034043;Associate or Joint Venture;Associate or Joint Venture;BPINST;20221107;124428;S4H_FIN;20231121;034043;;;;;;Associate or Joint Venture;;;;0000000;00000;0;;00000000;00000000;;;;;;0003;;;;;TR02;;;;;;;;ASSOCIATE OR JOINT V;ASSOCIATE OR JOINT V;ASSOCIATE OR JOINT VENTURE;;;;X;00000000;;;;;;;;;;;;;Associate or Joint Venture;;;;;00000000;;;;;;;;;;;;;;;;;;;;
0017300086;2;;0ECF98CB3DD71EDC8CA3A1538AEA61BA;;S4H_FIN20221028041851;Domestic US Supplier 86 (Ariba 4BL);Domestic US Supplier 86 (Ariba 4BL);BPINST;20211019;204214;S4H_FIN;20221028;041851;;;;;;Domestic US Supplier 86 (Ariba 4BL);;;;0000000;00000;0;01;00000000;00000000;;;;;;0003;;;;;BP03;;;;;;;;SUPL86;;DOMESTIC US SUPPLIER 86 (ARIBA 4BL);;;;X;00000000;;;;;;;;;;;;;;;;;;00000000;;;;;;;;;;;;;;;;;;;;
0001000149;2;;0AC8D7DFA3A71EDB87EA5DA5153421A8;;MDG_EXPERT20201105103743;SAP SE;SAP SE;MDG_EXPERT;20201105;103743;;00000000;000000;;;;;;SAP SE;;;;0000000;00000;0;;00000000;00000000;;;;;;;;;;;BP02;;;;;;;;;;SAP SE;;;;X;00000000;;;;;;;;;;;;;;;;;;00000000;;;;;;;;;;;;;;;;;;;;
EWM17-CU03;2;;0ADC9D1324481ED7AAC427080D8423F0;;BPINST20231016204949;EWM Domestic Customer 03;EWM Domestic Customer 03;BPINST;20171005;230233;BPINST;20231016;204949;;;;;;EWM Domestic Customer 03;;;;0000000;00000;0;01;00000000;00000000;;;;;;0003;;;;;BPAB;;;;;;;;EWM;;EWM DOMESTIC CUSTOMER 03;;;;X;00000000;;;;;;;;;;;;;;;;;;00000000;;;;;;;;;;;;;;;;;;;;
0001000032;2;;126EE31C69721ED88CB22329F4124BE0;;MDG_EXPERT20240318102112;1710 Dom. Sales Org US;1710 Dom. Sales Org US;BPINST;20180327;073310;MDG_EXPERT;20240318;102112;;;;;;1710;Dom. Sales Org US;;;0000000;00000;0;;00000000;00000000;;;;;;0003;;;;;BP02;;;;;;;;1710;DOM. SALES ORG US;1710;DOM. SALES ORG US;;;X;00000000;;;;;;;;;;;;;;;;;;00000000;;;;;;;;;;;;;;;;;;;;
0002000012;2;;1246368BD7AA1EEA80F5699FEF758019;;SERV_MAN20191110111445;SRV_GRP_DE Service Team DE;SRV_GRP_DE Service Team DE;SERV_MAN;20191110;111445;SERV_MAN;20191110;111445;;;;;;SRV_GRP_DE;Service Team DE;;;0000000;00000;0;;00000000;00000000;;;;;;;;;;;OR;;;;;;;;SRV_GRP_DE;SERVICE TEAM DE;SRV_GRP_DE;SERVICE TEAM DE;;;X;00000000;;;;;;;;;;;;;;;;;;00000000;;;;;;;;;;;;;;;;;;;;
0001000031;2;;126EE31C69721ED88CB21FE71926ABDF;;SERV_MAN20191110111944;COMP Global Company for Service BP;COMP Global Company for Service BP;BPINST;20180327;073223;SERV_MAN;20191110;111944;;;;;;COMP;Global Company for Service BP;;;0000000;00000;0;;00000000;00000000;;;;;;;;;;;BP02;;;;;;;;COMP;GLOBAL COMPANY FOR S;COMP;GLOBAL COMPANY FOR SERVICE BP;;;X;00000000;;;;;;;;;;;;;;;;;;00000000;;;;;;;;;;;;;;;;;;;;
0003000021;2;;1246368BD7AA1EDA81ADFAA16320415C;;SAP_WFRT20191112172509;Demo Company as Customer A;Demo Company as Customer A;SAP_WFRT;20191112;172509;;00000000;000000;;;;;;Demo Company as Customer A;;;;0000000;00000;0;;00000000;00000000;;;;;;0003;;;;;MDG1;;;;;;;;EM;;DEMO COMPANY AS CUSTOMER A;;;;X;00000000;;;;;;;;;;;;;;;;;;00000000;;;;;;;;;;;;;;;;;;;;
USCU_S06;2;;0ADC9D1324481ED7AB8F801FF78E396F;;BPINST20221129183451;Hub & Spokes Inc;Hub & Spokes Inc;BPINST;20171008;225704;BPINST;20221129;183451;;;;;;Hub & Spokes Inc;;;;0000000;00000;0;;00000000;00000000;;;;;;0003;;;;;0002;;;;;;;;CBK09;;HUB & SPOKES INC;;;;X;00000000;;;;;;;;;;;;;;;;;;00000000;;;;;;;;;;;;;;;;;;;;
0017258001;2;;0A85CC0F54DB1EDB8486DA904D730F6A;;BPINST20231016205355;JV Operator US;JV Operator US;BPINST;20201017;050844;BPINST;20231016;205355;;;;;;JV Operator US;;;;0000000;00000;0;01;00000000;00000000;;;;;;0003;;;;;BP03;;;;;;;;OPERATOR;;JV OPERATOR US;;;;X;00000000;;;;;;;;;;;;;;;;;;00000000;;;;;;;;;;;;;;;;;;;;
0017258002;2;;0A85CC0F54DB1EDB8486DA904D746F6A;;BPINST20231016205355;Domestic US JV Partner 1;Domestic US JV Partner 1;BPINST;20201017;050844;BPINST;20231016;205355;;;;;;Domestic US JV Partner 1;;;;0000000;00000;0;01;00000000;00000000;;;;;;0003;;;;;BP03;;;;;;;;JV PARTNER 1;;DOMESTIC US JV PARTNER 1;;;;X;00000000;;;;;;;;;;;;;;;;;;00000000;;;;;;;;;;;;;;;;;;;;
0017258003;2;;0A85CC0F54DB1EDB8486DA904D75CF6A;;BPINST20231016205355;Domestic US JV Partner 2;Domestic US JV Partner 2;BPINST;20201017;050844;BPINST;20231016;205355;;;;;;Domestic US JV Partner 2;;;;0000000;00000;0;01;00000000;00000000;;;;;;0003;;;;;BP03;;;;;;;;JV PARTNER 2;;DOMESTIC US JV PARTNER 2;;;;X;00000000;;;;;;;;;;;;;;;;;;00000000;;;;;;;;;;;;;;;;;;;;
0010386202;2;;A505C9AF5F3E1EEFA3A783AB1276296E;;BPINST20241018103129;TM Rail Carrier DE 2;TM Rail Carrier DE 2;BPINST;20241018;103120;BPINST;20241018;103129;;;;;;TM Rail Carrier DE 2;;;;0000000;00000;0;01;00000000;00000000;;;;;;0003;;;;;BP03;;;;;;;;TMRAILCARR2DE;;TM RAIL CARRIER DE 2;;;;X;00000000;;;;;;;;;;;;;;;;;;00000000;;;;;;;;;;;;;;;;;;;;
0010386301;2;;A505C9AF5F3E1EEFA3A783AB1277896E;;BPINST20241018103129;TM Ocean Carrier DE 1;TM Ocean Carrier DE 1;BPINST;20241018;103120;BPINST;20241018;103129;;;;;;TM Ocean Carrier DE 1;;;;0000000;00000;0;01;00000000;00000000;;;;;;0003;;;;;BP03;;;;;;;;TMCARRDE1;;TM OCEAN CARRIER DE 1;;;;X;00000000;;;;;;;;;;;;;;;;;;00000000;;;;;;;;;;;;;;;;;;;;
0001000150;2;;0AC8D7DFA3A71EDB87FFAB746BD5A933;;MDG_EXPERT20201106065742;Pepsico;Pepsico;MDG_EXPERT;20201106;065742;;00000000;000000;;;;;;Pepsico;;;;0000000;00000;0;;00000000;00000000;;;;;;0003;;;;;BP02;;;;;;;;;;PEPSICO;;;;X;00000000;;;;;;;;;;;;;;;;;;00000000;;;;;;;;;;;;;;;;;;;;
0003000040;2;;0AC8D7DFA3A71EDB88847F5E394BAADC;;SAP_WFRT20201106113949;Test BP for Credit Rating;Test BP for Credit Rating;SAP_WFRT;20201106;113949;;00000000;000000;;;;;;Test BP for Credit Rating;;;;0000000;00000;0;;00000000;00000000;;;;;;0003;;;;;MDG1;;;;;;;;TE;;TEST BP FOR CREDIT RATING;;;;X;00000000;;;;;;;;;;;;;;;;;;00000000;;;;;;;;;;;;;;;;;;;;
0001000161;2;;0AC8D7DFA3A71EEB88E3C453BBC94DA8;;MDG_EXPERT20201110062954;Sun Bank;Sun Bank;MDG_EXPERT;20201110;062954;;00000000;000000;;;;;;Sun Bank;;;;0000000;00000;0;;00000000;00000000;;;;;;0003;;;;;BP02;;;;;;;;MASS ENRICH;;SUN BANK;;;;X;00000000;;;;;;;;;;;;;;;;;;00000000;;;;;;;;;;;;;;;;;;;;
0001000159;2;;0AC8D7DFA3A71EEB88E3B531E80F8DA4;;SAP_WFRT20201110065249;Queen;Queen;MDG_EXPERT;20201110;062631;SAP_WFRT;20201110;065249;;;;;;Queen;;;;0000000;00000;0;;00000000;00000000;;;;;;0003;;;;;BP02;;;;;;;;MASS ENRICH;;QUEEN;;;;X;00000000;;;;;;;;;;;;;;;;;;00000000;;;;;;;;;;;;;;;;;;;;
0001000151;2;;0AC8D7DFA3A71EEB88E3665334224D86;;SAP_WFRT20201110065249;Amazon Co Ltd;Amazon Co Ltd;MDG_EXPERT;20201110;060852;SAP_WFRT;20201110;065249;;;;;;Amazon Co Ltd;;;;0000000;00000;0;;00000000;00000000;;;;;;0003;;;;;BP02;;;;;;;;MASS ENRICH;;AMAZON CO LTD;;;;X;00000000;;;;;;;;;;;;;;;;;;00000000;;;;;;;;;;;;;;;;;;;;
0001000152;2;;0AC8D7DFA3A71EEB88E37CA19B66AD8D;;SAP_WFRT20201110065249;Facebook, Inc.;Facebook, Inc.;MDG_EXPERT;20201110;061351;SAP_WFRT;20201110;065249;;;;;;Facebook, Inc.;;;;0000000;00000;0;;00000000;00000000;;;;;;0003;;;;;BP02;;;;;;;;MASS ENRICH;;FACEBOOK, INC.;;;;X;00000000;;;;;;;;;;;;;;;;;;00000000;;;;;;;;;;;;;;;;;;;;
0001000153;2;;0AC8D7DFA3A71EEB88E3862564A68D91;;SAP_WFRT20201110065249;Google Inc;Google Inc;MDG_EXPERT;20201110;061600;SAP_WFRT;20201110;065249;;;;;;Google Inc;;;;0000000;00000;0;;00000000;00000000;;;;;;0003;;;;;BP02;;;;;;;;MASS ENRICH;;GOOGLE INC;;;;X;00000000;;;;;;;;;;;;;;;;;;00000000;;;;;;;;;;;;;;;;;;;;
0001000154;2;;0AC8D7DFA3A71EEB88E38D560B364D93;;SAP_WFRT20201110065249;Pfizer Inc.;Pfizer Inc.;MDG_EXPERT;20201110;061737;SAP_WFRT;20201110;065249;;;;;;Pfizer Inc.;;;;0000000;00000;0;;00000000;00000000;;;;;;0003;;;;;BP02;;;;;;;;MASS ENRICH;;PFIZER INC.;;;;X;00000000;;;;;;;;;;;;;;;;;;00000000;;;;;;;;;;;;;;;;;;;;
0001000155;2;;0AC8D7DFA3A71EEB88E39457F4B9CD95;;SAP_WFRT20201110065249;Sap LLC;Sap LLC;MDG_EXPERT;20201110;061910;SAP_WFRT;20201110;065249;;;;;;Sap LLC;;;;0000000;00000;0;;00000000;00000000;;;;;;0003;;;;;BP02;;;;;;;;MASS ENRICH;;SAP LLC;;;;X;00000000;;;;;;;;;;;;;;;;;;00000000;;;;;;;;;;;;;;;;;;;;
0001000156;2;;0AC8D7DFA3A71EEB88E39CB1BB1A0D9B;;SAP_WFRT20201110065249;Reids;Reids;MDG_EXPERT;20201110;062102;SAP_WFRT;20201110;065249;;;;;;Reids;;;;0000000;00000;0;;00000000;00000000;;;;;;0003;;;;;BP02;;;;;;;;MASS ENRICH;;REIDS;;;;X;00000000;;;;;;;;;;;;;;;;;;00000000;;;;;;;;;;;;;;;;;;;;
0001000157;2;;0AC8D7DFA3A71EEB88E3A69091D30D9D;;SAP_WFRT20201110065249;L L Association;L L Association;MDG_EXPERT;20201110;062315;SAP_WFRT;20201110;065249;;;;;;L L Association;;;;0000000;00000;0;;00000000;00000000;;;;;;0003;;;;;BP02;;;;;;;;MASS ENRICH;;L L ASSOCIATION;;;;X;00000000;;;;;;;;;;;;;;;;;;00000000;;;;;;;;;;;;;;;;;;;;
0001000158;2;;0AC8D7DFA3A71EEB88E3AD786A99AD9F;;SAP_WFRT20201110065249;KFC Corporation (de);KFC Corporation (de);MDG_EXPERT;20201110;062447;SAP_WFRT;20201110;065249;;;;;;KFC Corporation (de);;;;0000000;00000;0;;00000000;00000000;;;;;;0003;;;;;BP02;;;;;;;;MASS ENRICH;;KFC CORPORATION (DE);;;;X;00000000;;;;;;;;;;;;;;;;;;00000000;;;;;;;;;;;;;;;;;;;;
9980000074;1;;126EE31C69721EE88EAC60FC3833F7ED;0000024382;SAP_SYSTEM20230223000048;Ann Anderson;Ann Anderson;DDIC;20180406;062334;SAP_SYSTEM;20230223;000048;;;Ann;Anderson;Ann Anderson;;;;;0000000;00000;0;;00000000;00000000;;X;X;;;0001;;;;;BPEE;;;;;;E;E;ANDERSON;ANN;ANDERSON;ANN;;;X;19880203;;;;;;;;;;;US;;;;;;;00000000;K;;;;;1;;;;;;;;;;;;;;
9980000075;1;;126EE31C69721EE88EAC611FA119B7ED;0000024386;SAP_SYSTEM20230223000048;Peter Best;Peter Best;DDIC;20180406;062335;SAP_SYSTEM;20230223;000048;;;Peter;Best;Peter Best;;;;;0000000;00000;0;;00000000;00000000;;X;;X;;0002;;;;;BPEE;;;;;;E;E;BEST;PETER;BEST;PETER;;;X;19850519;;;;;;;;;;;US;;;;;;;00000000;K;;;;;2;;;;;;;;;;;;;;
9980000065;1;;126EE31C69721EE88CD967AE502B97DA;0000024292;SAP_SYSTEM20230223000048;Barbara Lee;Barbara Lee;BPINST;20180328;210152;SAP_SYSTEM;20230223;000048;;;Barbara;Lee;Barbara Lee;;;;;0000000;00000;0;;00000000;00000000;;X;X;;;0001;;;;;BPEE;;;;;;E;E;LEE;BARBARA;LEE;BARBARA;;0000025231;X;19790505;;;;;;;;;;;US;;;;;;;00000000;K;;;;;1;;;;;;;;;;;;;;
9980000064;1;;126EE31C69721EE88CD94F9FC67017BD;0000024286;SAP_SYSTEM20230223000048;Matthew Carter;Matthew Carter;BPINST;20180328;205629;SAP_SYSTEM;20230223;000048;;;Matthew;Carter;Matthew Carter;;;;;0000000;00000;0;;00000000;00000000;;X;;X;;0002;;;;;BPEE;;;;;;E;E;CARTER;MATTHEW;CARTER;MATTHEW;;0000025147;X;19691119;;;;;;;;;;;US;;;;;;;00000000;K;;;;;2;;;;;;;;;;;;;;
9980000066;1;;126EE31C69721ED88CE3BD73298784B2;0000024302;SAP_SYSTEM20230223000049;Ryan Reval;Ryan Reval;BPINST;20180329;065343;SAP_SYSTEM;20230223;000049;;;Ryan;Reval;Ryan Reval;;;;;0000000;00000;0;;00000000;00000000;;X;;X;;0002;;;;;BPEE;;;;;;E;E;REVAL;RYAN;REVAL;RYAN;;;X;19740506;;;;;;;;;;;US;;;;;;;00000000;K;;;;;2;;;;;;;;;;;;;;
9980000067;1;;126EE31C69721ED88CE3D2DDA25004CA;0000024312;SAP_SYSTEM20230223000049;Ann Anderson;Ann Anderson;BPINST;20180329;065830;SAP_SYSTEM;20230223;000049;;;Ann;Anderson;Ann Anderson;;;;;0000000;00000;0;;00000000;00000000;;X;X;;;0001;;;;;BPEE;;;;;;E;E;ANDERSON;ANN;ANDERSON;ANN;;;X;19880203;;;;;;;;;;;US;;;;;;;00000000;K;;;;;1;;;;;;;;;;;;;;
9980000068;1;;126EE31C69721ED88CE3E7B3A308C4D9;0000024322;SAP_SYSTEM20230223000049;Peter Best;Peter Best;BPINST;20180329;070310;SAP_SYSTEM;20230223;000049;;;Peter;Best;Peter Best;;;;;0000000;00000;0;;00000000;00000000;;X;;X;;0002;;;;;BPEE;;;;;;E;E;BEST;PETER;BEST;PETER;;;X;19830519;;;;;;;;;;;US;;;;;;;00000000;K;;;;;2;;;;;;;;;;;;;;
9980000081;1;;0AD0658A6F041EE8B8BCDC88EEC1934D;0000024571;SAP_SYSTEM20230223000050;Paul Portfolio Manager;Paul Portfolio Manager;BPINST;20181106;171042;SAP_SYSTEM;20230223;000050;;;Paul;Portfolio Manager;Paul Portfolio Manager;;;;;0000000;00000;0;;00000000;00000000;;X;;X;;0002;;;;;BPEE;;;;;;E;E;PORTFOLIO MANAGER;PAUL;PORTFOLIO MANAGER;PAUL;;;X;19800101;;;;;;;;;;;DE;;;;;;;00000000;K;;;;;2;;;;;;;;;;;;;;
9980000090;1;;0AD0658A6F041ED8B8D00C94E96B1287;0000024584;SAP_SYSTEM20230223000050;Peter Project Manager;Peter Project Manager;BPINST;20181107;112931;SAP_SYSTEM;20230223;000050;;;Peter;Project Manager;Peter Project Manager;;;;;0000000;00000;0;;00000000;00000000;;X;;X;;0002;;;;;BPEE;;;;;;E;E;PROJECT MANAGER;PETER;PROJECT MANAGER;PETER;;;X;19801107;;;;;;;;;;;DE;;;;;;;00000000;K;;;;;2;;;;;;;;;;;;;;
9980000092;1;;0AD0658A6F041ED8B8D062BA48591314;0000024590;SAP_SYSTEM20230223000051;Robert Resource Manager;Robert Resource Manager;BPINST;20181107;114846;SAP_SYSTEM;20230223;000051;;;Robert;Resource Manager;Robert Resource Manager;;;;;0000000;00000;0;;00000000;00000000;;X;;X;;0002;;;;;BPEE;;;;;;E;E;RESOURCE MANAGER;ROBERT;RESOURCE MANAGER;ROBERT;;;X;19731017;;;;;;;;;;;DE;;;;;;;00000000;K;;;;;2;;;;;;;;;;;;;;
9000000022;1;;0AD0658A6F041ED8B8D62CBD3F829C60;0000024613;SAP_SYSTEM20230223000051;Timo Team Member;Timo Team Member;BPINST;20181107;172018;SAP_SYSTEM;20230223;000051;;;Timo;Team Member;Timo Team Member;;;;;0000000;00000;0;;00000000;00000000;;X;;X;;0002;;;;;MD;;;;;;E;E;TEAM MEMBER;TIMO;TEAM MEMBER;TIMO;;;X;19780101;;;;;;;;;;;DE;;;;;;;00000000;K;;;;;2;;;;;;;;;;;;;;
9000000024;1;;1246368BD7AA1ED9BD99796FCBECD6CB;0000025110;SAP_SYSTEM20230223000051;Jennifer Stone;Jennifer Stone;BPINST;20191022;125934;SAP_SYSTEM;20230223;000051;;;Jennifer;Stone;Jennifer Stone;;;;;0000000;00000;0;;00000000;00000000;;X;X;;;0001;;;;;MD;;;;;;E;E;STONE;JENNIFER;STONE;JENNIFER;;;X;19860101;;;;;;;;;;;US;;;;;;;00000000;K;;;;;1;;;;;;;;;;;;;;
9000000026;1;;1246368BD7AA1EDA80F4E7C1E24A5F2B;0000025171;SAP_SYSTEM20230223000052; BPINST; BPINST;BPINST;20191110;104542;SAP_SYSTEM;20230223;000052;;;;BPINST; BPINST;;;;;0000000;00000;0;;00000000;00000000;;X;;X;;0002;;;;;MD;;;;;;E;E;BPINST;;BPINST;;;;X;19990101;;;;;;;;;;;US;;;;;;;00000000;K;;;;;2;;;;;;;;;;;;;;
9980000100;1;;12BC0C10DAAF1EEA9690C2E12CDDCF84;0000025306;SAP_SYSTEM20230223000052;Franz Finance;Franz Finance;BPINST;20200226;105232;SAP_SYSTEM;20230223;000052;;;Franz;Finance;Franz Finance;;;;;0000000;00000;0;;00000000;00000000;;X;;;X;;;;;;BPEE;;;;;;E;E;FINANCE;FRANZ;FINANCE;FRANZ;;;X;19900101;;;;;;;;;;;;;;;;;;00000000;K;;;;;;;;;;;;;;;;;;;
9980000110;1;;0AA94D873C191EDAA6B4E4C657014480;0000025364;SAP_SYSTEM20230223000052;Bruce Smith;Bruce Smith;S4H_HCM;20200519;010256;SAP_SYSTEM;20230223;000052;;;Bruce;Smith;Bruce Smith;;;;;0000000;00000;0;;00000000;00000000;;X;;X;;0002;;;;;BPEE;;;;;;D;D;SMITH;BRUCE;SMITH;BRUCE;;0000025709;X;19830429;;;;;;;;;;;DE;;;;;;;00000000;K;;;;BS;2;;;;;;;;;;;;;;
9980000111;1;;0AA94D873C191EDAA6BD2E211162111F;0000025374;SAP_SYSTEM20230223000052;Bill West;Bill West;BPINST;20200519;155729;SAP_SYSTEM;20230223;000052;;;Bill;West;Bill West;;;;;0000000;00000;0;;00000000;00000000;;X;;X;;0002;;;;;BPEE;;;;;;D;D;WEST;BILL;WEST;BILL;;;X;19750228;;;;;;;;;;;DE;;;;;Hamburg;;00000000;K;;;;BW;2;;;;;;;;;;;;;;
9980000112;1;;0AA94D873C191EDAA6BD7C7AE0A6918F;0000025378;SAP_SYSTEM20230223000053;Brenda Miller;Brenda Miller;BPINST;20200519;161500;SAP_SYSTEM;20230223;000053;;;Brenda;Miller;Brenda Miller;;;;;0000000;00000;0;;00000000;00000000;;X;X;;;;;;;;BPEE;;;;;;D;D;MILLER;BRENDA;MILLER;BRENDA;;;X;19890726;;;;;;;;;;2;DE;;;Schmitt;;;;00000000;K;;;;BM;1;;;;;;;;;;;;;;
9980000113;1;;0AA94D873C191EDAA6BDA1C5C8E5D1B6;0000025383;SAP_SYSTEM20230223000053;Beate Young;Beate Young;BPINST;20200519;162321;SAP_SYSTEM;20230223;000053;;;Beate;Young;Beate Young;;;;;0000000;00000;0;;00000000;00000000;;X;X;;;0001;;;;;BPEE;;;;;;D;D;YOUNG;BEATE;YOUNG;BEATE;;;X;19780908;;;;;;;;;;1;DE;;;;;Siegen;;00000000;K;;;;;1;;;;;;;;;;;;;;
9980000114;1;;0AA94D873C191EDAA6BDABACB21FD1D1;0000025386;SAP_SYSTEM20230223000053;Brad Baker;Brad Baker;BPINST;20200519;162534;SAP_SYSTEM;20230223;000053;;;Brad;Baker;Brad Baker;;;;;0000000;00000;0;;00000000;00000000;;X;;X;;0002;;;;;BPEE;;;;;;D;D;BAKER;BRAD;BAKER;BRAD;;;X;19900407;;;;;;;;;;1;DE;;;;;Bremen;;00000000;K;;;;BB;2;;;;;;;;;;;;;;
0000000067;2;;0ECF98CB3DD71EDC90E3F2D1BAE801BA;;S4H_SD20211111110134;Copenhagen municipality;Copenhagen municipality;S4H_SD;20211111;110134;;00000000;000000;;;;;;Copenhagen municipality;;;;0000000;00000;0;;00000000;00000000;;;;;;;;;;;C012;;;;;;;;NODE 1;;COPENHAGEN MUNICIPALITY;;;;X;00000000;;;;;;;;;;;;;;;;;;00000000;;;;;;;;;;;;;;;;;;;;
BP_US_01;1;;0ECF98CB3DD71EDC90E7364B99A441BA;0000026011;S4H_FIN20211119050232;John Miller;John Miller;S4H_FIN;20211111;140533;S4H_FIN;20211119;050232;;;John;Miller;;;;;;0000000;00000;0;;00000000;00000000;;X;;X;;0002;;;;;BPAB;;;;;;E;;;;MILLER;JOHN;;;X;00000000;;;;;;;;;;;;;;;;;;00000000;;;;;;2;;;;;;;;;;;;;;
9980000115;1;;0AA94D873C191EDAA6BDB9C7111851D7;0000025389;SAP_SYSTEM20230223000053;Brian Harris;Brian Harris;BPINST;20200519;162843;SAP_SYSTEM;20230223;000053;;;Brian;Harris;Brian Harris;;;;;0000000;00000;0;;00000000;00000000;;X;;X;;0002;;;;;BPEE;;;;;;D;D;HARRIS;BRIAN;HARRIS;BRIAN;;;X;19740821;;;;;;;;;;1;DE;;;;;Butzbach;;00000000;K;;;;BH;2;;;;;;;;;;;;;;
0017537011;2;;0ECF98CB3DD71EDC91F1F85C2BD601BA;;BPINST20211117102245;Risk Business Partner;Risk Business Partner;BPINST;20211117;102132;BPINST;20211117;102245;;;;;;Risk Business Partner;;;;0000000;00000;0;;00000000;00000000;;;;;;;;;;;TR02;;;;;;;;RISK BP;;RISK BUSINESS PARTNER;;;;X;00000000;;;;;;;;;;;;;;;;;;00000000;;;;;;;;;;;;;;;;;;;;
9980000116;1;;0AA94D873C191EDAA6BDC4BB412191F4;0000025392;SAP_SYSTEM20230223000053;Liza Dreyer;Liza Dreyer;BPINST;20200519;163110;SAP_SYSTEM;20230223;000053;;;Liza;Dreyer;Liza Dreyer;;;;;0000000;00000;0;;00000000;00000000;;X;X;;;0001;;;;;BPEE;;;;;;D;D;DREYER;LIZA;DREYER;LIZA;;;X;19830715;;;;;;;;;;1;DE;;;;;Michelstadt;;00000000;K;;;;LD;1;;;;;;;;;;;;;;
0001000179;2;;0ECF98CB3DD71EDC92F88062267B01BA;;BPINST20211122184322;Name;Name;BPINST;20211122;184322;;00000000;000000;;;;;;Name;;;;0000000;00000;0;;00000000;00000000;;;;;;;;;;;BP02;;;;;;;;;;NAME;;;;X;00000000;;;;;;;;;;;;;;;;;;00000000;;;;;;;;;;;;;;;;;;;;
0017300010;2;;0AD0658A6F041ED8B381BAC8BF8CA471;;S4H_FIN20221122032811;Domestic US Supplier 10;Domestic US Supplier 10;BPINST;20181009;215435;S4H_FIN;20221122;032811;;;;;;Domestic US Supplier 10;;;;0000000;00000;0;01;00000000;00000000;;;;;;0003;;;;;BP03;;;;;;;;SUPL10;;DOMESTIC US SUPPLIER 10;;;;X;00000000;;;;;;;;;;;;;;;;;;00000000;;;;;;;;;;;;;;;;;;;;
USSU-VSF06;2;;0ADC9D1324481EE7AADFB8CDBC863317;;S4H_FIN20211125070712;VF Vendor 06;VF Vendor 06;BPINST;20171007;011850;S4H_FIN;20211125;070712;;;;;;VF Vendor 06;;;;0000000;00000;0;;00000000;00000000;;;;;;0003;;;;;0002;;;;;;;;VSF06;;VF VENDOR 06;;;;X;00000000;;;;;;;;;;;;;;;;;;00000000;;;;;;;;;;;;;;;;;;;;
9980000120;1;;0AA94D873C191EDAA880A7532E5F933B;0000025411;SAP_SYSTEM20230223000053;Anton Lewis;Anton Lewis;BPINST;20200527;103130;SAP_SYSTEM;20230223;000053;;;Anton;Lewis;Anton Lewis;;;;;0000000;00000;0;;00000000;00000000;;X;;X;;0002;;;;;BPEE;;;;;;E;E;LEWIS;ANTON;LEWIS;ANTON;;;X;19750805;;;;;;;;;;1;VI;;;;;;;00000000;K;;;;;2;;;;;;;;;;;;;;
9980000130;1;;0AC8D7DFA3A71EEB86A66E7BC322576B;0000025511;SAP_SYSTEM20230223000053;Tom Service;Tom Service;BPINST;20201028;153714;SAP_SYSTEM;20230223;000053;;;Tom;Service;Tom Service;;;;;0000000;00000;0;;00000000;00000000;;X;;X;;0002;;;;;BPEE;;;;;;E;E;SERVICE;TOM;SERVICE;TOM;;0000025517;X;19900101;;;;;;;;;;;DE;;;;;;;00000000;K;;;;;2;;;;;;;;;;;;;;
9980000140;1;;0AC8D7DFA3A71EEB86B8FF1728F8DE8D;0000025524;SAP_SYSTEM20230223000054;James Dispatcher;James Dispatcher;BPINST;20201029;092022;SAP_SYSTEM;20230223;000054;;;James;Dispatcher;James Dispatcher;;;;;0000000;00000;0;;00000000;00000000;;X;;X;;0002;;;;;BPEE;;;;;;E;E;DISPATCHER;JAMES;DISPATCHER;JAMES;;0000025530;X;19900101;;;;;;;;;;;DE;;;;;;;00000000;K;;;;;2;;;;;;;;;;;;;;
9980000141;1;;0AC8D7DFA3A71EEB86BAD7BD8C23DF40;0000025531;SAP_SYSTEM20230223000054;Mary Technician;Mary Technician;BPINST;20201029;110606;SAP_SYSTEM;20230223;000054;;;Mary;Technician;Mary Technician;;;;;0000000;00000;0;;00000000;00000000;;X;X;;;0001;;;;;BPEE;;;;;;E;E;TECHNICIAN;MARY;TECHNICIAN;MARY;;0000025537;X;19900101;;;;;;;;;;;DE;;;;;;;00000000;K;;;;;1;;;;;;;;;;;;;;
9980000150;1;;0AC8D7DFA3A71EEB88CEEC3DAC290666;0000025572;BPINST20250327044325;John Wayne;John Wayne;BPINST;20201109;103610;BPINST;20250327;044325;;;John;Wayne;John Wayne;;;;;0000000;00000;0;;00000000;00000000;;X;;X;;0002;;;;;BPEE;;;;;;E;E;WAYNE;JOHN;WAYNE;JOHN;;;X;19860101;;;;;;;;;;2;US;;;;;;;00000000;K;;;;JW;2;;;;;;;;;;;;;;
9980000164;1;;0AC8D7DFA3A71EEB8A920464322A8BAF;0000025666;SAP_SYSTEM20230223000055;Grace Simmons;Grace Simmons;BPINST;20201117;044829;SAP_SYSTEM;20230223;000055;;;Grace;Simmons;Grace Simmons;;;;;0000000;00000;0;;00000000;00000000;;X;X;;;0001;;;;;BPEE;;;;;;E;E;SIMMONS;GRACE;SIMMONS;GRACE;;0000025704;X;19970108;;;;;;;;;;;DE;;;;;;;00000000;K;;;;;1;;;;;;;;;;;;;;
9980000165;1;;0AC8D7DFA3A71EEB8A9213EAE0868BB8;0000025671;SAP_SYSTEM20230223000055;Laurel Palmer;Laurel Palmer;BPINST;20201117;045157;SAP_SYSTEM;20230223;000055;;;Laurel;Palmer;Laurel Palmer;;;;;0000000;00000;0;;00000000;00000000;;X;X;;;0001;;;;;BPEE;;;;;;E;E;PALMER;LAUREL;PALMER;LAUREL;;;X;19970108;;;;;;;;;;;DE;;;;;;;00000000;K;;;;;1;;;;;;;;;;;;;;
0001000333;2;;994C63CEB1AB1EEEA2BFFD1ADE3D825E;;SAP_WFRT20231124125838;Fielsfra;Fielsfra;SAP_WFRT;20231123;133804;SAP_WFRT;20231124;125838;;;;;;Fielsfra;;;;0000000;00000;0;;00000000;00000000;;;;;;0003;;;;;BP02;;;;;;;;N;;FIELSFRA;;;;X;00000000;;;;;;;;;;;;;;;;;;00000000;;;;;;;;;;;;;;;;;;;;
0001000334;2;;994C63CEB1AB1EDEA2BE39D11B5452D2;;SAP_WFRT20231124125838;Kraichgau Service;Kraichgau Service;SAP_WFRT;20231123;133804;SAP_WFRT;20231124;125838;;;;;;Kraichgau Service;;;;0000000;00000;0;;00000000;00000000;;;;;;0003;;;;;BP02;;;;;;;;N;;KRAICHGAU SERVICE;;;;X;00000000;;;;;;;;;;;;;;;;;;00000000;;;;;;;;;;;;;;;;;;;;
0001000335;2;;994C63CEB1AB1EEEA2BFF427CFFA01FE;;SAP_WFRT20231124125838;UReaL;UReaL;SAP_WFRT;20231123;133804;SAP_WFRT;20231124;125838;;;;;;UReaL;;;;0000000;00000;0;;00000000;00000000;;;;;;0003;;;;;BP02;;;;;;;;N;;UREAL;;;;X;00000000;;;;;;;;;;;;;;;;;;00000000;;;;;;;;;;;;;;;;;;;;
0001000441;2;;994C63CEB1AB1EDEA2DA4BEBB6574B61;;SAP_WFRT20231124141515;suppla;suppla;SAP_WFRT;20231124;141515;;00000000;000000;;;;;;suppla;;;;0000000;00000;0;;00000000;00000000;;;;;;0003;;;;;BP02;;;;;;;;AUTO;;SUPPLA;;;;X;00000000;;;;;;;;;;;;;;;;;;00000000;;;;;;;;;;;;;;;;;;;;
0001000442;2;;994C63CEB1AB1EDEA2DA9A36CE9F0EA7;;SAP_WFRT20231124142720;supplas2;supplas2;SAP_WFRT;20231124;142720;;00000000;000000;;;;;;supplas2;;;;0000000;00000;0;;00000000;00000000;;;;;;0003;;;;;BP02;;;;;;;;T;;SUPPLAS2;;;;X;00000000;;;;;;;;;;;;;;;;;;00000000;;;;;;;;;;;;;;;;;;;;
0010386402;2;;A505C9AF5F3E1EEFA3A783AB127BA96E;;BPINST20241018103129;TM Freight Forwarder Self-Billing DE 2;TM Freight Forwarder Self-Billing DE 2;BPINST;20241018;103120;BPINST;20241018;103129;;;;;;TM Freight Forwarder Self-Billing DE 2;;;;0000000;00000;0;01;00000000;00000000;;;;;;0003;;;;;BP03;;;;;;;;TMFORWSBDE1;;TM FREIGHT FORWARDER SELF-BILLING D;;;;X;00000000;;;;;;;;;;;;;;;;;;00000000;;;;;;;;;;;;;;;;;;;;
0001000035;2;;126EE31C69721ED88CB25ADB19D60C21;;MDG_EXPERT20240318102201;170 Sales Office 170;170 Sales Office 170;BPINST;20180327;074537;MDG_EXPERT;20240318;102201;;;;;;170;Sales Office 170;;;0000000;00000;0;;00000000;00000000;;;;;;0003;;;;;BP02;;;;;;;;170;SALES OFFICE 170;170;SALES OFFICE 170;;;X;00000000;X;;;;;;;;;;;;;;;;;00000000;;;;;;;;;;;;;;;;;;;;
0010386501;2;;A505C9AF5F3E1EEFA3A7848D876C2976;;BPINST20241018103135;TM Airline Carrier DE 1;TM Airline Carrier DE 1;BPINST;20241018;103132;BPINST;20241018;103135;;;;;;TM Airline Carrier DE 1;;;;0000000;00000;0;01;00000000;00000000;;;;;;0003;;;;;BP03;;;;;;;;TMAIRLINEDE1;;TM AIRLINE CARRIER DE 1;;;;X;00000000;;;;;;;;;;;;;;;;;;00000000;;;;;;;;;;;;;;;;;;;;
0010386502;2;;A505C9AF5F3E1EEFA3A7848D876D8976;;BPINST20241018103135;TM Airline Carrier Self-Billing DE 1;TM Airline Carrier Self-Billing DE 1;BPINST;20241018;103132;BPINST;20241018;103135;;;;;;TM Airline Carrier Self-Billing DE 1;;;;0000000;00000;0;01;00000000;00000000;;;;;;0003;;;;;BP03;;;;;;;;TMAIRLINESBDE2;;TM AIRLINE CARRIER SELF-BILLING DE;;;;X;00000000;;;;;;;;;;;;;;;;;;00000000;;;;;;;;;;;;;;;;;;;;
0010386601;2;;A505C9AF5F3E1EEFA3A7848D876EE976;;BPINST20241018103135;TM DE Supplier 1;TM DE Supplier 1;BPINST;20241018;103132;BPINST;20241018;103135;;;;;;TM DE Supplier 1;;;;0000000;00000;0;01;00000000;00000000;;;;;;0003;;;;;BP03;;;;;;;;TMDESUPPLIER1;;TM DE SUPPLIER 1;;;;X;00000000;;;;;;;;;;;;;;;;;;00000000;;;;;;;;;;;;;;;;;;;;
0001000469;2;;A505C9AF5F3E1EEFA3A7984612AEE9BF;;BPINST20241018103554;Company Code Company Code 1010;Company Code Company Code 1010;BPINST;20241018;103554;;00000000;000000;;;;;;Company Code;Company Code 1010;;;0000000;00000;0;;00000000;00000000;;;;;;;;;;;BP02;;;;;;;;COMPANY CODE;COMPANY CODE 1010;COMPANY CODE;COMPANY CODE 1010;;;X;00000000;;;;;;;;;;;;;;;;;;00000000;;;;;;;;;;;;;;;;;;;;
0001000470;2;;A505C9AF5F3E1EEFA3A7984612AF09BF;;BPINST20241018103554;Purch. Org. Purch. Org. 1010;Purch. Org. Purch. Org. 1010;BPINST;20241018;103554;;00000000;000000;;;;;;Purch. Org.;Purch. Org. 1010;;;0000000;00000;0;;00000000;00000000;;;;;;;;;;;BP02;;;;;;;;PURCH. ORG.;PURCH. ORG. 1010;PURCH. ORG.;PURCH. ORG. 1010;;;X;00000000;;;;;;;;;;;;;;;;;;00000000;;;;;;;;;;;;;;;;;;;;
0001000471;2;;A505C9AF5F3E1EEFA3A7984612AF29BF;;BPINST20241018103554;Transportati Transportation Srv;Transportati Transportation Srv;BPINST;20241018;103554;;00000000;000000;;;;;;Transportati;Transportation Srv;;;0000000;00000;0;;00000000;00000000;;;;;;;;;;;BP02;;;;;;;;TRANSPORTATI;TRANSPORTATION SRV;TRANSPORTATI;TRANSPORTATION SRV;;;X;00000000;;;;;;;;;;;;;;;;;;00000000;;;;;;;;;;;;;;;;;;;;
0017100080;2;;0A85CC0F54DB1EDB8488E7D0D0C0502F;;BPINST20241018112950;Domestic US Customer 80;Domestic US Customer 80;BPINST;20201017;070614;BPINST;20241018;112950;;;;;;Domestic US Customer 80;;;;0000000;00000;0;01;00000000;00000000;;;;;;0003;;;;;BP03;;;;;;;;CUST80;;DOMESTIC US CUSTOMER 80;;;;X;00000000;;;;;;;;;;;;;;;;;;00000000;;;;;;;;;;;;;;;;;;;;
0017100081;2;;0A85CC0F54DB1EDB8488E7D0D0C1B02F;;BPINST20241018112950;Domestic US Customer 81;Domestic US Customer 81;BPINST;20201017;070614;BPINST;20241018;112950;;;;;;Domestic US Customer 81;;;;0000000;00000;0;01;00000000;00000000;;;;;;0003;;;;;BP03;;;;;;;;CUST81;;DOMESTIC US CUSTOMER 81;;;;X;00000000;;;;;;;;;;;;;;;;;;00000000;;;;;;;;;;;;;;;;;;;;
0017186003;2;;1258E2B9D8101ED7BFF9708427B4CD2E;;BPINST20241018114535;US TM Customer3;US TM Customer3;S4H_TM_TP;20180122;232842;BPINST;20241018;114535;;;;;;US TM Customer3;;;;0000000;00000;0;01;00000000;00000000;;;;;;;;;;;BP03;;;;;;;;CUSTUSTM3;;US TM CUSTOMER3;;;;X;00000000;;;;;;;;;;;;;;;;;;00000000;;;;;;;;;;;;;;;;;;;;
0017186004;2;;1258E2B9D8101ED7BFF9EDAE3878CE31;;BPINST20241018114535;US TM Customer4;US TM Customer4;S4H_TM_TP;20180122;235436;BPINST;20241018;114535;;;;;;US TM Customer4;;;;0000000;00000;0;01;00000000;00000000;;;;;;;;;;;BP03;;;;;;;;CUSTUSTM4;;US TM CUSTOMER4;;;;X;00000000;;;;;;;;;;;;;;;;;;00000000;;;;;;;;;;;;;;;;;;;;
0017186005;2;;1258E2B9D8101EE8808E0DCAF6069669;;BPINST20241018114537;US TM Customer5;US TM Customer5;S4H_TM_TP;20180123;190746;BPINST;20241018;114537;;;;;;US TM Customer5;;;;0000000;00000;0;01;00000000;00000000;;;;;;;;;;;BP03;;;;;;;;CUSTUSTM5;;US TM CUSTOMER5;;;;X;00000000;;;;;;;;;;;;;;;;;;00000000;;;;;;;;;;;;;;;;;;;;
0017386001;2;;1258E2B9D8101ED7BFF9D4AE8456CE02;;BPINST20241119121246;US TM Carrier1;US TM Carrier1;S4H_TM_TP;20180123;004816;BPINST;20241119;121246;;;;;;US TM Carrier1;;;;0000000;00000;0;01;00000000;00000000;;;;;;;;;;;BP03;;;;;;;;CARRTM1;;US TM CARRIER1;;;;X;00000000;;;;;;;;;;;;;;;;;;00000000;;;;;;;;;;;;;;;;;;;;
0017386002;2;;1258E2B9D8101EE8808FADB1809C19D8;;BPINST20241018114539;US TM Carrier2;US TM Carrier2;S4H_TM_TP;20180123;204137;BPINST;20241018;114539;;;;;;US TM Carrier2;;;;0000000;00000;0;01;00000000;00000000;;;;;;;;;;;BP03;;;;;;;;CARRTM2;;US TM CARRIER2;;;;X;00000000;;;;;;;;;;;;;;;;;;00000000;;;;;;;;;;;;;;;;;;;;
0017386003;2;;1258E2B9D8101EE8808FCBCAABECDA0B;;BPINST20241018114539;US TM Carrier3;US TM Carrier3;S4H_TM_TP;20180123;205400;BPINST;20241018;114539;;;;;;US TM Carrier3;;;;0000000;00000;0;01;00000000;00000000;;;;;;;;;;;BP03;;;;;;;;CARRTM3;;US TM CARRIER3;;;;X;00000000;;;;;;;;;;;;;;;;;;00000000;;;;;;;;;;;;;;;;;;;;
0017386004;2;;1258E2B9D8101EE8808FFCCFA6811A92;;BPINST20241018114539;US TM Carrier4;US TM Carrier4;S4H_TM_TP;20180123;205720;BPINST;20241018;114539;;;;;;US TM Carrier4;;;;0000000;00000;0;01;00000000;00000000;;;;;;;;;;;BP03;;;;;;;;CARRTM4;;US TM CARRIER4;;;;X;00000000;;;;;;;;;;;;;;;;;;00000000;;;;;;;;;;;;;;;;;;;;
0017386201;2;;A505C9AF5F3E1EEFA3A8CFE112781074;;BPINST20241018114543;TM Rail Carrier US 1;TM Rail Carrier US 1;BPINST;20241018;114538;BPINST;20241018;114543;;;;;;TM Rail Carrier US 1;;;;0000000;00000;0;01;00000000;00000000;;;;;;0003;;;;;BP03;;;;;;;;TMRAILCARRUS1;;TM RAIL CARRIER US 1;;;;X;00000000;;;;;;;;;;;;;;;;;;00000000;;;;;;;;;;;;;;;;;;;;
0017386202;2;;A505C9AF5F3E1EEFA3A8CFE112797074;;BPINST20241018114543;TM Rail Carrier US 2;TM Rail Carrier US 2;BPINST;20241018;114538;BPINST;20241018;114543;;;;;;TM Rail Carrier US 2;;;;0000000;00000;0;01;00000000;00000000;;;;;;0003;;;;;BP03;;;;;;;;TMRAILCARRUS2;;TM RAIL CARRIER US 2;;;;X;00000000;;;;;;;;;;;;;;;;;;00000000;;;;;;;;;;;;;;;;;;;;
0017386301;2;;A505C9AF5F3E1EEFA3A8CFE1127AD074;;BPINST20241018114543;TM Ocean Carrier US 1;TM Ocean Carrier US 1;BPINST;20241018;114538;BPINST;20241018;114543;;;;;;TM Ocean Carrier US 1;;;;0000000;00000;0;01;00000000;00000000;;;;;;0003;;;;;BP03;;;;;;;;TMCARRUS1;;TM OCEAN CARRIER US 1;;;;X;00000000;;;;;;;;;;;;;;;;;;00000000;;;;;;;;;;;;;;;;;;;;
0017386302;2;;A505C9AF5F3E1EEFA3A8CFE1127C3074;;BPINST20241018114543;TM Ocean Carrier Self-Billing US 2;TM Ocean Carrier Self-Billing US 2;BPINST;20241018;114538;BPINST;20241018;114543;;;;;;TM Ocean Carrier Self-Billing US 2;;;;0000000;00000;0;01;00000000;00000000;;;;;;0003;;;;;BP03;;;;;;;;TMCARRSBUS1;;TM OCEAN CARRIER SELF-BILLING US 2;;;;X;00000000;;;;;;;;;;;;;;;;;;00000000;;;;;;;;;;;;;;;;;;;;
0017386401;2;;A505C9AF5F3E1EEFA3A8CFE1127D9074;;BPINST20241018114543;TM Freight Forwarder US 1;TM Freight Forwarder US 1;BPINST;20241018;114538;BPINST;20241018;114543;;;;;;TM Freight Forwarder US 1;;;;0000000;00000;0;01;00000000;00000000;;;;;;0003;;;;;BP03;;;;;;;;TMFORWUS1;;TM FREIGHT FORWARDER US 1;;;;X;00000000;;;;;;;;;;;;;;;;;;00000000;;;;;;;;;;;;;;;;;;;;
0017386402;2;;A505C9AF5F3E1EEFA3A8CFE1127EF074;;BPINST20241018114543;TM Freight Forwarder Self-Billing US 2;TM Freight Forwarder Self-Billing US 2;BPINST;20241018;114538;BPINST;20241018;114543;;;;;;TM Freight Forwarder Self-Billing US 2;;;;0000000;00000;0;01;00000000;00000000;;;;;;0003;;;;;BP03;;;;;;;;TMCARRSBUS1;;TM FREIGHT FORWARDER SELF-BILLING U;;;;X;00000000;;;;;;;;;;;;;;;;;;00000000;;;;;;;;;;;;;;;;;;;;
0017386501;2;;A505C9AF5F3E1EEFA3A8D0578CFAF07E;;BPINST20241018114547;TM Airline US 1;TM Airline US 1;BPINST;20241018;114545;BPINST;20241018;114547;;;;;;TM Airline US 1;;;;0000000;00000;0;01;00000000;00000000;;;;;;0003;;;;;BP03;;;;;;;;TMAIRLINEUS1;;TM AIRLINE US 1;;;;X;00000000;;;;;;;;;;;;;;;;;;00000000;;;;;;;;;;;;;;;;;;;;
0017386502;2;;A505C9AF5F3E1EEFA3A8D0578CFC507E;;BPINST20241018114547;TM Airline Self-Billing US 2;TM Airline Self-Billing US 2;BPINST;20241018;114545;BPINST;20241018;114547;;;;;;TM Airline Self-Billing US 2;;;;0000000;00000;0;01;00000000;00000000;;;;;;0003;;;;;BP03;;;;;;;;TMAIRLINESBUS2;;TM AIRLINE SELF-BILLING US 2;;;;X;00000000;;;;;;;;;;;;;;;;;;00000000;;;;;;;;;;;;;;;;;;;;
0017386601;2;;A505C9AF5F3E1EEFA3A8D0578CFDB07E;;BPINST20241018114547;TM US Supplier 1;TM US Supplier 1;BPINST;20241018;114545;BPINST;20241018;114547;;;;;;TM US Supplier 1;;;;0000000;00000;0;01;00000000;00000000;;;;;;0003;;;;;BP03;;;;;;;;TMUSSUPPLIER1;;TM US SUPPLIER 1;;;;X;00000000;;;;;;;;;;;;;;;;;;00000000;;;;;;;;;;;;;;;;;;;;
0001000472;2;;A505C9AF5F3E1EEFA3A8D0A0C6BBD081;;BPINST20241018114548;Company Code Company Code 1710;Company Code Company Code 1710;BPINST;20241018;114548;;00000000;000000;;;;;;Company Code;Company Code 1710;;;0000000;00000;0;;00000000;00000000;;;;;;;;;;;BP02;;;;;;;;COMPANY CODE;COMPANY CODE 1710;COMPANY CODE;COMPANY CODE 1710;;;X;00000000;;;;;;;;;;;;;;;;;;00000000;;;;;;;;;;;;;;;;;;;;
USSU-VN42K;2;;9DE7B25D98001EDFA7AA0E36C1CD1770;;BPINST20241108092629;Supplier 42K;Supplier 42K;BPINST;20241107;214018;BPINST;20241108;092629;;;;;;Supplier 42K;;;;0000000;00000;0;;00000000;00000000;;;;;;;;;;;BPAB;;;;;;;;;;SUPPLIER 42K;;;;X;00000000;;;;;;;;;;;;;;;;;;00000000;;;;;;;;;;;;;;;;;;;;
0000000001;2;;CBE48995E3001FE081C9B7DB2DA3DF63;;MDG_EXPERT20250321121219;Earth Link Communication;Earth Link Communication;MDG_EXPERT;20250321;121219;;00000000;000000;;;;;;Earth Link Communication;;;;0000000;00000;0;;00000000;00000000;;;;;;;;;;;0001;;;;;;;;;MDCCAL;EARTH LINK COMMUNICATION;;;;X;00000000;;;;;;;;;;;;;;;;;;00000000;;;;;;;;;;;;;;;;;;;;
0017300081;2;;0ADC9D1324481EE7AABED083D6017799;;BPINST20221017183853;Domestic US Supplier (Ariba Sourcing 1);Domestic US Supplier (Ariba Sourcing 1);BPINST;20171005;175651;BPINST;20221017;183853;;;;;;Domestic US Supplier (Ariba Sourcing 1);;;;0000000;00000;0;01;00000000;00000000;;;;;;0003;;;;;BP03;;;;;;;;SUPL81;;DOMESTIC US SUPPLIER (ARIBA SOURCIN;;;;X;00000000;;;;;;;;;;;;;;;;;;00000000;;;;;;;;;;;;;;;;;;;;
0017300082;2;;0ADC9D1324481EE7AABED32A3FE4779B;;BPINST20221017183853;Domestic US Supplier (Ariba Sourcing 2);Domestic US Supplier (Ariba Sourcing 2);BPINST;20171005;175730;BPINST;20221017;183853;;;;;;Domestic US Supplier (Ariba Sourcing 2);;;;0000000;00000;0;01;00000000;00000000;;;;;;0003;;;;;BP03;;;;;;;;SUPL82;;DOMESTIC US SUPPLIER (ARIBA SOURCIN;;;;X;00000000;;;;;;;;;;;;;;;;;;00000000;;;;;;;;;;;;;;;;;;;;
0017300083;2;;0ADC9D1324481EE7AABED6041827F79F;;BPINST20221017183853;Domestic US Supplier (Ariba Sourcing 3);Domestic US Supplier (Ariba Sourcing 3);BPINST;20171005;175806;BPINST;20221017;183853;;;;;;Domestic US Supplier (Ariba Sourcing 3);;;;0000000;00000;0;01;00000000;00000000;;;;;;0003;;;;;BP03;;;;;;;;SUPL83;;DOMESTIC US SUPPLIER (ARIBA SOURCIN;;;;X;00000000;;;;;;;;;;;;;;;;;;00000000;;;;;;;;;;;;;;;;;;;;
0001000263;2;;DB798EDB083A1EEEA1D9E669D2A6A51F;;SERV_MAN20231119113700;Customer SRV 1710 ICO Inc.;Customer SRV 1710 ICO Inc.;SERV_MAN;20231119;113224;SERV_MAN;20231119;113700;;;;;;Customer SRV 1710 ICO Inc.;;;;0000000;00000;0;;00000000;00000000;;;;;;0003;;;;;BP02;;;;;;;;;;CUSTOMER SRV 1710 ICO INC.;;;;X;00000000;;;;;;;;;;;;;;;;;;00000000;;;;;;;;;;;;;;;;;;;;
0017300095;2;;0AD0658A6F041ED8B3822A0B607FA528;;BPINST20221017185631;US - Sales Commission Recipient;US - Sales Commission Recipient;BPINST;20181009;221930;BPINST;20221017;185631;;;;;;US - Sales Commission Recipient;;;;0000000;00000;0;01;00000000;00000000;;;;;;0003;;;;;BP03;;;;;;;;SUPL10;;US - SALES COMMISSION RECIPIENT;;;;X;00000000;;;;;;;;;;;;;;;;;;00000000;;;;;;;;;;;;;;;;;;;;
0017154801;2;;1246368BD7AA1EE9B8A6DED8EB06C16B;;BPINST20221017185705;JIT Company;JIT Company;BPINST;20190927;145619;BPINST;20221017;185705;;;;;;JIT Company;;;;0000000;00000;0;;00000000;00000000;;;;;;0003;;;;;BP03;;;;;;;;JIT;;JIT COMPANY;;;;X;00000000;;;;;;;;;;;;;;;;;;00000000;;;;;;;;;;;;;;;;;;;;
DVVEND_US;2;;41734E1583BB1EED93CA34D1BB37973C;;BPINST20221017192651;Digital Vehicle Vendor Company;Digital Vehicle Vendor Company;BPINST;20221017;192651;;00000000;000000;;;;;;Digital Vehicle Vendor Company;;;;0000000;00000;0;;00000000;00000000;;;;;;0003;;;;;BPAB;;;;;;;;DIGITAL VEHICLE VEND;;DIGITAL VEHICLE VENDOR COMPANY;;;;X;00000000;;;;;;;;;;;;;;;;;;00000000;;;;;;;;;;;;;;;;;;;;
DVCUST_US;2;;41734E1583BB1EED93CA34D1BB3C973C;;BPINST20221017192652;Digital Vehicle Customer Company;Digital Vehicle Customer Company;BPINST;20221017;192652;;00000000;000000;;;;;;Digital Vehicle Customer Company;;;;0000000;00000;0;;00000000;00000000;;;;;;0003;;;;;BPAB;;;;;;;;DIGITAL VEHICLE CUST;;DIGITAL VEHICLE CUSTOMER COMPANY;;;;X;00000000;;;;;;;;;;;;;;;;;;00000000;;;;;;;;;;;;;;;;;;;;
0017100008;2;;0ADC9D1324481ED7AAB3299AE12C3E09;;SAP_WFRT20231115161054;Domestic US Customer 8;Domestic US Customer 8;BPINST;20171005;064937;SAP_WFRT;20231115;161054;;;;;;Domestic US Customer 8;;;;0000000;00000;0;01;00000000;00000000;;;;;;0003;;;;;BP03;;;;;;;;CUSTUS8;;DOMESTIC US CUSTOMER 8;;;;X;00000000;;;;;;;;;;;;;;;;;;00000000;;;;;;;;;;;;;;;;;;;;
BP_FR99_DE;2;;0ECF98CB3DD71EDC8C9F36956507A1BA;;BPINST20251016083006;Client Domestique FR 99 for DE;Client Domestique FR 99 for DE;BPINST;20211019;162917;BPINST;20251016;083006;;;;;;Client Domestique FR 99 for DE;;;;0000000;00000;0;01;00000000;00000000;;;;;;;;;;;BPAB;;;;;;;;FICA CUSTOMER FR;;CLIENT DOMESTIQUE FR 99 FOR DE;;;;X;00000000;;;;;;;;;;;;;;;;;;00000000;;;;;;;;;;;;;;;;;;;;
BP_RU99_DE;2;;0ECF98CB3DD71EDC8C9F3695650901BA;;BPINST20251016083006;Domestic RU Customer 99 for DE;Domestic RU Customer 99 for DE;BPINST;20211019;162917;BPINST;20251016;083006;;;;;;Domestic RU Customer 99 for DE;;;;0000000;00000;0;01;00000000;00000000;;;;;;0003;;;;;BPAB;;;;;;;;FICA CUSTOMER RU;;DOMESTIC RU CUSTOMER 99 FOR DE;;;;X;00000000;;;;;;;;;;;;;;;;;;00000000;;;;;;;;;;;;;;;;;;;;
0017300096;2;;0ECF98CB3DD71EDC8CA35DD7F61A01BA;;BPINST20221017185758;US - Royalties Recipient;US - Royalties Recipient;BPINST;20211019;202708;BPINST;20221017;185758;;;;;;US - Royalties Recipient;;;;0000000;00000;0;01;00000000;00000000;;;;;;0003;;;;;BP03;;;;;;;;SUPL10;;US - ROYALTIES RECIPIENT;;;;X;00000000;;;;;;;;;;;;;;;;;;00000000;;;;;;;;;;;;;;;;;;;;
BP_DE_FACT;2;;0ECF98CB3DD71EDC8C9F58272ADAC1BA;;BPINST20251016083856;Inlandskunde DE Factoring company;Inlandskunde DE Factoring company;BPINST;20211019;163648;BPINST;20251016;083856;;;;;;Inlandskunde DE Factoring company;;;;0000000;00000;0;01;00000000;00000000;;;;;;;;;;;BPAB;;;;;;;;FICA CUSTOMER DE FAC;;INLANDSKUNDE DE FACTORING COMPANY;;;;X;00000000;;;;;;;;;;;;;;;;;;00000000;;;;;;;;;;;;;;;;;;;;
0010100023;2;;0ECF98CB3DD71EDC8C9FDF88D311C1BA;;BPINST20251016083906;Inlandskunde DE 23;Inlandskunde DE 23;BPINST;20211019;170705;BPINST;20251016;083906;;;;;;Inlandskunde DE 23;;;;0000000;00000;0;01;00000000;00000000;;;;;;0003;;;;;CA03;;;;;;;;KUNDE23;;INLANDSKUNDE DE 23;;;;X;00000000;;;;;;;;;;;;;;;;;;00000000;;;;;;;;;;;;;;;;;;;;
0010100024;2;;0ECF98CB3DD71EDC8C9FDFA9B18841BA;;BPINST20251016083906;Inlandskunde DE 24;Inlandskunde DE 24;BPINST;20211019;170705;BPINST;20251016;083906;;;;;;Inlandskunde DE 24;;;;0000000;00000;0;01;00000000;00000000;;;;;;0003;;;;;CA03;;;;;;;;KUNDE24;;INLANDSKUNDE DE 24;;;;X;00000000;;;;;;;;;;;;;;;;;;00000000;;;;;;;;;;;;;;;;;;;;
0010100028;2;;0ECF98CB3DD71EDC8C9FDFA9B189A1BA;;BPINST20251016083906;Inlandskunde DE 28;Inlandskunde DE 28;BPINST;20211019;170705;BPINST;20251016;083906;;;;;;Inlandskunde DE 28;;;;0000000;00000;0;01;00000000;00000000;;;;;;0003;;;;;CA03;;;;;;;;KUNDE28;;INLANDSKUNDE DE 28;;;;X;00000000;;;;;;;;;;;;;;;;;;00000000;;;;;;;;;;;;;;;;;;;;
0010100029;2;;0ECF98CB3DD71EDC8C9FDFA9B18B01BA;;BPINST20251016083906;Inlandskunde DE 29;Inlandskunde DE 29;BPINST;20211019;170705;BPINST;20251016;083906;;;;;;Inlandskunde DE 29;;;;0000000;00000;0;01;00000000;00000000;;;;;;0003;;;;;CA03;;;;;;;;KUNDE29;;INLANDSKUNDE DE 29;;;;X;00000000;;;;;;;;;;;;;;;;;;00000000;;;;;;;;;;;;;;;;;;;;
0010100021;2;;0ECF98CB3DD71EDC8C9FDFA9B194E1BA;;BPINST20251016083908;Inlandskunde DE 21;Inlandskunde DE 21;BPINST;20211019;170708;BPINST;20251016;083908;;;;;;Inlandskunde DE 21;;;;0000000;00000;0;01;00000000;00000000;;;;;;0003;;;;;CA03;;;;;;;;KUNDE21;;INLANDSKUNDE DE 21;;;;X;00000000;;;;;;;;;;;;;;;;;;00000000;;;;;;;;;;;;;;;;;;;;
0010100120;2;;0ECF98CB3DD71EDC8C9FDFCDB111A1BA;;BPINST20251016083909;Inlandskunde DE 120 (SEPA) FICA;Inlandskunde DE 120 (SEPA) FICA;BPINST;20211019;170709;BPINST;20251016;083909;;;;;;Inlandskunde DE 120 (SEPA) FICA;;;;0000000;00000;0;01;00000000;00000000;;;;;;0003;;;;;CA03;;;;;;;;KUNDE120;;INLANDSKUNDE DE 120 (SEPA) FICA;;;;X;00000000;;;;;;;;;;;;;;;;;;00000000;;;;;;;;;;;;;;;;;;;;
0010100065;2;;5D7DF2693A621FD0AAD096DD484E6D7B;;BPINST20251016113907;Inlandskunde DE 65;Inlandskunde DE 65;BPINST;20251016;113903;BPINST;20251016;113907;;;;;;Inlandskunde DE 65;;;;0000000;00000;0;01;00000000;00000000;;;;;;0003;;;;;BP03;;;;;;;;KUNDE1;;INLANDSKUNDE DE 65;;;;X;00000000;;;;;;;;;;;;;;;;;;00000000;;;;;;;;;;;;;;;;;;;;
0010100066;2;;5D7DF2693A621FD0AAD096F18AFE2D7D;;BPINST20251016113907;Inlandskunde DE 66;Inlandskunde DE 66;BPINST;20251016;113903;BPINST;20251016;113907;;;;;;Inlandskunde DE 66;;;;0000000;00000;0;01;00000000;00000000;;;;;;0003;;;;;BP03;;;;;;;;KUNDE2;;INLANDSKUNDE DE 66;;;;X;00000000;;;;;;;;;;;;;;;;;;00000000;;;;;;;;;;;;;;;;;;;;
BP_US_99;2;;0ECF98CB3DD71EDC8CA304F6055FA1BA;;BPINST20251016135144;Domestic US Customer 1;Domestic US Customer 1;BPINST;20211019;200716;BPINST;20251016;135144;;;;;;Domestic US Customer 1;;;;0000000;00000;0;;00000000;00000000;;;;;;;;;;;BPAB;;;;;;;;FICA CUSTOMER US;;DOMESTIC US CUSTOMER 1;;;;X;00000000;;;;;;;;;;;;;;;;;;00000000;;;;;;;;;;;;;;;;;;;;
BP_US_FACT;2;;0ECF98CB3DD71EDC8CA32CE849DD01BA;;BPINST20251016145158;Domestic US Factoring company;Domestic US Factoring company;BPINST;20211019;201611;BPINST;20251016;145158;;;;;;Domestic US Factoring company;;;;0000000;00000;0;;00000000;00000000;;;;;;;;;;;BPAB;;;;;;;;FICA CUSTOMER FOR US;;DOMESTIC US FACTORING COMPANY;;;;X;00000000;;;;;;;;;;;;;;;;;;00000000;;;;;;;;;;;;;;;;;;;;
0017100023;2;;5D7DF2693A621FE0AAD3F5C6D58EC242;;BPINST20251016145208;Domestic US Customer 23;Domestic US Customer 23;BPINST;20251016;145205;BPINST;20251016;145208;;;;;;Domestic US Customer 23;;;;0000000;00000;0;01;00000000;00000000;;;;;;0003;;;;;CA03;;;;;;;;CUSTUS23;;DOMESTIC US CUSTOMER 23;;;;X;00000000;;;;;;;;;;;;;;;;;;00000000;;;;;;;;;;;;;;;;;;;;
0017100024;2;;5D7DF2693A621FE0AAD3F5C6D5902242;;BPINST20251016145208;Domestic US Customer 24;Domestic US Customer 24;BPINST;20251016;145205;BPINST;20251016;145208;;;;;;Domestic US Customer 24;;;;0000000;00000;0;01;00000000;00000000;;;;;;0003;;;;;CA03;;;;;;;;CUSTUS24;;DOMESTIC US CUSTOMER 24;;;;X;00000000;;;;;;;;;;;;;;;;;;00000000;;;;;;;;;;;;;;;;;;;;
0017100028;2;;5D7DF2693A621FE0AAD3F5C6D5918242;;BPINST20251016145208;Domestic US Customer 28;Domestic US Customer 28;BPINST;20251016;145205;BPINST;20251016;145208;;;;;;Domestic US Customer 28;;;;0000000;00000;0;01;00000000;00000000;;;;;;0003;;;;;CA03;;;;;;;;CUSTUS28;;DOMESTIC US CUSTOMER 28;;;;X;00000000;;;;;;;;;;;;;;;;;;00000000;;;;;;;;;;;;;;;;;;;;
0017100029;2;;5D7DF2693A621FE0AAD3F5C6D592E242;;BPINST20251016145208;Domestic US Customer 29;Domestic US Customer 29;BPINST;20251016;145205;BPINST;20251016;145208;;;;;;Domestic US Customer 29;;;;0000000;00000;0;01;00000000;00000000;;;;;;0003;;;;;CA03;;;;;;;;CUSTUS29;;DOMESTIC US CUSTOMER 29;;;;X;00000000;;;;;;;;;;;;;;;;;;00000000;;;;;;;;;;;;;;;;;;;;
0017100021;2;;5D7DF2693A621FE0AAD3F630222A624F;;BPINST20251016145212;Domestic US Customer 21;Domestic US Customer 21;BPINST;20251016;145210;BPINST;20251016;145212;;;;;;Domestic US Customer 21;;;;0000000;00000;0;01;00000000;00000000;;;;;;0003;;;;;CA03;;;;;;;;CUSTUS21;;DOMESTIC US CUSTOMER 21;;;;X;00000000;;;;;;;;;;;;;;;;;;00000000;;;;;;;;;;;;;;;;;;;;
0017100065;2;;5D7DF2693A621FE0AAD4295A32666450;;BPINST20251016150339;Domestic US Customer 65;Domestic US Customer 65;BPINST;20251016;150337;BPINST;20251016;150339;;;;;;Domestic US Customer 65;;;;0000000;00000;0;01;00000000;00000000;;;;;;0003;;;;;BP03;;;;;;;;CUST1;;DOMESTIC US CUSTOMER 65;;;;X;00000000;;;;;;;;;;;;;;;;;;00000000;;;;;;;;;;;;;;;;;;;;
0017100066;2;;5D7DF2693A621FE0AAD4295A3267C450;;BPINST20251016150339;Domestic US Customer 66;Domestic US Customer 66;BPINST;20251016;150337;BPINST;20251016;150339;;;;;;Domestic US Customer 66;;;;0000000;00000;0;01;00000000;00000000;;;;;;0003;;;;;BP03;;;;;;;;CUST2;;DOMESTIC US CUSTOMER 66;;;;X;00000000;;;;;;;;;;;;;;;;;;00000000;;;;;;;;;;;;;;;;;;;;
USCU_S04;2;;0ADC9D1324481ED7AB8F801FF78C796F;;BPINST20200127230948;Fit Cycles;Fit Cycles;BPINST;20171008;225704;BPINST;20200127;230948;;;;;;Fit Cycles;;;;0000000;00000;0;;00000000;00000000;;;;;;0003;;;;;0002;;;;;;;;CBK07;;FIT CYCLES;;;;X;00000000;;;;;;;;;;;;;;;;;;00000000;;;;;;;;;;;;;;;;;;;;
0010186002;2;;A505C9AF5F3E1EEFA3A782E970208966;;BPINST20241018103118;TM Inlandskunde DE 2;TM Inlandskunde DE 2;BPINST;20241018;103109;BPINST;20241018;103118;;;;;;TM Inlandskunde DE 2;;;;0000000;00000;0;01;00000000;00000000;;;;;;0003;;;;;BP03;;;;;;;;TMKUNDE2;;TM INLANDSKUNDE DE 2;;;;X;00000000;;;;;;;;;;;;;;;;;;00000000;;;;;;;;;;;;;;;;;;;;
0017100009;2;;0ADC9D1324481ED7AAB32C4D1082FE0C;;SAP_WFRT20231115161054;Domestic US Customer 9;Domestic US Customer 9;BPINST;20171005;065016;SAP_WFRT;20231115;161054;;;;;;Domestic US Customer 9;;;;0000000;00000;0;01;00000000;00000000;;;;;;0003;;;;;BP03;;;;;;;;CUSTUS9;;DOMESTIC US CUSTOMER 9;;;;X;00000000;;;;;;;;;;;;;;;;;;00000000;;;;;;;;;;;;;;;;;;;;
0010186003;1;;A505C9AF5F3E1EEFA3A782E97021E966;0000027046;BPINST20241018103118;Franz Hero;Franz Hero;BPINST;20241018;103109;BPINST;20241018;103118;;;Franz;Hero;;;;;;0000000;00000;0;;00000000;00000000;;X;;X;;0002;;;;;BP03;;;;;;D;;TMKUNDE3;;HERO;FRANZ;;;X;00000000;;;;;;;;;;;;;;;;;;00000000;;;;;;2;;;;;;;;;;;;;;
0001000046;2;;126EE31C69721ED88CB5695D49696F77;;BPINST20180327104500;ICNT_1_SUP 1st Level Support;ICNT_1_SUP 1st Level Support;BPINST;20180327;104040;BPINST;20180327;104500;;;;;;ICNT_1_SUP;1st Level Support;;;0000000;00000;0;;00000000;00000000;;;;;;;;;;;BP02;;;;;;;;ICNT_1_SUP;1ST LEVEL SUPPORT;ICNT_1_SUP;1ST LEVEL SUPPORT;;;X;00000000;;;;;;;;;;;;;;;;;;00000000;;;;;;;;;;;;;;;;;;;;
0001000349;2;;FF586C9D42121EDE9FB2573264E4D653;;SAP_WFRT20231123163356;SAP SE SAP SE;SAP SE SAP SE;SAP_WFRT;20231123;163356;;00000000;000000;;;;;;SAP SE;SAP SE;;;0000000;00000;0;;00000000;00000000;;;;;;0003;;;;;BP02;;;;;;;;;;SAP SE;SAP SE;;;X;00000000;;;;;;;;;;;;;;;;;;00000000;;;;;;;;;;;;;;;;;;;;
0003000001;2;;0A7C457F45501ED98C8EA8E96E1A4D14;;SAP_WFRT20221122145805;ABC Supplier 02 MDG;ABC Supplier 02 MDG;SAP_WFRT;20190214;164730;SAP_WFRT;20221122;145805;;;;;;ABC Supplier 02;MDG;;;0000000;00000;0;;00000000;00000000;;;;;;0003;;;;;MDG1;;;;;;;;MDG;;ABC SUPPLIER 02;MDG;;;X;00000000;;;;;;;;;;;;;;;;;;00000000;;;;;;;;;;;;;;;;;;;;
0017100001;2;;0ADC9D1324481ED7AAB1F36626D67BAF;;BPINST20231116212915;Domestic US Customer 1;Domestic US Customer 1;BPINST;20171005;054111;BPINST;20231116;212915;;;;;;Domestic US Customer 1;;;;0000000;00000;0;01;00000000;00000000;;;;;;0003;;;;;BP03;;;;;;;;CUST1;;DOMESTIC US CUSTOMER 1;;;;X;00000000;;;;;;;;;;;;;;;;;;00000000;;;;;;;;;;;;;;;;;;;;
EWM17-CU01;2;;0ADC9D1324481ED7AAC4202B243AA3ED;;BPINST20231016204949;EWM Domestic Customer 01;EWM Domestic Customer 01;BPINST;20171005;230123;BPINST;20231016;204949;;;;;;EWM Domestic Customer 01;;;;0000000;00000;0;01;00000000;00000000;;;;;;0003;;;;;BPAB;;;;;;;;EWM;;EWM DOMESTIC CUSTOMER 01;;;;X;00000000;;;;;;;;;;;;;;;;;;00000000;;;;;;;;;;;;;;;;;;;;
EWM17-CU02;2;;0ADC9D1324481ED7AAC4246848CD23F0;;BPINST20231016204949;EWM Domestic Customer 02;EWM Domestic Customer 02;BPINST;20171005;230158;BPINST;20231016;204949;;;;;;EWM Domestic Customer 02;;;;0000000;00000;0;01;00000000;00000000;;;;;;0003;;;;;BPAB;;;;;;;;EWM;;EWM DOMESTIC CUSTOMER 02;;;;X;00000000;;;;;;;;;;;;;;;;;;00000000;;;;;;;;;;;;;;;;;;;;
0017300032;2;;0ADC9D1324481ED7AAB241397FCF7C5D;;S4H_FIN20181106015637;Domestic US Supplier 1099G Withholding T;Domestic US Supplier 1099G Withholding T;BPINST;20171005;055738;S4H_FIN;20181106;015637;;;;;;Domestic US Supplier 1099G Withholding T;;;;0000000;00000;0;01;00000000;00000000;;;;;;0003;;;;;BP03;;;;;;;;SUPL32;;DOMESTIC US SUPPLIER 1099G WITHHOLD;;;;X;00000000;;;;;;;;;;;;;;;;;;00000000;;;;;;;;;;;;;;;;;;;;
0017100050;2;;0ADC9D1324481EE7AAB4EF8072E6E16A;;S4H_FIN20221104084545;Foreign Customer 50 (DE);Foreign Customer 50 (DE);BPINST;20171005;083132;S4H_FIN;20221104;084545;;;;;;Foreign Customer 50 (DE);;;;0000000;00000;0;01;00000000;00000000;;;;;;0003;;;;;BP03;;;;;;;;CUST50;;FOREIGN CUSTOMER 50 (DE);;;;X;00000000;;;;;;;;;;;;;;;;;;00000000;;;;;;;;;;;;;;;;;;;;
0001000010;2;;1258E2B9D8101ED7BFF44D9FFC3B62ED;;SAP_WFRT20231115161054;Shipping Point 1710 - Address Name 1;Shipping Point 1710 - Address Name 1;BPINST;20180122;183113;SAP_WFRT;20231115;161054;;;;;;Shipping Point 1710 - Address Name 1;;;;0000000;00000;0;01;00000000;00000000;;;;;;;;;;;BP02;;;;;;;;SP1710;;SHIPPING POINT 1710 - ADDRESS NAME;;;;X;00000000;;;;;;;;;;;;;;;;;;00000000;;;;;;;;;;;;;;;;;;;;
0017537001;2;;0AC8D7DFA3A71EDB899FD997E6FFE364;;S4H_FIN20231121031948;Bank 1 - SAMPLE BANK;Bank 1 - SAMPLE BANK;S4H_FIN;20201112;075417;S4H_FIN;20231121;031948;;;;;;Bank 1 - SAMPLE BANK;;;;0000000;00000;0;;00000000;00000000;;;;;;0003;;;;;TR02;;;;;;;;BANK 1;;BANK 1 - SAMPLE BANK;;;;X;00000000;;;;;;;;;;;;;Bank 1;;;;;00000000;;;;;;;;;;;;;;;;;;;;
0001000001;2;;1258E2B9D8101EE7BFAB02DBC16A4DAC;;BPINST20241105153607;PO_US_1710 Purchasing Organization US 1710;PO_US_1710 Purchasing Organization US 1710;BPINST;20180119;203403;BPINST;20241105;153607;;;;;;PO_US_1710;Purchasing Organization US 1710;;;0000000;00000;0;;00000000;00000000;;;;;;;;;;;BP02;;;;;;;;PO_US_1710;PURCHASING ORGANIZAT;PO_US_1710;PURCHASING ORGANIZATION US 1710;;;X;00000000;;;;;;;;;;;;;;;;;;00000000;;;;;;;;;;;;;;;;;;;;
S4H_PPM_TM;1;;0AD0658A6F041ED8B8D0C909771ED3A6;0000024599;BPINST20181107174357;Tina Team Member;Tina Team Member;BPINST;20181107;121148;BPINST;20181107;174357;;;Tina;Team Member;;;;;;0000000;00000;0;;00000000;00000000;;X;X;;;0001;;;;;BPAB;;;;;;;;;;TEAM MEMBER;TINA;;;X;00000000;X;;;;;;;;;;;;;;;;;00000000;;;;;;1;;;;;;;;;;;;;;
0010386201;2;;A505C9AF5F3E1EEFA3A783AB1274C96E;;BPINST20241018103129;TM Rail Carrier DE 1;TM Rail Carrier DE 1;BPINST;20241018;103120;BPINST;20241018;103129;;;;;;TM Rail Carrier DE 1;;;;0000000;00000;0;01;00000000;00000000;;;;;;0003;;;;;BP03;;;;;;;;TMRAILCARR1DE;;TM RAIL CARRIER DE 1;;;;X;00000000;;;;;;;;;;;;;;;;;;00000000;;;;;;;;;;;;;;;;;;;;
0017386005;2;;0AD0658A6F041ED8B9E249E243A90E51;;S4H_TM_MH20181113074634;Domestic US TM Supplier 005;Domestic US TM Supplier 005;BPINST;20181113;071127;S4H_TM_MH;20181113;074634;;;;;;Domestic US TM Supplier 005;;;;0000000;00000;0;01;00000000;00000000;;;;;;0003;;;;;BP03;;;;;;;;SUPLTM1;;DOMESTIC US TM SUPPLIER 005;;;;X;00000000;;;;;;;;;;;;;;;;;;00000000;;;;;;;;;;;;;;;;;;;;
0003000000;2;;0A7C457F45501EE98BF2FD74B3830277;;SAP_WFRT20190214162413;ABC Customer 02;ABC Customer 02;SAP_WFRT;20190214;162413;;00000000;000000;;;;;;ABC Customer 02;;;;0000000;00000;0;;00000000;00000000;;;;;;;;;;;MDG1;;;;;;;;MDG;ABC;ABC CUSTOMER 02;;;;X;00000000;;;;;;;;;;;;;;;;;;00000000;;;;;;;;;;;;;;;;;;;;
MDG_CU03;2;;0A7C457F45501ED98DBE33A51347647F;;SAP_WFRT20221122225101;ABC Company 03;ABC Company 03;SAP_WFRT;20190221;160127;SAP_WFRT;20221122;225101;;;;;;ABC Company 03;;;;0000000;00000;0;;00000000;00000000;;;;;;0003;;;;;MDG2;;;;;;;;MDG;;ABC COMPANY 03;;;;X;00000000;;;;;;;;;;;;;;;;;;00000000;;;;;;;;;;;;;;;;;;;;
MDG_CU02;2;;0A7C457F45501ED98DBDDCC41A00A411;;S4H_FIN20221026011222;ABC Company 02;ABC Company 02;SAP_WFRT;20190221;154720;S4H_FIN;20221026;011222;;;;;;ABC Company 02;;;;0000000;00000;0;;00000000;00000000;;;;;;;;;;;MDG2;;;;;;;;MDG;;ABC COMPANY 02;;;;X;00000000;;;;;;;;;;;;;;;;;;00000000;;;;;;;;;;;;;;;;;;;;
MDG_CU04;2;;0A7C457F45501ED98DBE3F2356D4648B;;MDG_EXPERT20201118170002;ABC Company 04;ABC Company 04;SAP_WFRT;20190221;160434;MDG_EXPERT;20201118;170002;X;;;;;ABC Company 04;;;;0000000;00000;0;;00000000;00000000;;;;;;0003;;;;;MDG2;;;;;;;;;;ABC COMPANY 04;;;;X;00000000;;;;;;;;;;;;;;;;;;00000000;;;;;;;;;;;;;;;;;;;;
0001000049;2;;0A7C457F45501ED98CEB80AB06EDF231;;MDG_EXPERT20190218091003;MDG Bupa;MDG Bupa;MDG_EXPERT;20190218;090316;MDG_EXPERT;20190218;091003;;;;;;MDG Bupa;;;;0000000;00000;0;;00000000;00000000;;;;;;;;;;;BP02;;;;;;;;123;;MDG BUPA;;;;X;00000000;;;;;;;;;;;;;;;;;;00000000;;;;;;;;;;;;;;;;;;;;
0001000050;2;;0A7C457F45501ED98CEBA2021F36D253;;SAP_WFRT20231123163359;MDG Bupa Copy;MDG Bupa Copy;MDG_EXPERT;20190218;091041;SAP_WFRT;20231123;163359;;;;;;MDG Bupa Copy;;;;0000000;00000;0;;00000000;00000000;;;;;;;;;;;BP02;;;;;;;;MARKETING;;MDG BUPA COPY;;;;X;00000000;;;;;;;;;;;;;;;;;;00000000;;;;;;;;;;;;;;;;;;;;
MDG_SU01;2;;0A7C457F45501EE98BD5D80F8A7517BC;;SAP_WFRT20190221132626;ABC Supplier 01 Ext.;ABC Supplier 01 Ext.;SAP_WFRT;20190213;144107;SAP_WFRT;20190221;132626;;;;;;ABC Supplier 01;Ext.;;;0000000;00000;0;;00000000;00000000;;;;;;;;;;;0002;;;;;;;;MDG;;ABC SUPPLIER 01;EXT.;;;X;00000000;;;;;;;;;;;;;;;;;;00000000;;;;;;;;;;;;;;;;;;;;
0003000011;2;;0A7C457F45501ED98DBCA1247332027B;;SAP_WFRT20190221144204;Demo Company as Customer A;Demo Company as Customer A;SAP_WFRT;20190221;144204;;00000000;000000;;;;;;Demo Company as Customer A;;;;0000000;00000;0;;00000000;00000000;;;;;;0003;;;;;MDG1;;;;;;;;;;DEMO COMPANY AS CUSTOMER A;;;;X;00000000;;;;;;;;;;;;;;;;;;00000000;;;;;;;;;;;;;;;;;;;;
0017100100;2;;0ADC9D1324481ED7AAB202BCB952BBD6;;BPINST20231016204609;Domestic US Customer Direct Debit;Domestic US Customer Direct Debit;BPINST;20171005;054337;BPINST;20231016;204609;;;;;;Domestic US Customer Direct Debit;;;;0000000;00000;0;01;00000000;00000000;;;;;;0003;;;;;BP03;;;;;;;;CUSTDD;;DOMESTIC US CUSTOMER DIRECT DEBIT;;;;X;00000000;;;;;;;;;;;;;;;;;;00000000;;;;;;;;;;;;;;;;;;;;
MDG_CU05;2;;0A7C457F45501ED98DBE44D8BC1FE48D;;SAP_WFRT20190221160446;ABC Company 05;ABC Company 05;SAP_WFRT;20190221;160446;;00000000;000000;;;;;;ABC Company 05;;;;0000000;00000;0;;00000000;00000000;;;;;;0003;;;;;MDG2;;;;;;;;MDG;;ABC COMPANY 05;;;;X;00000000;;;;;;;;;;;;;;;;;;00000000;;;;;;;;;;;;;;;;;;;;
0003000020;2;;1246368BD7AA1EEA81A7EE4F974D980E;;SAP_WFRT20191112113901;Demo Company;Demo Company;SAP_WFRT;20191112;113901;;00000000;000000;;;;;;Demo Company;;;;0000000;00000;0;;00000000;00000000;;;;;;0003;;;;;MDG1;;;;;;;;AR97;;DEMO COMPANY;;;;X;00000000;;;;;;;;;;;;;;;;;;00000000;;;;;;;;;;;;;;;;;;;;
0002000000;2;;0A7C457F45501EE991B24BA2E8F869A9;;MDG_REQUEST20190313131733;FAI Flight Alliance Inc.;FAI Flight Alliance Inc.;MDG_REQUEST;20190313;131733;;00000000;000000;;;;;;FAI;Flight Alliance Inc.;;;0000000;00000;0;;00000000;00000000;;;;;;;;;;;OR;;;;;;;;FAI;FLIGHT ALLIANCE INC.;FAI;FLIGHT ALLIANCE INC.;;;X;00000000;;;;;;;;;;;;;;;;;;00000000;;;;;;;;;;;;;;;;;;;;
0002000010;2;;1246368BD7AA1EDA80F53F9D285F9FCE;;SERV_MAN20191110110521;SLS_ORG_DE Dom. Sales Org DE;SLS_ORG_DE Dom. Sales Org DE;SERV_MAN;20191110;110521;SERV_MAN;20191110;110521;;;;;;SLS_ORG_DE;Dom. Sales Org DE;;;0000000;00000;0;;00000000;00000000;;;;;;;;;;;OR;;;;;;;;SLS_ORG_DE;DOM. SALES ORG DE;SLS_ORG_DE;DOM. SALES ORG DE;;;X;00000000;;;;;;;;;;;;;;;;;;00000000;;;;;;;;;;;;;;;;;;;;
0002000011;2;;1246368BD7AA1EDA80F5445CACB3DFD1;;SERV_MAN20191110110625;SRV_ORG_DE Dom. Service Org DE;SRV_ORG_DE Dom. Service Org DE;SERV_MAN;20191110;110625;SERV_MAN;20191110;110625;;;;;;SRV_ORG_DE;Dom. Service Org DE;;;0000000;00000;0;;00000000;00000000;;;;;;;;;;;OR;;;;;;;;SRV_ORG_DE;DOM. SERVICE ORG DE;SRV_ORG_DE;DOM. SERVICE ORG DE;;;X;00000000;;;;;;;;;;;;;;;;;;00000000;;;;;;;;;;;;;;;;;;;;
9980000080;1;;0AD0658A6F041ED8B7CFAB382D070180;0000024560;BPINST20181102085739;Maria Fischer;Maria Fischer;BPINST;20181102;085739;;00000000;000000;;;Maria;Fischer;Maria Fischer;;;;;0000000;00000;0;;00000000;00000000;;X;X;;;0001;;;;;BPEE;;;;;;E;E;FISCHER;MARIA;FISCHER;MARIA;;;X;19801101;;;;;;;;;;;EU;;;;;;;00000000;;;;;;1;;;;;;;;;;;;;;
0017537010;2;;0ECF98CB3DD71EDC8EE6B3AB304CC1BA;;S4H_FIN20211104100813;Bank 1 - CITI BANK 2021 FS00;Bank 1 - CITI BANK 2021 FS00;S4H_FIN;20211101;100540;S4H_FIN;20211104;100813;;;;;;Bank 1 - CITI BANK 2021 FS00;;;;0000000;00000;0;;00000000;00000000;;;;;;0003;;;;;TR02;;;;;;;;BANK 1;;BANK 1 - CITI BANK 2021 FS00;;;;X;00000000;;;;;;;;;;;;;CITI Bank;;;;;00000000;;;;;;;;;;;;;;;;;;;;
0001000140;2;;0AC8D7DFA3A71EEB86A38A033F539625;;SERV_MAN20201028131535;Wind Power Plant;Wind Power Plant;BPINST;20201028;125720;SERV_MAN;20201028;131535;;;;;;Wind Power Plant;;;;0000000;00000;0;;00000000;00000000;;;;;;0003;;;;;BP02;;;;;;;;FSM;;WIND POWER PLANT;;;;X;00000000;;;;;;;;;;;;;;;;;;00000000;;;;;;;;;;;;;;;;;;;;
0001000142;1;;0AC8D7DFA3A71EEB86A419CAF7413672;0000025501;BPINST20201028132442;Sarah Davis;Sarah Davis;BPINST;20201028;132429;BPINST;20201028;132442;;;Sarah;Davis;;;;;;0000000;00000;0;;00000000;00000000;;X;X;;;0001;;;;;BP02;;;;;;E;;FSM;;DAVIS;SARAH;;;X;00000000;;;;;;;;;;;;;;;;;;00000000;;;;;;1;;;;;;;;;;;;;;
0001000141;1;;0AC8D7DFA3A71EEB86A3C94D7C203648;0000025493;BPINST20201028132514;John Mayer;John Mayer;BPINST;20201028;130953;BPINST;20201028;132514;;;John;Mayer;;;;;;0000000;00000;0;;00000000;00000000;;X;;X;;0002;;;;;BP02;;;;;;E;;FSM;;MAYER;JOHN;;;X;00000000;;;;;;;;;;;;;;;;;;00000000;;;;;;2;;;;;;;;;;;;;;
0001000143;2;;0AC8D7DFA3A71EEB86A421259FBA5678;;SERV_MAN20201028132905;Power Plant;Power Plant;BPINST;20201028;132623;SERV_MAN;20201028;132905;;;;;;Power Plant;;;;0000000;00000;0;;00000000;00000000;;;;;;0003;;;;;BP02;;;;;;;;FSM;;POWER PLANT;;;;X;00000000;;;;;;;;;;;;;;;;;;00000000;;;;;;;;;;;;;;;;;;;;
0001000160;2;;0AC8D7DFA3A71EEB88E3BD2AE2788DA6;;SAP_WFRT20201110065249;Microsoft Corporation;Microsoft Corporation;MDG_EXPERT;20201110;062818;SAP_WFRT;20201110;065249;;;;;;Microsoft Corporation;;;;0000000;00000;0;;00000000;00000000;;;;;;0003;;;;;BP02;;;;;;;;MASS ENRICH;;MICROSOFT CORPORATION;;;;X;00000000;;;;;;;;;;;;;;;;;;00000000;;;;;;;;;;;;;;;;;;;;
0001000047;2;;126EE31C69721ED88CB56CAA749D4F7B;;SAP_WFRT20231123163429;ICNT_2_SUP 2nd Level Support;ICNT_2_SUP 2nd Level Support;BPINST;20180327;104124;SAP_WFRT;20231123;163429;;;;;;ICNT_2_SUP;2nd Level Support;;;0000000;00000;0;;00000000;00000000;;;;;;;;;;;BP02;;;;;;;;MARKETING;2ND LEVEL SUPPORT;ICNT_2_SUP;2ND LEVEL SUPPORT;;;X;00000000;;;;;;;;;;;;;;;;;;00000000;;;;;;;;;;;;;;;;;;;;
0001000261;2;;DB798EDB083A1EEEA1AC2517563CC0F2;;SAP_WFRT20231120151316;E-Bike Center;E-Bike Center;MDG_EXPERT;20231117;155255;SAP_WFRT;20231120;151316;;;;;;E-Bike Center;;;;0000000;00000;0;;00000000;00000000;;;;;;;;;;;BP02;;;;;;;;MARKETING;;E-BIKE CENTER;;;;X;00000000;;;;;;;;;;;;;;;;;;00000000;;;;;;;;;;;;;;;;;;;;
0003000041;2;;0AC8D7DFA3A71EDB899C22145435020F;;SAP_WFRT20201112125400;Demo Customer as Company B;Demo Customer as Company B;SAP_WFRT;20201112;125400;;00000000;000000;;;;;;Demo Customer as Company B;;;;0000000;00000;0;;00000000;00000000;;;;;;0003;;;;;MDG1;;;;;;;;AM;;DEMO CUSTOMER AS COMPANY B;;;;X;00000000;;;;;;;;;;;;;;;;;;00000000;;;;;;;;;;;;;;;;;;;;
0017537000;2;;B799D4574A1E1EDD96A3580CE03EEEA6;;S4H_FIN20221107033745;Bank 1 - SAMPLE BANK;Bank 1 - SAMPLE BANK;S4H_FIN;20221031;055609;S4H_FIN;20221107;033745;;;;;;Bank 1 - SAMPLE BANK;;;;0000000;00000;0;;00000000;00000000;;;;;;0003;;;;;TR02;;;;;;;;NON-AFFILIATED COMPA;;BANK 1 - SAMPLE BANK;;;;X;00000000;;;;;;;;;;;;;Bank 1;;;;;00000000;;;;;;;;;;;;;;;;;;;;
0017300002;2;;0ADC9D1324481ED7AAB20F55733AFC01;;S4H_FIN20221114043605;Domestic US Supplier 2;Domestic US Supplier 2;BPINST;20171005;054627;S4H_FIN;20221114;043605;;;;;;Domestic US Supplier 2;;;;0000000;00000;0;01;00000000;00000000;;;;;;0003;;;;;BP03;;;;;;;;SUPL2;;DOMESTIC US SUPPLIER 2;;;;X;00000000;;;;;;;;;;;;;;;;;;00000000;;;;;;;;;;;;;;;;;;;;
0010300085;2;;0ECF98CB3DD71EDC8C9FD0E8CA1741BA;;BPINST20211019170348;Inlandslieferant DE (ARIBA 42K);Inlandslieferant DE (ARIBA 42K);BPINST;20211019;170348;;00000000;000000;;;;;;Inlandslieferant DE (ARIBA 42K);;;;0000000;00000;0;01;00000000;00000000;;;;;;0003;;;;;BP03;;;;;;;;LIEF85;;INLANDSLIEFERANT DE (ARIBA 42K);;;;X;00000000;;;;;;;;;;;;;;;;;;00000000;;;;;;;;;;;;;;;;;;;;
0003000050;2;;12119564E6311EEBA0B18AB278129786;;SAP_WFRT20210310130501;Moonstone Company D002;Moonstone Company D002;SAP_WFRT;20210310;104731;SAP_WFRT;20210310;130501;;;;;;Moonstone Company D002;;;;0000000;00000;0;;00000000;00000000;;;;;;0003;;;;;MDG1;;;;;;;;MOON;;MOONSTONE COMPANY D002;;;;X;00000000;;;;;;;;;;;;;;;;;;00000000;;;;;;;;;;;;;;;;;;;;
0017537004;2;;12119564E6311EEBA1D0FEAB73551786;;S4H_FIN20210316115045;Bank 1 - SAMPLE BANK;Bank 1 - SAMPLE BANK;S4H_FIN;20210316;115045;;00000000;000000;;;;;;Bank 1 - SAMPLE BANK;;;;0000000;00000;0;;00000000;00000000;;;;;;;;;;;TR02;;;;;;;;BANK 1;;BANK 1 - SAMPLE BANK;;;;X;00000000;;;;;;;;;;;;;Bank 1;;;;;00000000;;;;;;;;;;;;;;;;;;;;
0010300086;2;;0ECF98CB3DD71EDC8C9FD0E8CA18A1BA;;BPINST20211019170348;Inlandslieferant DE (Ariba 4BL);Inlandslieferant DE (Ariba 4BL);BPINST;20211019;170348;;00000000;000000;;;;;;Inlandslieferant DE (Ariba 4BL);;;;0000000;00000;0;01;00000000;00000000;;;;;;0003;;;;;BP03;;;;;;;;LIEF86;;INLANDSLIEFERANT DE (ARIBA 4BL);;;;X;00000000;;;;;;;;;;;;;;;;;;00000000;;;;;;;;;;;;;;;;;;;;
BP_US_02;1;;B799D4574A1E1EDD96EDC2331B55C46D;0000026297;S4H_FIN20221103045617;John Miller;John Miller;S4H_FIN;20221103;045617;;00000000;000000;;;John;Miller;;;;;;0000000;00000;0;;00000000;00000000;;X;;;X;;;;;;BPAB;;;;;;;;;;MILLER;JOHN;;;X;00000000;;;;;;;;;;;;;;;;;;00000000;;;;;;;;;;;;;;;;;;;;
0001000219;2;;892DA59289801EED97A1C85A81D7A05B;;SERV_MAN20221105133503;MSO1 Maintenance Service Team 1;MSO1 Maintenance Service Team 1;SERV_MAN;20221105;133214;SERV_MAN;20221105;133503;;;;;;MSO1;Maintenance Service Team 1;;;0000000;00000;0;;00000000;00000000;;;;;;;;;;;BP02;;;;;;;;MSO1;MAINTENANCE SERVICE;MSO1;MAINTENANCE SERVICE TEAM 1;;;X;00000000;;;;;;;;;;;;;;;;;;00000000;;;;;;;;;;;;;;;;;;;;
BP1001621;2;;892DA59289801EED97A4F9022D6354ED;;S4H_MM20221105163958;FLOG_CUST;FLOG_CUST;S4H_MM;20221105;163802;S4H_MM;20221105;163958;;;;;;FLOG_CUST;;;;0000000;00000;0;;00000000;00000000;;;;;;0003;;;;;BPAB;;;;;;;;;;FLOG_CUST;;;;X;00000000;;;;;;;;;;;;;;;;;;00000000;;;;;;;;;;;;;;;;;;;;
BP1001660;2;;892DA59289801EED97A547897C3F96B6;;S4H_MM20221105165452;Plant FORP as Business Partner;Plant FORP as Business Partner;S4H_MM;20221105;165338;S4H_MM;20221105;165452;;;;;;Plant FORP as Business Partner;;;;0000000;00000;0;;00000000;00000000;;;;;;0003;;;;;BPAB;;;;;;;;PLNT FORP;;PLANT FORP AS BUSINESS PARTNER;;;;X;00000000;;;;;;;;;;;;;;;;;;00000000;;;;;;;;;;;;;;;;;;;;
BP1003882;2;;892DA59289801EED97A5528DD5DF7716;;S4H_MM20221105165702;FLOG_CUST_REMOTE;FLOG_CUST_REMOTE;S4H_MM;20221105;165543;S4H_MM;20221105;165702;;;;;;FLOG_CUST_REMOTE;;;;0000000;00000;0;;00000000;00000000;;;;;;0003;;;;;BPAB;;;;;;;;;;FLOG_CUST_REMOTE;;;;X;00000000;;;;;;;;;;;;;;;;;;00000000;;;;;;;;;;;;;;;;;;;;
BP1001650;2;;892DA59289801EED97A55CDEEE575763;;S4H_MM20221105170423;FLOG-SUPP;FLOG-SUPP;S4H_MM;20221105;165814;S4H_MM;20221105;170423;;;;;;FLOG-SUPP;;;;0000000;00000;0;;00000000;00000000;;;;;;0003;;;;;BPAB;;;;;;;;;;FLOG-SUPP;;;;X;00000000;;;;;;;;;;;;;;;;;;00000000;;;;;;;;;;;;;;;;;;;;
BP1001489;2;;892DA59289801EED97A57F385D57584A;;S4H_MM20221105170735;FLOG-STO;FLOG-STO;S4H_MM;20221105;170548;S4H_MM;20221105;170735;;;;;;FLOG-STO;;;;0000000;00000;0;;00000000;00000000;;;;;;0003;;;;;BPAB;;;;;;;;;;FLOG-STO;;;;X;00000000;;;;;;;;;;;;;;;;;;00000000;;;;;;;;;;;;;;;;;;;;
0017537007;2;;FF586C9D42121EDE9FDCB1E90370058D;;S4H_CASH20231113020455;Subsidiary;Subsidiary;S4H_CASH;20231109;015953;S4H_CASH;20231113;020455;;;;;;Subsidiary;;;;0000000;00000;0;;00000000;00000000;;;;;;0003;;;;;TR02;;;;;;;;SUBSIDIARY;SUBSIDIARY;SUBSIDIARY;;;;X;00000000;;;;;;;;;;;;;Subsidiary;;;;;00000000;;;;;;;;;;;;;;;;;;;;
0001000220;2;;892DA59289801EED98AFE4899D1D6BE1;;S4H_HCM_EE220221111051021;DummyTest1 PnF test Org Unit 1;DummyTest1 PnF test Org Unit 1;S4H_HCM_EE2;20221111;051021;;00000000;000000;;;;;;DummyTest1;PnF test Org Unit 1;;;0000000;00000;0;;00000000;00000000;;;;;;;;;;;BP02;;;;;;;;DUMMYTEST1;PNF TEST ORG UNIT 1;DUMMYTEST1;PNF TEST ORG UNIT 1;;;X;00000000;;;;;;;;;;;;;;;;;;00000000;;;;;;;;;;;;;;;;;;;;
0001000221;2;;892DA59289801EED98AFF23930C40C3E;;S4H_HCM_EE220221111051325;Org Unit 2 Finance Org Unit;Org Unit 2 Finance Org Unit;S4H_HCM_EE2;20221111;051325;;00000000;000000;;;;;;Org Unit 2;Finance Org Unit;;;0000000;00000;0;;00000000;00000000;;;;;;;;;;;BP02;;;;;;;;ORG UNIT 2;FINANCE ORG UNIT;ORG UNIT 2;FINANCE ORG UNIT;;;X;00000000;;;;;;;;;;;;;;;;;;00000000;;;;;;;;;;;;;;;;;;;;
0001000229;2;;8F5CDF6292CB1EED99E3BBFA2EAD6C92;;S4H_HCM_EE220221118084912;Org Unit 2 PnF Org Unit 2;Org Unit 2 PnF Org Unit 2;S4H_HCM_EE2;20221118;084912;;00000000;000000;;;;;;Org Unit 2;PnF Org Unit 2;;;0000000;00000;0;;00000000;00000000;;;;;;;;;;;BP02;;;;;;;;ORG UNIT 2;PNF ORG UNIT 2;ORG UNIT 2;PNF ORG UNIT 2;;;X;00000000;;;;;;;;;;;;;;;;;;00000000;;;;;;;;;;;;;;;;;;;;
0017300084;2;;8F5CDF6292CB1EED99E56706A6AF99B0;;S4H_FIN20221118091441;Domestic US Supplier 84 (EDI);Domestic US Supplier 84 (EDI);S4H_FIN;20221118;022824;S4H_FIN;20221118;091441;;;;;;Domestic US Supplier 84 (EDI);;;;0000000;00000;0;;00000000;00000000;;;;;;0003;;;;;BP03;;;;;;;;SUPL84;;DOMESTIC US SUPPLIER 84 (EDI);;;;X;00000000;;;;;;;;;;;;;;;;;;00000000;;;;;;;;;;;;;;;;;;;;
0001000230;2;;8F5CDF6292CB1EDD9A9ED9B63664D30E;;SAP_WFRT20221120182804;Cyber Company SE;Cyber Company SE;SAP_WFRT;20221120;182804;;00000000;000000;;;;;;Cyber Company SE;;;;0000000;00000;0;;00000000;00000000;;;;;;;;;;;BP02;;;;;;;;MDG;;CYBER COMPANY SE;;;;X;00000000;;;;;;;;;;;;;;;;;;00000000;;;;;;;;;;;;;;;;;;;;
0017100002;2;;0ADC9D1324481ED7AAB2004133287BD6;;SAP_WFRT20231115161054;Domestic US Customer 2;Domestic US Customer 2;BPINST;20171005;054304;SAP_WFRT;20231115;161054;;;;;;Domestic US Customer 2;;;;0000000;00000;0;01;00000000;00000000;;;;;;0003;;;;;BP03;;;;;;;;CUST2;;DOMESTIC US CUSTOMER 2;;;;X;00000000;;;;;;;;;;;;;;;;;;00000000;;;;;;;;;;;;;;;;;;;;
0017100005;2;;0ADC9D1324481ED7AAB3541F8BC0BE64;;SAP_WFRT20231115161054;Domestic US Customer 5 (CMS);Domestic US Customer 5 (CMS);BPINST;20171005;065930;SAP_WFRT;20231115;161054;;;;;;Domestic US Customer 5 (CMS);;;;0000000;00000;0;01;00000000;00000000;;;;;;0003;;;;;BP03;;;;;;;;CUST5;;DOMESTIC US CUSTOMER 5 (CMS);;;;X;00000000;;;;;;;;;;;;;;;;;;00000000;;;;;;;;;;;;;;;;;;;;
VENFLPO;2;;11F6954F101B1EDD9BC95770A17A85DD;;S4H_MM20221128204304;VENFLPO;VENFLPO;S4H_MM;20221127;115906;S4H_MM;20221128;204304;;;;;;VENFLPO;;;;0000000;00000;0;;00000000;00000000;;;;;;0003;;;;;BPAB;;;;;;;;;;VENFLPO;;;;X;00000000;;;;;;;;;;;;;;;;;;00000000;;;;;;;;;;;;;;;;;;;;
9980000000;1;;0ADC9D1324481EE7AB9DC7DA1E36D7FE;0000023689;SAP_SYSTEM20230223000043;doe jean;doe jean;BPINST;20171009;123303;SAP_SYSTEM;20230223;000043;;;doe;jean;doe jean;;;;;0000000;00000;0;;00000000;00000000;;X;;X;;0002;;;;;BPEE;;;;;;E;E;JEAN;DOE;JEAN;DOE;;;X;19811009;;;;;;;;;;1;US;;;;;;;00000000;K;;;;;2;;;;;;;;;;;;;;
9980000070;1;;126EE31C69721EE88EAC5E4D9CF617E9;0000024366;SAP_SYSTEM20230223000043;doe jean;doe jean;DDIC;20180406;062300;SAP_SYSTEM;20230223;000043;;;doe;jean;Mr Kool James;;;;;0000000;00000;0;;00000000;00000000;;X;;X;;0002;;;;;BPEE;;;;;;E;E;JEAN;DOE;JEAN;DOE;;0000025206;X;19811009;;;;;;;;;;;US;;;;;;;00000000;K;;;;;2;;;;;;;;;;;;;;
9980000010;1;;0EB063A8AB041EE7AFE9D4A4F6D01DB8;0000023888;SAP_SYSTEM20230223000045;Ocean billy;Ocean billy;BPINST;20171101;215013;SAP_SYSTEM;20230223;000045;;;Ocean;billy;Ocean billy;;;;;0000000;00000;0;;00000000;00000000;;X;;X;;0002;;;;;BPEE;;;;;;E;E;BILLY;OCEAN;BILLY;OCEAN;;;X;19890906;;;;;;;;;;1;US;;;bill;;;;00000000;K;;;;;2;;;;;;;;;;;;;;
9980000020;1;;0EB063A8AB041EE7B09CD402E8A2270E;0000023922;SAP_SYSTEM20230223000046;Kool Josephine;Kool Josephine;BPINST;20171103;223041;SAP_SYSTEM;20230223;000046;;;Kool;Josephine;Kool Josephine;;;;;0000000;00000;0;;00000000;00000000;;X;X;;;0001;;;;;BPEE;;;;;;E;E;JOSEPHINE;KOOL;JOSEPHINE;KOOL;;;X;19890906;;;;;;;;;;;;;;;;;;00000000;K;;;;;1;;;;;;;;;;;;;;
9980000030;1;;0A6EC3B5F4441ED7B1AA8EEE11C4A6C8;0000023944;SAP_SYSTEM20230223000046;Franz Musterman;Franz Musterman;S4H_MM;20171109;054703;SAP_SYSTEM;20230223;000046;;;Franz;Musterman;Franz Musterman;;;;;0000000;00000;0;;00000000;00000000;;X;;X;;0002;;;;;BPEE;;;;;;E;E;MUSTERMAN;FRANZ;MUSTERMAN;FRANZ;;0000024456;X;19700101;;;;;;;;;;;DE;;;;;;;00000000;K;;;;;2;;;;;;;;;;;;;;
9980000071;1;;126EE31C69721EE88EAC60FC382B37ED;0000024370;SAP_SYSTEM20250318000039;Barbara Lex;Barbara Lex;DDIC;20180406;062333;SAP_SYSTEM;20250318;000039;;;Barbara;Lex;Barbara Lex;;;;;0000000;00000;0;;00000000;00000000;;X;X;;;0001;;;;;BPEE;;;;;;E;E;LEX;BARBARA;LEX;BARBARA;;;X;19790505;;;;;;;;;;;US;;;;;;;00000000;K;;;;;1;;;;;;;;;;;;;;
9980000072;1;;126EE31C69721EE88EAC60FC382E37ED;0000024374;SAP_SYSTEM20230223000047;Matthew Carter;Matthew Carter;DDIC;20180406;062334;SAP_SYSTEM;20230223;000047;;;Matthew;Carter;Matthew Carter;;;;;0000000;00000;0;;00000000;00000000;;X;;X;;0002;;;;;BPEE;;;;;;E;E;CARTER;MATTHEW;CARTER;MATTHEW;;;X;19691119;;;;;;;;;;;US;;;;;;;00000000;K;;;;;2;;;;;;;;;;;;;;
9980000073;1;;126EE31C69721EE88EAC60FC383117ED;0000024378;SAP_SYSTEM20230223000047;Ryan Reval;Ryan Reval;DDIC;20180406;062334;SAP_SYSTEM;20230223;000047;;;Ryan;Reval;Ryan Reval;;;;;0000000;00000;0;;00000000;00000000;;X;;X;;0002;;;;;BPEE;;;;;;E;E;REVAL;RYAN;REVAL;RYAN;;;X;19740506;;;;;;;;;;;US;;;;;;;00000000;K;;;;;2;;;;;;;;;;;;;;
9980000166;1;;0AC8D7DFA3A71EEB8A922C20AFFE4BBF;0000025676;SAP_SYSTEM20230223000056;Rebecca Roberts;Rebecca Roberts;BPINST;20201117;045722;SAP_SYSTEM;20230223;000056;;;Rebecca;Roberts;Rebecca Roberts;;;;;0000000;00000;0;;00000000;00000000;;X;X;;;0001;;;;;BPEE;;;;;;E;E;ROBERTS;REBECCA;ROBERTS;REBECCA;;;X;19970108;;;;;;;;;;;DE;;;;;;;00000000;K;;;;;1;;;;;;;;;;;;;;
9980000167;1;;0AC8D7DFA3A71EEB8A92377A807D4BC2;0000025681;SAP_SYSTEM20230223000056;Bethany Mendoza;Bethany Mendoza;BPINST;20201117;045955;SAP_SYSTEM;20230223;000056;;;Bethany;Mendoza;Bethany Mendoza;;;;;0000000;00000;0;;00000000;00000000;;X;X;;;0001;;;;;BPEE;;;;;;E;E;MENDOZA;BETHANY;MENDOZA;BETHANY;;;X;19970108;;;;;;;;;;;DE;;;;;;;00000000;K;;;;;1;;;;;;;;;;;;;;
9980000168;1;;0AC8D7DFA3A71EEB8A923FA5CCBECBC7;0000025686;SAP_SYSTEM20230223000056;Deborah Henry;Deborah Henry;BPINST;20201117;050144;SAP_SYSTEM;20230223;000056;;;Deborah;Henry;Deborah Henry;;;;;0000000;00000;0;;00000000;00000000;;X;;X;;0002;;;;;BPEE;;;;;;E;E;HENRY;DEBORAH;HENRY;DEBORAH;;;X;19970108;;;;;;;;;;;DE;;;;;;;00000000;K;;;;;2;;;;;;;;;;;;;;
9980000170;1;;0AC8D7DFA3A71EEB8BE0093AD6B2574C;0000025744;SAP_SYSTEM20230223000056;Marilyn Material;Marilyn Material;BPINST;20201125;092625;SAP_SYSTEM;20230223;000056;;;Marilyn;Material;Marilyn Material;;;;;0000000;00000;0;;00000000;00000000;;X;X;;;0001;;;;;BPEE;;;;;;E;E;MATERIAL;MARILYN;MATERIAL;MARILYN;;;X;19800505;;;;;;;;;;1;US;;;;;;;00000000;K;;;;;1;;;;;;;;;;;;;;
9980000180;1;;0AC0649DE75F1EDBB2EC33ADE32D8728;0000025824;SAP_SYSTEM20230223000056;Mike Manager;Mike Manager;SERV_MAN;20210612;093607;SAP_SYSTEM;20230223;000056;;;Mike;Manager;Mike Manager;;;;;0000000;00000;0;;00000000;00000000;;X;;X;;0002;;;;;BPEE;;;;;;E;E;MANAGER;MIKE;MANAGER;MIKE;;;X;19800101;;;;;;;;;;;DE;;;;;;;00000000;K;;;;;2;;;;;;;;;;;;;;
0010386302;2;;A505C9AF5F3E1EEFA3A783AB1278E96E;;BPINST20241018103129;TM Ocean Carrier Self-Billing DE 2;TM Ocean Carrier Self-Billing DE 2;BPINST;20241018;103120;BPINST;20241018;103129;;;;;;TM Ocean Carrier Self-Billing DE 2;;;;0000000;00000;0;01;00000000;00000000;;;;;;0003;;;;;BP03;;;;;;;;TMCARRSBDE2;;TM OCEAN CARRIER SELF-BILLING DE 2;;;;X;00000000;;;;;;;;;;;;;;;;;;00000000;;;;;;;;;;;;;;;;;;;;
9980000200;1;;892DA59289801EED97A24357EFAFC373;0000026305;SAP_SYSTEM20230223000057;Mary Maintenance;Mary Maintenance;SERV_MAN;20221105;135945;SAP_SYSTEM;20230223;000057;;;Mary;Maintenance;Mary Maintenance;;;;;0000000;00000;0;;00000000;00000000;;X;X;;;0001;;;;;BPEE;;;;;;E;E;MAINTENANCE;MARY;MAINTENANCE;MARY;;0000026313;X;19901231;;;;;;;;;;;US;;;;;;;00000000;K;;;;;1;;;;;;;;;;;;;;
0001000036;2;;126EE31C69721ED88CB2B5DFD8D8CC87;;MDG_EXPERT20240318102145;170 Sales Group 170;170 Sales Group 170;BPINST;20180327;080559;MDG_EXPERT;20240318;102145;;;;;;170;Sales Group 170;;;0000000;00000;0;;00000000;00000000;;;;;;0003;;;;;BP02;;;;;;;;170;SALES GROUP 170;170;SALES GROUP 170;;;X;00000000;X;;;;;;;;;;;;;;;;;00000000;;;;;;;;;;;;;;;;;;;;
0017300015;2;;3997E27C2F041EDE9B8CE2FCDD157B2D;;S4H_FIN20231108035438;Domestic US Supplier Financing 1;Domestic US Supplier Financing 1;BPINST;20231016;210053;S4H_FIN;20231108;035438;;;;;;Domestic US Supplier Financing 1;;;;0000000;00000;0;01;00000000;00000000;;;;;;0003;;;;;BP03;;;;;;;;SUPL15;;DOMESTIC US SUPPLIER FINANCING 1;;;;X;00000000;;;;;;;;;;;;;;;;;;00000000;;;;;;;;;;;;;;;;;;;;
0017300016;2;;3997E27C2F041EDE9B8CE2FCDD16DB2D;;S4H_FIN20231108041818;Domestic US Supplier Financing 2;Domestic US Supplier Financing 2;BPINST;20231016;210053;S4H_FIN;20231108;041818;;;;;;Domestic US Supplier Financing 2;;;;0000000;00000;0;01;00000000;00000000;;;;;;0003;;;;;BP03;;;;;;;;SUPL16;;DOMESTIC US SUPPLIER FINANCING 2;;;;X;00000000;;;;;;;;;;;;;;;;;;00000000;;;;;;;;;;;;;;;;;;;;
0017300017;2;;3997E27C2F041EDE9B8CE2FCDD183B2D;;BPINST20231016210059;Domestic Supplier Financ. VCard;Domestic Supplier Financ. VCard;BPINST;20231016;210053;BPINST;20231016;210059;;;;;;Domestic Supplier Financ. VCard;;;;0000000;00000;0;01;00000000;00000000;;;;;;0003;;;;;BP03;;;;;;;;VCARD;;DOMESTIC SUPPLIER FINANC. VCARD;;;;X;00000000;;;;;;;;;;;;;;;;;;00000000;;;;;;;;;;;;;;;;;;;;
0017300019;2;;3997E27C2F041EDE9B8CE2FCDD199B2D;;BPINST20231016210059;Domestic Card Issuer Supplier;Domestic Card Issuer Supplier;BPINST;20231016;210053;BPINST;20231016;210059;;;;;;Domestic Card Issuer Supplier;;;;0000000;00000;0;01;00000000;00000000;;;;;;0003;;;;;BP03;;;;;;;;SUPL19;;DOMESTIC CARD ISSUER SUPPLIER;;;;X;00000000;;;;;;;;;;;;;;;;;;00000000;;;;;;;;;;;;;;;;;;;;
0017186001;2;;1258E2B9D8101ED7BFF64F4AA83786F9;;S4H_TM20241107134829;US TM Customer1;US TM Customer1;S4H_TM_TP;20180122;203439;S4H_TM;20241107;134829;;;;;;US TM Customer1;;;;0000000;00000;0;01;00000000;00000000;;;;;;;;;;;BP03;;;;;;;;CUSTUSTM1;;US TM CUSTOMER1;;;;X;00000000;;;;;;;;;;;;;;;;;;00000000;;;;;;;;;;;;;;;;;;;;
0001000249;2;;FF586C9D42121EEE9FCB2A23FFCF981C;;SAP_WFRT20231108172141;SAP SE;SAP SE;SAP_WFRT;20231108;172141;;00000000;000000;;;;;;SAP SE;;;;0000000;00000;0;;00000000;00000000;;;;;;;;;;;BP02;;;;;;;;;;SAP SE;;;;X;00000000;;;;;;;;;;;;;;;;;;00000000;;;;;;;;;;;;;;;;;;;;
0017537005;2;;0AC8D7DFA3A71EDB89EB2DB1EBE45F08;;S4H_CASH20231113091013;Bank 5 - SAMPLE BANK;Bank 5 - SAMPLE BANK;S4H_FIN;20201115;074829;S4H_CASH;20231113;091013;;;;;;Bank 5 - SAMPLE BANK;;;;0000000;00000;0;;00000000;00000000;;;;;;0003;;;;;TR02;;;;;;;;BANK 5;;BANK 5 - SAMPLE BANK;;;;X;00000000;;;;;;;;;;;;;Bank 5;;;;;00000000;;;;;;;;;;;;;;;;;;;;
0001000260;2;;DB798EDB083A1EEEA1A6B85C3E1967ED;;SAP_WFRT20231117105236;bike amundsen;bike amundsen;SAP_WFRT;20231117;104346;SAP_WFRT;20231117;105236;;;;;;bike amundsen;;;;0000000;00000;0;;00000000;00000000;;;;;;;;;;;BP02;;;;;;;;MARKETING;;BIKE AMUNDSEN;;;;X;00000000;;;;;;;;;;;;;;;;;;00000000;;;;;;;;;;;;;;;;;;;;
0017100011;2;;0ADC9D1324481ED7AAC30B2FEE64E1C8;;SAP_WFRT20231115161054;SAP SE;SAP SE;BPINST;20171005;215925;SAP_WFRT;20231115;161054;;;;;;SAP SE;;;;0000000;00000;0;01;00000000;00000000;;;;;;0003;;;;;BP03;;;;;;;;CUST11;;SAP SE;;;;X;00000000;;;;;;;;;;;;;;;;;;00000000;;;;;;;;;;;;;;;;;;;;
0017100010;2;;0AD0658A6F041ED8B3806FF70094228A;;SAP_WFRT20231115161054;Domestic US Customer 10;Domestic US Customer 10;BPINST;20181009;204034;SAP_WFRT;20231115;161054;;;;;;Domestic US Customer 10;;;;0000000;00000;0;01;00000000;00000000;;;;;;0003;;;;;BP03;;;;;;;;CUST10;;DOMESTIC US CUSTOMER 10;;;;X;00000000;;;;;;;;;;;;;;;;;;00000000;;;;;;;;;;;;;;;;;;;;
0001000262;2;;DB798EDB083A1EEEA1AC2F54464FA15E;;SAP_WFRT20231120151316;E-Bike Rental;E-Bike Rental;MDG_EXPERT;20231117;155428;SAP_WFRT;20231120;151316;;;;;;E-Bike Rental;;;;0000000;00000;0;;00000000;00000000;;;;;;;;;;;BP02;;;;;;;;MARKETING;;E-BIKE RENTAL;;;;X;00000000;;;;;;;;;;;;;;;;;;00000000;;;;;;;;;;;;;;;;;;;;
0001000269;2;;994C63CEB1AB1EDEA1F86E27598B25E5;;SAP_WFRT20231120163959;Titan Screws;Titan Screws;SAP_WFRT;20231120;163959;;00000000;000000;;;;;;Titan Screws;;;;0000000;00000;0;;00000000;00000000;;;;;;;;;;;BP02;;;;;;;;MARKETING2021;;TITAN SCREWS;;;;X;00000000;;;;;;;;;;;;;;;;;;00000000;;;;;;;;;;;;;;;;;;;;
0017300001;2;;0ADC9D1324481ED7AAB20A027B20BBDB;;ARIA20261001131314;Domestic US Supplier 1;Domestic US Supplier 1;BPINST;20171005;054539;ARIA;20261001;131314;;;;;;Domestic US Supplier 1;;;;0000000;00000;0;01;00000000;00000000;;;;;;;;;;;BP03;;;;;;;;SUPL1;;DOMESTIC US SUPPLIER 1;;;;X;00000000;;;;;;;;;;;;;;;;;;00000000;;;;;;;;;;;;;;;;;;;;
0017537002;2;;0AC8D7DFA3A71EDB89E55E78487C1D04;;S4H_FIN20231117085626;Bank 2 - SAMPLE BANK;Bank 2 - SAMPLE BANK;S4H_FIN;20201115;021413;S4H_FIN;20231117;085626;;;;;;Bank 2 - SAMPLE BANK;;;;0000000;00000;0;;00000000;00000000;;;;;;0003;;;;;TR02;;;;;;;;BANK2;;BANK 2 - SAMPLE BANK;;;;X;00000000;;;;;;;;;;;;;Bank2;;;;;00000000;;;;;;;;;;;;;;;;;;;;
0001000270;2;;994C63CEB1AB1EDEA1F86E27598B85E5;;SAP_WFRT20231120163959;Pluto Windpark;Pluto Windpark;SAP_WFRT;20231120;163959;;00000000;000000;;;;;;Pluto Windpark;;;;0000000;00000;0;;00000000;00000000;;;;;;;;;;;BP02;;;;;;;;MARKETING2021;;PLUTO WINDPARK;;;;X;00000000;;;;;;;;;;;;;;;;;;00000000;;;;;;;;;;;;;;;;;;;;
0001000271;2;;994C63CEB1AB1EDEA1F86E27598BE5E5;;SAP_WFRT20231120163959;Venus Computer;Venus Computer;SAP_WFRT;20231120;163959;;00000000;000000;;;;;;Venus Computer;;;;0000000;00000;0;;00000000;00000000;;;;;;;;;;;BP02;;;;;;;;MARKETING2021;;VENUS COMPUTER;;;;X;00000000;;;;;;;;;;;;;;;;;;00000000;;;;;;;;;;;;;;;;;;;;
0001000272;2;;994C63CEB1AB1EDEA1F86E27598C45E5;;SAP_WFRT20231120163959;Mars Electronics;Mars Electronics;SAP_WFRT;20231120;163959;;00000000;000000;;;;;;Mars Electronics;;;;0000000;00000;0;;00000000;00000000;;;;;;;;;;;BP02;;;;;;;;MARKETING2021;;MARS ELECTRONICS;;;;X;00000000;;;;;;;;;;;;;;;;;;00000000;;;;;;;;;;;;;;;;;;;;
0001000273;2;;994C63CEB1AB1EDEA1F86E27598CA5E5;;SAP_WFRT20231120163959;Earth Communications;Earth Communications;SAP_WFRT;20231120;163959;;00000000;000000;;;;;;Earth Communications;;;;0000000;00000;0;;00000000;00000000;;;;;;;;;;;BP02;;;;;;;;MARKETING2021;;EARTH COMMUNICATIONS;;;;X;00000000;;;;;;;;;;;;;;;;;;00000000;;;;;;;;;;;;;;;;;;;;
0001000274;2;;994C63CEB1AB1EDEA1F86E27598D05E5;;SAP_WFRT20231120163959;Windpark Eco Supplies Inc;Windpark Eco Supplies Inc;SAP_WFRT;20231120;163959;;00000000;000000;;;;;;Windpark Eco Supplies Inc;;;;0000000;00000;0;;00000000;00000000;;;;;;;;;;;BP02;;;;;;;;MARKETING2021;;WINDPARK ECO SUPPLIES INC;;;;X;00000000;;;;;;;;;;;;;;;;;;00000000;;;;;;;;;;;;;;;;;;;;
0001000275;2;;994C63CEB1AB1EDEA1F86E27598D65E5;;SAP_WFRT20231120163959;Postfossil Energies Ltd;Postfossil Energies Ltd;SAP_WFRT;20231120;163959;;00000000;000000;;;;;;Postfossil Energies Ltd;;;;0000000;00000;0;;00000000;00000000;;;;;;;;;;;BP02;;;;;;;;MARKETING2021;;POSTFOSSIL ENERGIES LTD;;;;X;00000000;;;;;;;;;;;;;;;;;;00000000;;;;;;;;;;;;;;;;;;;;
0001000276;2;;994C63CEB1AB1EDEA1F86E27598DC5E5;;SAP_WFRT20231120163959;Jupiter Jones;Jupiter Jones;SAP_WFRT;20231120;163959;;00000000;000000;;;;;;Jupiter Jones;;;;0000000;00000;0;;00000000;00000000;;;;;;;;;;;BP02;;;;;;;;MARKETING2021;;JUPITER JONES;;;;X;00000000;;;;;;;;;;;;;;;;;;00000000;;;;;;;;;;;;;;;;;;;;
0001000277;2;;994C63CEB1AB1EDEA1F86E27598E25E5;;SAP_WFRT20231120163959;Sunrise Solar;Sunrise Solar;SAP_WFRT;20231120;163959;;00000000;000000;;;;;;Sunrise Solar;;;;0000000;00000;0;;00000000;00000000;;;;;;;;;;;BP02;;;;;;;;MARKETING2021;;SUNRISE SOLAR;;;;X;00000000;;;;;;;;;;;;;;;;;;00000000;;;;;;;;;;;;;;;;;;;;
0001000278;2;;994C63CEB1AB1EDEA1F86E27598E85E5;;SAP_WFRT20231120163959;Mercury International;Mercury International;SAP_WFRT;20231120;163959;;00000000;000000;;;;;;Mercury International;;;;0000000;00000;0;;00000000;00000000;;;;;;;;;;;BP02;;;;;;;;MARKETING2021;;MERCURY INTERNATIONAL;;;;X;00000000;;;;;;;;;;;;;;;;;;00000000;;;;;;;;;;;;;;;;;;;;
0017300030;2;;0ADC9D1324481ED7AAB2397BC961FC5B;;S4H_FIN20231120114558;Domestic US Supplier 1099M Withholding T;Domestic US Supplier 1099M Withholding T;BPINST;20171005;055617;S4H_FIN;20231120;114558;;;;;;Domestic US Supplier 1099M Withholding T;;;;0000000;00000;0;01;00000000;00000000;;;;;;0003;;;;;BP03;;;;;;;;SUPL30;;DOMESTIC US SUPPLIER 1099M WITHHOLD;;;;X;00000000;;;;;;;;;;;;;;;;;;00000000;;;;;;;;;;;;;;;;;;;;
0017300031;2;;0ADC9D1324481ED7AAB23E235FE1BC5D;;S4H_FIN20231120114934;Foreign US Supplier (DE) 1042S Withholdi;Foreign US Supplier (DE) 1042S Withholdi;BPINST;20171005;055701;S4H_FIN;20231120;114934;;;;;;Foreign US Supplier (DE) 1042S Withholdi;;;;0000000;00000;0;01;00000000;00000000;;;;;;0003;;;;;BP03;;;;;;;;SUPL31;;FOREIGN US SUPPLIER (DE) 1042S WITH;;;;X;00000000;;;;;;;;;;;;;;;;;;00000000;;;;;;;;;;;;;;;;;;;;
0010386401;2;;A505C9AF5F3E1EEFA3A783AB127A496E;;BPINST20241018103129;TM Freight Forwarder DE 1;TM Freight Forwarder DE 1;BPINST;20241018;103120;BPINST;20241018;103129;;;;;;TM Freight Forwarder DE 1;;;;0000000;00000;0;01;00000000;00000000;;;;;;0003;;;;;BP03;;;;;;;;TMFORWDE1;;TM FREIGHT FORWARDER DE 1;;;;X;00000000;;;;;;;;;;;;;;;;;;00000000;;;;;;;;;;;;;;;;;;;;
0000000002;2;;CBE48995E3001FE081C9B7DB2DA41F63;;MDG_EXPERT20250321121219;Abcnus Chemie AG;Abcnus Chemie AG;MDG_EXPERT;20250321;121219;;00000000;000000;;;;;;Abcnus Chemie AG;;;;0000000;00000;0;;00000000;00000000;;;;;;;;;;;0001;;;;;;;;;MDCCAL;ABCNUS CHEMIE AG;;;;X;00000000;;;;;;;;;;;;;;;;;;00000000;;;;;;;;;;;;;;;;;;;;
9980000210;1;;A3AD65B2F97C1FD082C4F21A14B7F9FB;0000027404;SAP_SYSTEM20250328000028;John Wayne;John Wayne;BPINST;20250326;094909;SAP_SYSTEM;20250328;000028;;;John;Wayne;John Wayne;;;;;0000000;00000;0;;00000000;00000000;;X;;X;;0002;;;;;BPEE;;;;;;E;E;WAYNE;JOHN;WAYNE;JOHN;;;X;19870101;;;;;;;;;;2;US;;;;;;;00000000;K;;;;JWN;2;;;;;;;;;;;;;;
0001000550;2;;E777B59B9B3A1FE0AEF7C2712A09D429;;SERV_MAN20251112110506;SOFF170 Sales Office 170;SOFF170 Sales Office 170;BPINST;20251107;094229;SERV_MAN;20251112;110506;;;;;;SOFF170;Sales Office 170;;;0000000;00000;0;;00000000;00000000;;;;;;;;;;;BP02;;;;;;;;SOFF170;SALES OFFICE 170;SOFF170;SALES OFFICE 170;;;X;00000000;X;;;;;;;;;;;;;;;;;00000000;;;;;;;;;;;;;;;;;;;;
0001000551;2;;E777B59B9B3A1FE0AEF7C2712A09F429;;SERV_MAN20251112110506;SGrp170 Sales Group 170;SGrp170 Sales Group 170;BPINST;20251107;094229;SERV_MAN;20251112;110506;;;;;;SGrp170;Sales Group 170;;;0000000;00000;0;;00000000;00000000;;;;;;;;;;;BP02;;;;;;;;SGRP170;SALES GROUP 170;SGRP170;SALES GROUP 170;;;X;00000000;X;;;;;;;;;;;;;;;;;00000000;;;;;;;;;;;;;;;;;;;;
0001000559;2;;000D3ABE2E291FD1AFCA3EB125D70000;;ARIA20261002135205;EVOLVER DOMESTIC SUPPLIER 1;EVOLVER DOMESTIC SUPPLIER 1;ARIA;20261002;131523;ARIA;20261002;135205;;;;;;EVOLVER DOMESTIC SUPPLIER 1;;;;0000000;00000;0;01;00000000;00000000;;;;;;0003;;;;;BP02;;;;;;;;;;EVOLVER DOMESTIC SUPPLIER 1;;;0000027606;X;00000000;;;;04;;;;;;;;;;;;;;00000000;;;;;;;;;;;;;;;;;;;;
0001000560;2;;000D3ABE2E291FD1AFCB02B34F3C0000;;ARIA20261002141111;EVOLVER FOREIGN SUPPLIER 1;EVOLVER FOREIGN SUPPLIER 1;ARIA;20261002;135907;ARIA;20261002;141111;;;;;;EVOLVER FOREIGN SUPPLIER 1;;;;0000000;00000;0;01;00000000;00000000;;;;;;0003;;;;;BP02;;;;;;;;;;EVOLVER FOREIGN SUPPLIER 1;;;;X;00000000;;;;10;;;;;;;;;;;;;;00000000;;;;;;;;;;;;;;;;;;;;
0001000569;2;;000D3ABE2E291FD1B0959D2B7B6E8000;;ARIA20261005135434;Performance bike ltd;Performance bike ltd;ARIA;20261005;131109;ARIA;20261005;135434;;;;;;Performance bike ltd;;;;0000000;00000;0;01;00000000;00000000;;;;;;0003;;;;;BP02;;;;;;;;;;PERFORMANCE BIKE LTD;;;0000027625;X;00000000;;;;04;;;;;;;;;;;;;;00000000;;;;;;;;;;;;;;;;;;;;
0001000579;2;;000D3ABE2E291FD1B0C230225124C000;;ARIA20261007081051;Office equipment supplier domestic 1;Office equipment supplier domestic 1;ARIA;20261007;074340;ARIA;20261007;081051;;;;;;Office equipment supplier domestic 1;;;;0000000;00000;0;01;00000000;00000000;;;;;;;;;;;BP02;;;;;;;;;;OFFICE EQUIPMENT SUPPLIER DOMESTIC;;;;X;00000000;;;;;;;;;;;;;;;;;;00000000;;;;;;;;;;;;;;;;;;;;
