SOURCELEDGER;COMPANYCODE;FISCALYEAR;ACCOUNTINGDOCUMENT;LEDGERGLLINEITEM;LEDGERFISCALYEAR;GLRECORDTYPE;JRNLENTRALTVFYCONSECUTIVEID;CHARTOFACCOUNTS;CONTROLLINGAREA;FINANCIALTRANSACTIONTYPE;GLBUSINESSTRANSACTIONTYPE;BUSINESSTRANSACTIONCATEGORY;BUSINESSTRANSACTIONTYPE;FINANCIALCLOSINGSTEP;CONTROLLINGBUSTRANSACTYPE;REFERENCEDOCUMENTTYPE;LOGICALSYSTEM;REFERENCEDOCUMENTCONTEXT;REFERENCEDOCUMENT;REFERENCEDOCUMENTITEM;REFERENCEDOCUMENTITEMGROUP;TRANSACTIONSUBITEM;ACCOUNTINGNOTIFICATIONUUID;OFFSETTINGLEDGERGLLINEITEM;ISREVERSAL;ISREVERSED;REVERSALREFERENCEDOCUMENTTYPE;REVERSALREFERENCEDOCUMENTCNTXT;REVERSALREFERENCEDOCUMENT;REVERSALTRANSACTIONSUBITEM;ISSETTLEMENT;ISSETTLED;PREDECESSORREFERENCEDOCTYPE;PREDECESSORREFERENCEDOCCNTXT;PREDECESSORREFERENCEDOCUMENT;PREDECESSORREFERENCEDOCITEM;PRDCSSRJOURNALENTRYCOMPANYCODE;PRDCSSRJOURNALENTRYFISCALYEAR;PREDECESSORJOURNALENTRY;PREDECESSORJOURNALENTRYITEM;SOURCEREFERENCEDOCUMENTTYPE;SOURCELOGICALSYSTEM;SOURCEREFERENCEDOCUMENTCNTXT;SOURCEREFERENCEDOCUMENT;SOURCEREFERENCEDOCUMENTITEM;SOURCEREFERENCEDOCSUBITEM;ISCOMMITMENT;JRNLENTRYITEMOBSOLETEREASON;JOURNALENTRYISSECONDARYENTRY;JRNLPERIODENDCLOSINGRUNLOGUUID;ORGANIZATIONALCHANGE;GLACCOUNT;COSTCENTER;PROFITCENTER;FUNCTIONALAREA;BUSINESSAREA;SEGMENT;PARTNERCOSTCENTER;PARTNERPROFITCENTER;PARTNERFUNCTIONALAREA;PARTNERBUSINESSAREA;PARTNERCOMPANY;PARTNERSEGMENT;BALANCETRANSACTIONCURRENCY;AMOUNTINBALANCETRANSACCRCY;TRANSACTIONCURRENCY;AMOUNTINTRANSACTIONCURRENCY;COMPANYCODECURRENCY;AMOUNTINCOMPANYCODECURRENCY;GLOBALCURRENCY;AMOUNTINGLOBALCURRENCY;FUNCTIONALCURRENCY;AMOUNTINFUNCTIONALCURRENCY;FREEDEFINEDCURRENCY1;AMOUNTINFREEDEFINEDCURRENCY1;FREEDEFINEDCURRENCY2;AMOUNTINFREEDEFINEDCURRENCY2;FREEDEFINEDCURRENCY3;AMOUNTINFREEDEFINEDCURRENCY3;FREEDEFINEDCURRENCY4;AMOUNTINFREEDEFINEDCURRENCY4;FREEDEFINEDCURRENCY5;AMOUNTINFREEDEFINEDCURRENCY5;FREEDEFINEDCURRENCY6;AMOUNTINFREEDEFINEDCURRENCY6;FREEDEFINEDCURRENCY7;AMOUNTINFREEDEFINEDCURRENCY7;FREEDEFINEDCURRENCY8;AMOUNTINFREEDEFINEDCURRENCY8;FIXEDAMOUNTINGLOBALCRCY;GRPVALNFIXEDAMTINGLOBCRCY;PRFTCTRVALNFXDAMTINGLOBCRCY;FIXEDAMOUNTINCOCODECRCY;FIXEDAMOUNTINTRANSCRCY;TOTALPRICEVARCINGLOBALCRCY;GRPVALNTOTPRCVARCINGLOBCRCY;PRFTCTRVALNTOTPRCVARCINGLBCRCY;FIXEDPRICEVARCINGLOBALCRCY;GRPVALNFIXEDPRCVARCINGLOBCRCY;PRFTCTRVALNFXDPRCVARCINGLBCRCY;CONTROLLINGOBJECTCURRENCY;AMOUNTINOBJECTCURRENCY;GRANTCURRENCY;AMOUNTINGRANTCURRENCY;BASEUNIT;QUANTITY;FIXEDQUANTITY;COSTSOURCEUNIT;VALUATIONQUANTITY;VALUATIONFIXEDQUANTITY;REFERENCEQUANTITYUNIT;REFERENCEQUANTITY;ADDITIONALQUANTITY1UNIT;ADDITIONALQUANTITY1;ADDITIONALQUANTITY2UNIT;ADDITIONALQUANTITY2;ADDITIONALQUANTITY3UNIT;ADDITIONALQUANTITY3;INCMPLTSUMMABLEVALNQTYUNT;INCMPLTSUMMABLEVALNQTY;INCMPLTSUMMABLEVALNFXDQTY;DEBITCREDITCODE;FISCALPERIOD;FISCALYEARVARIANT;FISCALYEARPERIOD;POSTINGDATE;DOCUMENTDATE;ACCOUNTINGDOCUMENTTYPE;ACCOUNTINGDOCUMENTITEM;ASSIGNMENTREFERENCE;ACCOUNTINGDOCUMENTCATEGORY;JOURNALENTRYITEMCATEGORY;POSTINGKEY;TRANSACTIONTYPEDETERMINATION;SUBLEDGERACCTLINEITEMTYPE;ACCOUNTINGDOCCREATEDBYUSER;LASTCHANGEDATETIME;CREATIONDATETIME;CREATIONDATE;ELIMINATIONPROFITCENTER;ORIGINOBJECTTYPE;GLACCOUNTTYPE;ALTERNATIVEGLACCOUNT;COUNTRYCHARTOFACCOUNTS;ITEMISSPLIT;CONSOLIDATIONUNIT;PARTNERCONSOLIDATIONUNIT;COMPANY;CONSOLIDATIONCHARTOFACCOUNTS;CNSLDTNFINANCIALSTATEMENTITEM;CNSLDTNSUBITEMCATEGORY;CNSLDTNSUBITEM;INVOICEREFERENCE;INVOICEREFERENCEFISCALYEAR;FOLLOWONDOCUMENTTYPE;INVOICEITEMREFERENCE;REFERENCEPURCHASEORDERCATEGORY;PURCHASINGDOCUMENT;PURCHASINGDOCUMENTITEM;ACCOUNTASSIGNMENTNUMBER;DOCUMENTITEMTEXT;SALESDOCUMENT;SALESDOCUMENTITEM;PRODUCT;PLANT;SUPPLIER;CUSTOMER;SERVICESRENDEREDDATE;PERFORMANCEPERIODSTARTDATE;PERFORMANCEPERIODENDDATE;CONDITIONCONTRACT;EXCHANGERATEDATE;COMPONENTBREAKDOWN;COMPBREAKDOWNSCALENUMERATOR;FINANCIALACCOUNTTYPE;SPECIALGLCODE;TAXCODE;TAXCOUNTRY;HOUSEBANK;HOUSEBANKACCOUNT;ISOPENITEMMANAGED;CLEARINGDATE;CLEARINGDOCFISCALYEAR;CLEARINGACCOUNTINGDOCUMENT;CLEARINGJOURNALENTRYFISCALYEAR;CLEARINGJOURNALENTRY;VALUEDATE;GENERALLEDGERAGINGSCOPE;GENERALLEDGERAGINGINCREMENT;ASSETDEPRECIATIONAREA;MASTERFIXEDASSET;FIXEDASSET;ASSETVALUEDATE;ASSETTRANSACTIONTYPE;ASSETACCTTRANSCLASSFCTN;DEPRECIATIONFISCALPERIOD;GROUPMASTERFIXEDASSET;GROUPFIXEDASSET;ASSETCLASS;PARTNERMASTERFIXEDASSET;PARTNERFIXEDASSET;COSTESTIMATE;INVENTORYSPECIALSTOCKVALNTYPE;ISSUPPLIERSTOCKVALUATION;INVENTORYSPECIALSTOCKTYPE;INVENTORYSPCLSTKSALESDOCUMENT;INVENTORYSPCLSTKSALESDOCITM;INVTRYSPCLSTOCKWBSELMNTINTID;INVENTORYSPCLSTOCKWBSELEMENT;INVENTORYSPECIALSTOCKSUPPLIER;INVENTORYVALUATIONTYPE;VALUATIONAREA;MATERIALLEDGERPROCESSTYPE;MATERIALLEDGERCATEGORY;SLSPRICEAMOUNTINCOCODECRCY;PRODUCTPRICECONTROL;PROCUREMENTALTERNATIVE;PRODUCTIONPROCESS;SENDERCOMPANYCODE;SENDERGLACCOUNT;SENDERACCOUNTASSIGNMENT;SENDERACCOUNTASSIGNMENTTYPE;CONTROLLINGOBJECT;COSTORIGINGROUP;ORIGINSENDEROBJECT;CONTROLLINGDEBITCREDITCODE;ORIGINCTRLGDEBITCREDITCODE;CONTROLLINGOBJECTDEBITTYPE;QUANTITYISINCOMPLETE;OFFSETTINGACCOUNT;OFFSETTINGACCOUNTTYPE;OFFSETTINGCHARTOFACCOUNTS;LINEITEMISCOMPLETED;PERSONNELNUMBER;PROFITABILITYSEGMENT;CONTROLLINGOBJECTCLASS;PARTNERCOMPANYCODE;PARTNERCONTROLLINGOBJECTCLASS;ORIGINPROFITCENTER;ORIGINORDER;ORIGINCOSTCTRACTIVITYTYPE;ORIGINCOSTCENTER;ORIGINPRODUCT;VARIANCEORIGINGLACCOUNT;ACCOUNTASSIGNMENT;ACCOUNTASSIGNMENTTYPE;COSTCTRACTIVITYTYPE;ORDERID;ORDERCATEGORY;WBSELEMENTINTERNALID;WBSELEMENT;PARTNERWBSELEMENTINTERNALID;PARTNERWBSELEMENT;PROJECTINTERNALID;PROJECT;PARTNERPROJECTINTERNALID;PARTNERPROJECT;OPERATINGCONCERN;PROJECTNETWORK;RELATEDNETWORKACTIVITY;BUSINESSPROCESS;COSTOBJECT;BILLABLECONTROL;COSTANALYSISRESOURCE;CUSTOMERSERVICENOTIFICATION;SERVICEDOCUMENTTYPE;SERVICEDOCUMENT;SERVICEDOCUMENTITEM;PARTNERSERVICEDOCUMENTTYPE;PARTNERSERVICEDOCUMENT;PARTNERSERVICEDOCUMENTITEM;SERVICECONTRACTTYPE;SERVICECONTRACT;SERVICECONTRACTITEM;BUSINESSSOLUTIONORDER;BUSINESSSOLUTIONORDERITEM;PROVIDERCONTRACT;PROVIDERCONTRACTITEM;REVENUEACCOUNTINGCONTRACT;PERFORMANCEOBLIGATION;TIMESHEETOVERTIMECATEGORY;PARTNERACCOUNTASSIGNMENT;PARTNERACCOUNTASSIGNMENTTYPE;STSTCLACCOUNTASSIGNMENTTYPE1;STSTCLACCOUNTASSIGNMENTTYPE2;STSTCLACCOUNTASSIGNMENTTYPE3;WORKPACKAGE;WORKITEM;PARTNERCOSTCTRACTIVITYTYPE;PARTNERORDER;PARTNERORDERCATEGORY;PARTNERSALESDOCUMENT;PARTNERSALESDOCUMENTITEM;PARTNERPROJECTNETWORK;PARTNERPROJECTNETWORKACTIVITY;PARTNERBUSINESSPROCESS;PARTNERCOSTOBJECT;CONTROLLINGDOCUMENTITEM;VARIANCEORIGINGROUP;BILLINGDOCUMENTTYPE;SALESORGANIZATION;DISTRIBUTIONCHANNEL;ORGANIZATIONDIVISION;SOLDPRODUCT;SOLDPRODUCTGROUP;CUSTOMERGROUP;CUSTOMERSUPPLIERCOUNTRY;CUSTOMERSUPPLIERINDUSTRY;SALESDISTRICT;BILLTOPARTY;SHIPTOPARTY;CUSTOMERSUPPLIERCORPORATEGROUP;CASHLEDGERCOMPANYCODE;CASHLEDGERACCOUNT;FINANCIALMANAGEMENTAREA;COMMITMENTITEM;FUNDSCENTER;FUNDEDPROGRAM;FUND;GRANTID;BUDGETPERIOD;PARTNERFUND;PARTNERGRANT;PARTNERBUDGETPERIOD;PUBSECBUDGETACCOUNT;PUBSECBUDGETACCOUNTCOCODE;PUBSECBUDGETCNSMPNDATE;PUBSECBUDGETCNSMPNFSCLPERIOD;PUBSECBUDGETCNSMPNFSCLYEAR;PUBSECBUDGETISRELEVANT;PUBSECBUDGETCNSMPNTYPE;PUBSECBUDGETCNSMPNAMTTYPE;SPONSOREDPROGRAM;SPONSOREDCLASS;GTEEMBUDGETVALIDITYNUMBER;EARMARKEDFUNDSDOCUMENT;EARMARKEDFUNDSDOCUMENTITEM;FINANCIALSERVICESPRODUCTGROUP;FINANCIALSERVICESBRANCH;FINANCIALDATASOURCE;JOINTVENTURE;JOINTVENTUREEQUITYGROUP;JOINTVENTURECOSTRECOVERYCODE;JOINTVENTUREPARTNER;JOINTVENTUREBILLINGTYPE;JOINTVENTUREEQUITYTYPE;JOINTVENTUREPRODUCTIONDATE;JOINTVENTUREBILLINGDATE;JOINTVENTUREOPERATIONALDATE;CUTBACKRUN;JOINTVENTUREACCOUNTINGACTIVITY;PARTNERVENTURE;PARTNEREQUITYGROUP;SENDERCOSTRECOVERYCODE;CUTBACKACCOUNT;CUTBACKCOSTOBJECT;REBUSINESSENTITY;REALESTATEBUILDING;REALESTATEPROPERTY;RERENTALOBJECT;REALESTATECONTRACT;RESERVICECHARGEKEY;RESETTLEMENTUNITID;SETTLEMENTREFERENCEDATE;REPARTNERBUSINESSENTITY;REALESTATEPARTNERBUILDING;REALESTATEPARTNERPROPERTY;REPARTNERRENTALOBJECT;REALESTATEPARTNERCONTRACT;REPARTNERSERVICECHARGEKEY;REPARTNERSETTLEMENTUNITID;PARTNERSETTLEMENTREFERENCEDATE;ACCRUALOBJECTTYPE;ACCRUALOBJECTLOGICALSYSTEM;ACCRUALOBJECT;ACCRUALSUBOBJECT;ACCRUALITEMTYPE;ACCRUALREFERENCEOBJECT;ACCRUALVALUEDATE;FINANCIALVALUATIONOBJECTTYPE;FINANCIALVALUATIONOBJECT;FINANCIALVALUATIONSUBOBJECT;NETDUEDATE;CREDITRISKCLASS;WORKCENTERINTERNALID;ORDEROPERATION;ORDERITEM;PARTNERORDERITEM;ORDERSUBOPERATION;EQUIPMENT;FUNCTIONALLOCATION;ASSEMBLY;MAINTENANCEACTIVITYTYPE;MAINTENANCEORDERPLANNINGCODE;MAINTPRIORITYTYPE;MAINTPRIORITY;SUPERIORORDER;PRODUCTGROUP;MAINTENANCEORDERISPLANNED;ORIGINORDEROPERATION;JRNLENTRYITEMMIGRATIONSOURCE
0L;1010;2026;0100000002;000001;2026;0;;YCOA;A000;;RFBU;RFBU;RFBU;010;;BKPFF;;10102026;0100000002;000010;000000;000000;00000000000000000000000000000000;;;;;;;000000;;;;;;000000;;0000;;;;;;;000000;000000;;;;00000000000000000000000000000000;;0012544000;;YB900;;;1000_C;;;;;;;EUR;100000.00;EUR;100000.00;EUR;100000.00;USD;106000.00;EUR;100000.00;;0.00;;0.00;;0.00;;0.00;;0.00;;0.00;;0.00;;0.00;0.00;0.00;0.00;0.00;0.00;0.00;0.00;0.00;0.00;0.00;0.00;;0.00;;0.00;;0.000;0.000;;0.000;0.000;;0.000;;0.000;;0.000;;0.000;;0.000;0.000;S;006;K4;2026006;20260630;20260630;SA;001;20260630;;01000;40;;00000;ARIA;20261001224629;20261001224629;20261001;;35;X;0000266600;YIKR;X;000000000000001010;;001010;Y1;&NOMAPBS;1;915;;0000;;000;000;;00000;00;AR Jun;;000000;;;;;00000000;00000000;00000000;;20260630;;0.000;S;;;;;;X;00000000;0000;;0000;;20261001;;;00;;;00000000;;;000;;;;;;000000000000;;;;;000000;00000000;;;;;;;0.00;;000000000000;000000000000;;;;;;;;;;0;0;0070060000;S;YCOA;;00000000;;;;;;;;;;;;;;;00;00000000;;00000000;;00000000;;00000000;;;;;;;;;;;;000000;;;000000;;;000000;;000000;;000000;;;;;;;;;;;;;00;;000000;;;;;000;;;;;;;;;;;;;;;;;;;;;;;;;;;;;00000000;000;0000;;;;;;;;000;;;;;;;;;;00000000;00000000;00000000;0.0000000;;;;;;;;;;;;;;00000000;;;;;;;;00000000;;;;;;;00000000;;;;00000000;;00000000;;0000;0000;;;;;;;;;;;;;
2L;1010;2026;0100000002;000001;2026;0;;YCOA;A000;;RFBU;RFBU;RFBU;010;;BKPFF;;10102026;0100000002;000010;000000;000000;00000000000000000000000000000000;;;;;;;000000;;;;;;000000;;0000;;;;;;;000000;000000;;;;00000000000000000000000000000000;;0012544000;;YB900;;;1000_C;;;;;;;EUR;100000.00;EUR;100000.00;EUR;100000.00;USD;106000.00;EUR;100000.00;;0.00;;0.00;;0.00;;0.00;;0.00;;0.00;;0.00;;0.00;0.00;0.00;0.00;0.00;0.00;0.00;0.00;0.00;0.00;0.00;0.00;;0.00;;0.00;;0.000;0.000;;0.000;0.000;;0.000;;0.000;;0.000;;0.000;;0.000;0.000;S;006;K4;2026006;20260630;20260630;SA;001;20260630;;01000;40;;00000;ARIA;20261001224629;20261001224629;20261001;;35;X;0000266600;YIKR;X;;;;;;;;;0000;;000;000;;00000;00;AR Jun;;000000;;;;;00000000;00000000;00000000;;20260630;;0.000;S;;;;;;X;00000000;0000;;0000;;20261001;;;00;;;00000000;;;000;;;;;;000000000000;;;;;000000;00000000;;;;;;;0.00;;000000000000;000000000000;;;;;;;;;;0;0;0070060000;S;YCOA;;00000000;;;;;;;;;;;;;;;00;00000000;;00000000;;00000000;;00000000;;;;;;;;;;;;000000;;;000000;;;000000;;000000;;000000;;;;;;;;;;;;;00;;000000;;;;;000;;;;;;;;;;;;;;;;;;;;;;;;;;;;;00000000;000;0000;;;;;;;;000;;;;;;;;;;00000000;00000000;00000000;0.0000000;;;;;;;;;;;;;;00000000;;;;;;;;00000000;;;;;;;00000000;;;;00000000;;00000000;;0000;0000;;;;;;;;;;;;;
0L;1010;2026;0100000006;000001;2026;0;;YCOA;A000;;RFBU;RFBU;RFBU;010;;BKPFF;;10102026;0100000006;000010;000000;000000;00000000000000000000000000000000;;;;;;;000000;;;;;;000000;;0000;;;;;;;000000;000000;;;;00000000000000000000000000000000;;0011001099;;YB900;;;1000_C;;;;;;;EUR;80000.00;EUR;80000.00;EUR;80000.00;USD;84800.00;EUR;80000.00;;0.00;;0.00;;0.00;;0.00;;0.00;;0.00;;0.00;;0.00;0.00;0.00;0.00;0.00;0.00;0.00;0.00;0.00;0.00;0.00;0.00;;0.00;;0.00;;0.000;0.000;;0.000;0.000;;0.000;;0.000;;0.000;;0.000;;0.000;0.000;S;006;K4;2026006;20260628;20260628;SA;001;20260628;;04000;40;;00000;ARIA;20261001224633;20261001224633;20261001;;35;X;0000280099;YIKR;X;000000000000001010;;001010;Y1;0000111100;1;915;;0000;;000;000;;00000;00;Bank Jun;;000000;;;;;00000000;00000000;00000000;;20260628;;0.000;S;;;;;;;00000000;0000;;0000;;20261001;;;00;;;00000000;;;000;;;;;;000000000000;;;;;000000;00000000;;;;;;;0.00;;000000000000;000000000000;;;;;;;;;;0;0;0012544000;S;YCOA;;00000000;;;;;;;;;;;;;;;00;00000000;;00000000;;00000000;;00000000;;;;;;;;;;;;000000;;;000000;;;000000;;000000;;000000;;;;;;;;;;;;;00;;000000;;;;;000;;;;;;;;;;;;;;;;;;;;;;;;;;;;;00000000;000;0000;;;;;;;;000;;;;;;;;;;00000000;00000000;00000000;0.0000000;;;;;;;;;;;;;;00000000;;;;;;;;00000000;;;;;;;00000000;;;;00000000;;00000000;;0000;0000;;;;;;;;;;;;;
0L;1010;2026;0100000006;000002;2026;0;;YCOA;A000;;RFBU;RFBU;RFBU;010;;BKPFF;;10102026;0100000006;000020;000000;000000;00000000000000000000000000000000;;;;;;;000000;;;;;;000000;;0000;;;;;;;000000;000000;;;;00000000000000000000000000000000;;0012544000;;YB900;;;1000_C;;;;;;;EUR;-80000.00;EUR;-80000.00;EUR;-80000.00;USD;-84800.00;EUR;-80000.00;;0.00;;0.00;;0.00;;0.00;;0.00;;0.00;;0.00;;0.00;0.00;0.00;0.00;0.00;0.00;0.00;0.00;0.00;0.00;0.00;0.00;;0.00;;0.00;;0.000;0.000;;0.000;0.000;;0.000;;0.000;;0.000;;0.000;;0.000;0.000;H;006;K4;2026006;20260628;20260628;SA;002;20260628;;01000;50;;00000;ARIA;20261001224633;20261001224633;20261001;;35;X;0000266600;YIKR;X;000000000000001010;;001010;Y1;&NOMAPBS;1;915;;0000;;000;000;;00000;00;AR Cleared Jun;;000000;;;;;00000000;00000000;00000000;;20260628;;0.000;S;;;;;;X;00000000;0000;;0000;;20261001;;;00;;;00000000;;;000;;;;;;000000000000;;;;;000000;00000000;;;;;;;0.00;;000000000000;000000000000;;;;;;;;;;0;0;0011001099;S;YCOA;;00000000;;;;;;;;;;;;;;;00;00000000;;00000000;;00000000;;00000000;;;;;;;;;;;;000000;;;000000;;;000000;;000000;;000000;;;;;;;;;;;;;00;;000000;;;;;000;;;;;;;;;;;;;;;;;;;;;;;;;;;;;00000000;000;0000;;;;;;;;000;;;;;;;;;;00000000;00000000;00000000;0.0000000;;;;;;;;;;;;;;00000000;;;;;;;;00000000;;;;;;;00000000;;;;00000000;;00000000;;0000;0000;;;;;;;;;;;;;
2L;1010;2026;0100000006;000001;2026;0;;YCOA;A000;;RFBU;RFBU;RFBU;010;;BKPFF;;10102026;0100000006;000010;000000;000000;00000000000000000000000000000000;;;;;;;000000;;;;;;000000;;0000;;;;;;;000000;000000;;;;00000000000000000000000000000000;;0011001099;;YB900;;;1000_C;;;;;;;EUR;80000.00;EUR;80000.00;EUR;80000.00;USD;84800.00;EUR;80000.00;;0.00;;0.00;;0.00;;0.00;;0.00;;0.00;;0.00;;0.00;0.00;0.00;0.00;0.00;0.00;0.00;0.00;0.00;0.00;0.00;0.00;;0.00;;0.00;;0.000;0.000;;0.000;0.000;;0.000;;0.000;;0.000;;0.000;;0.000;0.000;S;006;K4;2026006;20260628;20260628;SA;001;20260628;;04000;40;;00000;ARIA;20261001224633;20261001224633;20261001;;35;X;0000280099;YIKR;X;;;;;;;;;0000;;000;000;;00000;00;Bank Jun;;000000;;;;;00000000;00000000;00000000;;20260628;;0.000;S;;;;;;;00000000;0000;;0000;;20261001;;;00;;;00000000;;;000;;;;;;000000000000;;;;;000000;00000000;;;;;;;0.00;;000000000000;000000000000;;;;;;;;;;0;0;0012544000;S;YCOA;;00000000;;;;;;;;;;;;;;;00;00000000;;00000000;;00000000;;00000000;;;;;;;;;;;;000000;;;000000;;;000000;;000000;;000000;;;;;;;;;;;;;00;;000000;;;;;000;;;;;;;;;;;;;;;;;;;;;;;;;;;;;00000000;000;0000;;;;;;;;000;;;;;;;;;;00000000;00000000;00000000;0.0000000;;;;;;;;;;;;;;00000000;;;;;;;;00000000;;;;;;;00000000;;;;00000000;;00000000;;0000;0000;;;;;;;;;;;;;
2L;1010;2026;0100000006;000002;2026;0;;YCOA;A000;;RFBU;RFBU;RFBU;010;;BKPFF;;10102026;0100000006;000020;000000;000000;00000000000000000000000000000000;;;;;;;000000;;;;;;000000;;0000;;;;;;;000000;000000;;;;00000000000000000000000000000000;;0012544000;;YB900;;;1000_C;;;;;;;EUR;-80000.00;EUR;-80000.00;EUR;-80000.00;USD;-84800.00;EUR;-80000.00;;0.00;;0.00;;0.00;;0.00;;0.00;;0.00;;0.00;;0.00;0.00;0.00;0.00;0.00;0.00;0.00;0.00;0.00;0.00;0.00;0.00;;0.00;;0.00;;0.000;0.000;;0.000;0.000;;0.000;;0.000;;0.000;;0.000;;0.000;0.000;H;006;K4;2026006;20260628;20260628;SA;002;20260628;;01000;50;;00000;ARIA;20261001224633;20261001224633;20261001;;35;X;0000266600;YIKR;X;;;;;;;;;0000;;000;000;;00000;00;AR Cleared Jun;;000000;;;;;00000000;00000000;00000000;;20260628;;0.000;S;;;;;;X;00000000;0000;;0000;;20261001;;;00;;;00000000;;;000;;;;;;000000000000;;;;;000000;00000000;;;;;;;0.00;;000000000000;000000000000;;;;;;;;;;0;0;0011001099;S;YCOA;;00000000;;;;;;;;;;;;;;;00;00000000;;00000000;;00000000;;00000000;;;;;;;;;;;;000000;;;000000;;;000000;;000000;;000000;;;;;;;;;;;;;00;;000000;;;;;000;;;;;;;;;;;;;;;;;;;;;;;;;;;;;00000000;000;0000;;;;;;;;000;;;;;;;;;;00000000;00000000;00000000;0.0000000;;;;;;;;;;;;;;00000000;;;;;;;;00000000;;;;;;;00000000;;;;00000000;;00000000;;0000;0000;;;;;;;;;;;;;
0L;1010;2026;0100000007;000001;2026;0;;YCOA;A000;;RFBU;RFBU;RFBU;010;;BKPFF;;10102026;0100000007;000010;000000;000000;00000000000000000000000000000000;;;;;;;000000;;;;;;000000;;0000;;;;;;;000000;000000;;;;00000000000000000000000000000000;;0012544000;;YB900;;;1000_C;;;;;;;EUR;120000.00;EUR;120000.00;EUR;120000.00;USD;127200.00;EUR;120000.00;;0.00;;0.00;;0.00;;0.00;;0.00;;0.00;;0.00;;0.00;0.00;0.00;0.00;0.00;0.00;0.00;0.00;0.00;0.00;0.00;0.00;;0.00;;0.00;;0.000;0.000;;0.000;0.000;;0.000;;0.000;;0.000;;0.000;;0.000;0.000;S;007;K4;2026007;20260731;20260731;SA;001;20260731;;01000;40;;00000;ARIA;20261001224633;20261001224633;20261001;;35;X;0000266600;YIKR;X;000000000000001010;;001010;Y1;&NOMAPBS;1;915;;0000;;000;000;;00000;00;AR Jul;;000000;;;;;00000000;00000000;00000000;;20260731;;0.000;S;;;;;;X;00000000;0000;;0000;;20261001;;;00;;;00000000;;;000;;;;;;000000000000;;;;;000000;00000000;;;;;;;0.00;;000000000000;000000000000;;;;;;;;;;0;0;0070060000;S;YCOA;;00000000;;;;;;;;;;;;;;;00;00000000;;00000000;;00000000;;00000000;;;;;;;;;;;;000000;;;000000;;;000000;;000000;;000000;;;;;;;;;;;;;00;;000000;;;;;000;;;;;;;;;;;;;;;;;;;;;;;;;;;;;00000000;000;0000;;;;;;;;000;;;;;;;;;;00000000;00000000;00000000;0.0000000;;;;;;;;;;;;;;00000000;;;;;;;;00000000;;;;;;;00000000;;;;00000000;;00000000;;0000;0000;;;;;;;;;;;;;
0L;1010;2026;0100000007;000002;2026;0;;YCOA;A000;;RFBU;RFBU;RFBU;010;;BKPFF;;10102026;0100000007;000020;000000;000000;00000000000000000000000000000000;;;;;;;000000;;;;;;000000;;0000;;;;;;;000000;000000;;;;00000000000000000000000000000000;;0070060000;;YB900;YB70;;1000_C;;;;;;;EUR;-120000.00;EUR;-120000.00;EUR;-120000.00;USD;-127200.00;EUR;-120000.00;;0.00;;0.00;;0.00;;0.00;;0.00;;0.00;;0.00;;0.00;0.00;0.00;0.00;0.00;0.00;0.00;0.00;0.00;0.00;0.00;0.00;;0.00;;0.00;;0.000;0.000;;0.000;0.000;;0.000;;0.000;;0.000;;0.000;;0.000;0.000;H;007;K4;2026007;20260731;20260731;SA;002;20260731;;30000;50;;00000;ARIA;20261001224633;20261001224633;20261001;;01;N;0000572600;YIKR;;000000000000001010;;001010;Y1;&NOMAPPL;2;YB70;;0000;;000;000;;00000;00;Revenue Jul;;000000;;;;;00000000;00000000;00000000;;20260731;;0.000;S;;;;;;;00000000;0000;;0000;;20261001;;;00;;;00000000;;;000;;;;;;000000000000;;;;;000000;00000000;;;;;;;0.00;;000000000000;000000000000;;;;;;;;;;0;0;0012544000;S;YCOA;;00000000;;;;;;;;;;;;;;;00;00000000;;00000000;;00000000;;00000000;;;;;;;;;;;;000000;;;000000;;;000000;;000000;;000000;;;;;;;;;;;;;00;;000000;;;;;000;;;;;;;;;;;;;;;;;;;;;;;;;;;;;00000000;000;0000;;;;;;;;000;;;;;;;;;;00000000;00000000;00000000;0.0000000;;;;;;;;;;;;;;00000000;;;;;;;;00000000;;;;;;;00000000;;;;00000000;;00000000;;0000;0000;;;;;;;;;;;;;
2L;1010;2026;0100000007;000001;2026;0;;YCOA;A000;;RFBU;RFBU;RFBU;010;;BKPFF;;10102026;0100000007;000010;000000;000000;00000000000000000000000000000000;;;;;;;000000;;;;;;000000;;0000;;;;;;;000000;000000;;;;00000000000000000000000000000000;;0012544000;;YB900;;;1000_C;;;;;;;EUR;120000.00;EUR;120000.00;EUR;120000.00;USD;127200.00;EUR;120000.00;;0.00;;0.00;;0.00;;0.00;;0.00;;0.00;;0.00;;0.00;0.00;0.00;0.00;0.00;0.00;0.00;0.00;0.00;0.00;0.00;0.00;;0.00;;0.00;;0.000;0.000;;0.000;0.000;;0.000;;0.000;;0.000;;0.000;;0.000;0.000;S;007;K4;2026007;20260731;20260731;SA;001;20260731;;01000;40;;00000;ARIA;20261001224633;20261001224633;20261001;;35;X;0000266600;YIKR;X;;;;;;;;;0000;;000;000;;00000;00;AR Jul;;000000;;;;;00000000;00000000;00000000;;20260731;;0.000;S;;;;;;X;00000000;0000;;0000;;20261001;;;00;;;00000000;;;000;;;;;;000000000000;;;;;000000;00000000;;;;;;;0.00;;000000000000;000000000000;;;;;;;;;;0;0;0070060000;S;YCOA;;00000000;;;;;;;;;;;;;;;00;00000000;;00000000;;00000000;;00000000;;;;;;;;;;;;000000;;;000000;;;000000;;000000;;000000;;;;;;;;;;;;;00;;000000;;;;;000;;;;;;;;;;;;;;;;;;;;;;;;;;;;;00000000;000;0000;;;;;;;;000;;;;;;;;;;00000000;00000000;00000000;0.0000000;;;;;;;;;;;;;;00000000;;;;;;;;00000000;;;;;;;00000000;;;;00000000;;00000000;;0000;0000;;;;;;;;;;;;;
2L;1010;2026;0100000007;000002;2026;0;;YCOA;A000;;RFBU;RFBU;RFBU;010;;BKPFF;;10102026;0100000007;000020;000000;000000;00000000000000000000000000000000;;;;;;;000000;;;;;;000000;;0000;;;;;;;000000;000000;;;;00000000000000000000000000000000;;0070060000;;YB900;YB70;;1000_C;;;;;;;EUR;-120000.00;EUR;-120000.00;EUR;-120000.00;USD;-127200.00;EUR;-120000.00;;0.00;;0.00;;0.00;;0.00;;0.00;;0.00;;0.00;;0.00;0.00;0.00;0.00;0.00;0.00;0.00;0.00;0.00;0.00;0.00;0.00;;0.00;;0.00;;0.000;0.000;;0.000;0.000;;0.000;;0.000;;0.000;;0.000;;0.000;0.000;H;007;K4;2026007;20260731;20260731;SA;002;20260731;;30000;50;;00000;ARIA;20261001224633;20261001224633;20261001;;01;N;0000572600;YIKR;;;;;;;;;;0000;;000;000;;00000;00;Revenue Jul;;000000;;;;;00000000;00000000;00000000;;20260731;;0.000;S;;;;;;;00000000;0000;;0000;;20261001;;;00;;;00000000;;;000;;;;;;000000000000;;;;;000000;00000000;;;;;;;0.00;;000000000000;000000000000;;;;;;;;;;0;0;0012544000;S;YCOA;;00000000;;;;;;;;;;;;;;;00;00000000;;00000000;;00000000;;00000000;;;;;;;;;;;;000000;;;000000;;;000000;;000000;;000000;;;;;;;;;;;;;00;;000000;;;;;000;;;;;;;;;;;;;;;;;;;;;;;;;;;;;00000000;000;0000;;;;;;;;000;;;;;;;;;;00000000;00000000;00000000;0.0000000;;;;;;;;;;;;;;00000000;;;;;;;;00000000;;;;;;;00000000;;;;00000000;;00000000;;0000;0000;;;;;;;;;;;;;
0L;1010;2026;0100000011;000001;2026;0;;YCOA;A000;;RFBU;RFBU;RFBU;010;;BKPFF;;10102026;0100000011;000010;000000;000000;00000000000000000000000000000000;;;;;;;000000;;;;;;000000;;0000;;;;;;;000000;000000;;;;00000000000000000000000000000000;;0011001099;;YB900;;;1000_C;;;;;;;EUR;100000.00;EUR;100000.00;EUR;100000.00;USD;106000.00;EUR;100000.00;;0.00;;0.00;;0.00;;0.00;;0.00;;0.00;;0.00;;0.00;0.00;0.00;0.00;0.00;0.00;0.00;0.00;0.00;0.00;0.00;0.00;;0.00;;0.00;;0.000;0.000;;0.000;0.000;;0.000;;0.000;;0.000;;0.000;;0.000;0.000;S;007;K4;2026007;20260729;20260729;SA;001;20260729;;04000;40;;00000;ARIA;20261001224635;20261001224635;20261001;;35;X;0000280099;YIKR;X;000000000000001010;;001010;Y1;0000111100;1;915;;0000;;000;000;;00000;00;Bank Jul;;000000;;;;;00000000;00000000;00000000;;20260729;;0.000;S;;;;;;;00000000;0000;;0000;;20261001;;;00;;;00000000;;;000;;;;;;000000000000;;;;;000000;00000000;;;;;;;0.00;;000000000000;000000000000;;;;;;;;;;0;0;0012544000;S;YCOA;;00000000;;;;;;;;;;;;;;;00;00000000;;00000000;;00000000;;00000000;;;;;;;;;;;;000000;;;000000;;;000000;;000000;;000000;;;;;;;;;;;;;00;;000000;;;;;000;;;;;;;;;;;;;;;;;;;;;;;;;;;;;00000000;000;0000;;;;;;;;000;;;;;;;;;;00000000;00000000;00000000;0.0000000;;;;;;;;;;;;;;00000000;;;;;;;;00000000;;;;;;;00000000;;;;00000000;;00000000;;0000;0000;;;;;;;;;;;;;
2L;1010;2026;0100000011;000001;2026;0;;YCOA;A000;;RFBU;RFBU;RFBU;010;;BKPFF;;10102026;0100000011;000010;000000;000000;00000000000000000000000000000000;;;;;;;000000;;;;;;000000;;0000;;;;;;;000000;000000;;;;00000000000000000000000000000000;;0011001099;;YB900;;;1000_C;;;;;;;EUR;100000.00;EUR;100000.00;EUR;100000.00;USD;106000.00;EUR;100000.00;;0.00;;0.00;;0.00;;0.00;;0.00;;0.00;;0.00;;0.00;0.00;0.00;0.00;0.00;0.00;0.00;0.00;0.00;0.00;0.00;0.00;;0.00;;0.00;;0.000;0.000;;0.000;0.000;;0.000;;0.000;;0.000;;0.000;;0.000;0.000;S;007;K4;2026007;20260729;20260729;SA;001;20260729;;04000;40;;00000;ARIA;20261001224635;20261001224635;20261001;;35;X;0000280099;YIKR;X;;;;;;;;;0000;;000;000;;00000;00;Bank Jul;;000000;;;;;00000000;00000000;00000000;;20260729;;0.000;S;;;;;;;00000000;0000;;0000;;20261001;;;00;;;00000000;;;000;;;;;;000000000000;;;;;000000;00000000;;;;;;;0.00;;000000000000;000000000000;;;;;;;;;;0;0;0012544000;S;YCOA;;00000000;;;;;;;;;;;;;;;00;00000000;;00000000;;00000000;;00000000;;;;;;;;;;;;000000;;;000000;;;000000;;000000;;000000;;;;;;;;;;;;;00;;000000;;;;;000;;;;;;;;;;;;;;;;;;;;;;;;;;;;;00000000;000;0000;;;;;;;;000;;;;;;;;;;00000000;00000000;00000000;0.0000000;;;;;;;;;;;;;;00000000;;;;;;;;00000000;;;;;;;00000000;;;;00000000;;00000000;;0000;0000;;;;;;;;;;;;;
0L;1010;2026;0100000012;000001;2026;0;;YCOA;A000;;RFBU;RFBU;RFBU;010;;BKPFF;;10102026;0100000012;000010;000000;000000;00000000000000000000000000000000;;;;;;;000000;;;;;;000000;;0000;;;;;;;000000;000000;;;;00000000000000000000000000000000;;0012544000;;YB900;;;1000_C;;;;;;;EUR;90000.00;EUR;90000.00;EUR;90000.00;USD;95400.00;EUR;90000.00;;0.00;;0.00;;0.00;;0.00;;0.00;;0.00;;0.00;;0.00;0.00;0.00;0.00;0.00;0.00;0.00;0.00;0.00;0.00;0.00;0.00;;0.00;;0.00;;0.000;0.000;;0.000;0.000;;0.000;;0.000;;0.000;;0.000;;0.000;0.000;S;008;K4;2026008;20260831;20260831;SA;001;20260831;;01000;40;;00000;ARIA;20261001224636;20261001224636;20261001;;35;X;0000266600;YIKR;X;000000000000001010;;001010;Y1;&NOMAPBS;1;915;;0000;;000;000;;00000;00;AR Aug;;000000;;;;;00000000;00000000;00000000;;20260831;;0.000;S;;;;;;X;00000000;0000;;0000;;20261001;;;00;;;00000000;;;000;;;;;;000000000000;;;;;000000;00000000;;;;;;;0.00;;000000000000;000000000000;;;;;;;;;;0;0;0070060000;S;YCOA;;00000000;;;;;;;;;;;;;;;00;00000000;;00000000;;00000000;;00000000;;;;;;;;;;;;000000;;;000000;;;000000;;000000;;000000;;;;;;;;;;;;;00;;000000;;;;;000;;;;;;;;;;;;;;;;;;;;;;;;;;;;;00000000;000;0000;;;;;;;;000;;;;;;;;;;00000000;00000000;00000000;0.0000000;;;;;;;;;;;;;;00000000;;;;;;;;00000000;;;;;;;00000000;;;;00000000;;00000000;;0000;0000;;;;;;;;;;;;;
2L;1010;2026;0100000012;000001;2026;0;;YCOA;A000;;RFBU;RFBU;RFBU;010;;BKPFF;;10102026;0100000012;000010;000000;000000;00000000000000000000000000000000;;;;;;;000000;;;;;;000000;;0000;;;;;;;000000;000000;;;;00000000000000000000000000000000;;0012544000;;YB900;;;1000_C;;;;;;;EUR;90000.00;EUR;90000.00;EUR;90000.00;USD;95400.00;EUR;90000.00;;0.00;;0.00;;0.00;;0.00;;0.00;;0.00;;0.00;;0.00;0.00;0.00;0.00;0.00;0.00;0.00;0.00;0.00;0.00;0.00;0.00;;0.00;;0.00;;0.000;0.000;;0.000;0.000;;0.000;;0.000;;0.000;;0.000;;0.000;0.000;S;008;K4;2026008;20260831;20260831;SA;001;20260831;;01000;40;;00000;ARIA;20261001224636;20261001224636;20261001;;35;X;0000266600;YIKR;X;;;;;;;;;0000;;000;000;;00000;00;AR Aug;;000000;;;;;00000000;00000000;00000000;;20260831;;0.000;S;;;;;;X;00000000;0000;;0000;;20261001;;;00;;;00000000;;;000;;;;;;000000000000;;;;;000000;00000000;;;;;;;0.00;;000000000000;000000000000;;;;;;;;;;0;0;0070060000;S;YCOA;;00000000;;;;;;;;;;;;;;;00;00000000;;00000000;;00000000;;00000000;;;;;;;;;;;;000000;;;000000;;;000000;;000000;;000000;;;;;;;;;;;;;00;;000000;;;;;000;;;;;;;;;;;;;;;;;;;;;;;;;;;;;00000000;000;0000;;;;;;;;000;;;;;;;;;;00000000;00000000;00000000;0.0000000;;;;;;;;;;;;;;00000000;;;;;;;;00000000;;;;;;;00000000;;;;00000000;;00000000;;0000;0000;;;;;;;;;;;;;
0L;1010;2026;0100000016;000001;2026;0;;YCOA;A000;;RFBU;RFBU;RFBU;010;;BKPFF;;10102026;0100000016;000010;000000;000000;00000000000000000000000000000000;;;;;;;000000;;;;;;000000;;0000;;;;;;;000000;000000;;;;00000000000000000000000000000000;;0011001099;;YB900;;;1000_C;;;;;;;EUR;75000.00;EUR;75000.00;EUR;75000.00;USD;79500.00;EUR;75000.00;;0.00;;0.00;;0.00;;0.00;;0.00;;0.00;;0.00;;0.00;0.00;0.00;0.00;0.00;0.00;0.00;0.00;0.00;0.00;0.00;0.00;;0.00;;0.00;;0.000;0.000;;0.000;0.000;;0.000;;0.000;;0.000;;0.000;;0.000;0.000;S;008;K4;2026008;20260829;20260829;SA;001;20260829;;04000;40;;00000;ARIA;20261001224638;20261001224638;20261001;;35;X;0000280099;YIKR;X;000000000000001010;;001010;Y1;0000111100;1;915;;0000;;000;000;;00000;00;Bank Aug;;000000;;;;;00000000;00000000;00000000;;20260829;;0.000;S;;;;;;;00000000;0000;;0000;;20261001;;;00;;;00000000;;;000;;;;;;000000000000;;;;;000000;00000000;;;;;;;0.00;;000000000000;000000000000;;;;;;;;;;0;0;0012544000;S;YCOA;;00000000;;;;;;;;;;;;;;;00;00000000;;00000000;;00000000;;00000000;;;;;;;;;;;;000000;;;000000;;;000000;;000000;;000000;;;;;;;;;;;;;00;;000000;;;;;000;;;;;;;;;;;;;;;;;;;;;;;;;;;;;00000000;000;0000;;;;;;;;000;;;;;;;;;;00000000;00000000;00000000;0.0000000;;;;;;;;;;;;;;00000000;;;;;;;;00000000;;;;;;;00000000;;;;00000000;;00000000;;0000;0000;;;;;;;;;;;;;
2L;1010;2026;0100000016;000001;2026;0;;YCOA;A000;;RFBU;RFBU;RFBU;010;;BKPFF;;10102026;0100000016;000010;000000;000000;00000000000000000000000000000000;;;;;;;000000;;;;;;000000;;0000;;;;;;;000000;000000;;;;00000000000000000000000000000000;;0011001099;;YB900;;;1000_C;;;;;;;EUR;75000.00;EUR;75000.00;EUR;75000.00;USD;79500.00;EUR;75000.00;;0.00;;0.00;;0.00;;0.00;;0.00;;0.00;;0.00;;0.00;0.00;0.00;0.00;0.00;0.00;0.00;0.00;0.00;0.00;0.00;0.00;;0.00;;0.00;;0.000;0.000;;0.000;0.000;;0.000;;0.000;;0.000;;0.000;;0.000;0.000;S;008;K4;2026008;20260829;20260829;SA;001;20260829;;04000;40;;00000;ARIA;20261001224638;20261001224638;20261001;;35;X;0000280099;YIKR;X;;;;;;;;;0000;;000;000;;00000;00;Bank Aug;;000000;;;;;00000000;00000000;00000000;;20260829;;0.000;S;;;;;;;00000000;0000;;0000;;20261001;;;00;;;00000000;;;000;;;;;;000000000000;;;;;000000;00000000;;;;;;;0.00;;000000000000;000000000000;;;;;;;;;;0;0;0012544000;S;YCOA;;00000000;;;;;;;;;;;;;;;00;00000000;;00000000;;00000000;;00000000;;;;;;;;;;;;000000;;;000000;;;000000;;000000;;000000;;;;;;;;;;;;;00;;000000;;;;;000;;;;;;;;;;;;;;;;;;;;;;;;;;;;;00000000;000;0000;;;;;;;;000;;;;;;;;;;00000000;00000000;00000000;0.0000000;;;;;;;;;;;;;;00000000;;;;;;;;00000000;;;;;;;00000000;;;;00000000;;00000000;;0000;0000;;;;;;;;;;;;;
0L;1010;2026;0100000002;000002;2026;0;;YCOA;A000;;RFBU;RFBU;RFBU;010;;BKPFF;;10102026;0100000002;000020;000000;000000;00000000000000000000000000000000;;;;;;;000000;;;;;;000000;;0000;;;;;;;000000;000000;;;;00000000000000000000000000000000;;0070060000;;YB900;YB70;;1000_C;;;;;;;EUR;-100000.00;EUR;-100000.00;EUR;-100000.00;USD;-106000.00;EUR;-100000.00;;0.00;;0.00;;0.00;;0.00;;0.00;;0.00;;0.00;;0.00;0.00;0.00;0.00;0.00;0.00;0.00;0.00;0.00;0.00;0.00;0.00;;0.00;;0.00;;0.000;0.000;;0.000;0.000;;0.000;;0.000;;0.000;;0.000;;0.000;0.000;H;006;K4;2026006;20260630;20260630;SA;002;20260630;;30000;50;;00000;ARIA;20261001224629;20261001224629;20261001;;01;N;0000572600;YIKR;;000000000000001010;;001010;Y1;&NOMAPPL;2;YB70;;0000;;000;000;;00000;00;Revenue Jun;;000000;;;;;00000000;00000000;00000000;;20260630;;0.000;S;;;;;;;00000000;0000;;0000;;20261001;;;00;;;00000000;;;000;;;;;;000000000000;;;;;000000;00000000;;;;;;;0.00;;000000000000;000000000000;;;;;;;;;;0;0;0012544000;S;YCOA;;00000000;;;;;;;;;;;;;;;00;00000000;;00000000;;00000000;;00000000;;;;;;;;;;;;000000;;;000000;;;000000;;000000;;000000;;;;;;;;;;;;;00;;000000;;;;;000;;;;;;;;;;;;;;;;;;;;;;;;;;;;;00000000;000;0000;;;;;;;;000;;;;;;;;;;00000000;00000000;00000000;0.0000000;;;;;;;;;;;;;;00000000;;;;;;;;00000000;;;;;;;00000000;;;;00000000;;00000000;;0000;0000;;;;;;;;;;;;;
2L;1010;2026;0100000002;000002;2026;0;;YCOA;A000;;RFBU;RFBU;RFBU;010;;BKPFF;;10102026;0100000002;000020;000000;000000;00000000000000000000000000000000;;;;;;;000000;;;;;;000000;;0000;;;;;;;000000;000000;;;;00000000000000000000000000000000;;0070060000;;YB900;YB70;;1000_C;;;;;;;EUR;-100000.00;EUR;-100000.00;EUR;-100000.00;USD;-106000.00;EUR;-100000.00;;0.00;;0.00;;0.00;;0.00;;0.00;;0.00;;0.00;;0.00;0.00;0.00;0.00;0.00;0.00;0.00;0.00;0.00;0.00;0.00;0.00;;0.00;;0.00;;0.000;0.000;;0.000;0.000;;0.000;;0.000;;0.000;;0.000;;0.000;0.000;H;006;K4;2026006;20260630;20260630;SA;002;20260630;;30000;50;;00000;ARIA;20261001224629;20261001224629;20261001;;01;N;0000572600;YIKR;;;;;;;;;;0000;;000;000;;00000;00;Revenue Jun;;000000;;;;;00000000;00000000;00000000;;20260630;;0.000;S;;;;;;;00000000;0000;;0000;;20261001;;;00;;;00000000;;;000;;;;;;000000000000;;;;;000000;00000000;;;;;;;0.00;;000000000000;000000000000;;;;;;;;;;0;0;0012544000;S;YCOA;;00000000;;;;;;;;;;;;;;;00;00000000;;00000000;;00000000;;00000000;;;;;;;;;;;;000000;;;000000;;;000000;;000000;;000000;;;;;;;;;;;;;00;;000000;;;;;000;;;;;;;;;;;;;;;;;;;;;;;;;;;;;00000000;000;0000;;;;;;;;000;;;;;;;;;;00000000;00000000;00000000;0.0000000;;;;;;;;;;;;;;00000000;;;;;;;;00000000;;;;;;;00000000;;;;00000000;;00000000;;0000;0000;;;;;;;;;;;;;
0L;1010;2026;0100000003;000002;2026;0;;YCOA;A000;;RFBU;RFBU;RFBU;010;;BKPFF;;10102026;0100000003;000020;000000;000000;00000000000000000000000000000000;;;;;;;000000;;;;;;000000;;0000;;;;;;;000000;000000;;;;00000000000000000000000000000000;;0029110000;;YB600;;;1000_C;;;;;;;EUR;-40000.00;EUR;-40000.00;EUR;-40000.00;USD;-42400.00;EUR;-40000.00;;0.00;;0.00;;0.00;;0.00;;0.00;;0.00;;0.00;;0.00;0.00;0.00;0.00;0.00;0.00;0.00;0.00;0.00;0.00;0.00;0.00;;0.00;;0.00;;0.000;0.000;;0.000;0.000;;0.000;;0.000;;0.000;;0.000;;0.000;0.000;H;006;K4;2026006;20260630;20260630;SA;002;20260630;;01000;50;;00000;ARIA;20261001224630;20261001224630;20261001;;35;X;0000446020;YIKR;X;000000000000001010;;001010;Y1;0000281600;1;915;;0000;;000;000;;00000;00;AP Accrual Jun;;000000;;;;;00000000;00000000;00000000;;20260630;;0.000;S;;;;;;;00000000;0000;;0000;;20261001;;;00;;;00000000;;;000;;;;;;000000000000;;;;;000000;00000000;;;;;;;0.00;;000000000000;000000000000;;;;;;;;;;0;0;0050302000;S;YCOA;;00000000;;;;;;;;;;;;;;;00;00000000;;00000000;;00000000;;00000000;;;;;;;;;;;;000000;;;000000;;;000000;;000000;;000000;;;;;;;;;;;;;00;;000000;;;;;000;;;;;;;;;;;;;;;;;;;;;;;;;;;;;00000000;000;0000;;;;;;;;000;;;;;;;;;;00000000;00000000;00000000;0.0000000;;;;;;;;;;;;;;00000000;;;;;;;;00000000;;;;;;;00000000;;;;00000000;;00000000;;0000;0000;;;;;;;;;;;;;
2L;1010;2026;0100000003;000002;2026;0;;YCOA;A000;;RFBU;RFBU;RFBU;010;;BKPFF;;10102026;0100000003;000020;000000;000000;00000000000000000000000000000000;;;;;;;000000;;;;;;000000;;0000;;;;;;;000000;000000;;;;00000000000000000000000000000000;;0029110000;;YB600;;;1000_C;;;;;;;EUR;-40000.00;EUR;-40000.00;EUR;-40000.00;USD;-42400.00;EUR;-40000.00;;0.00;;0.00;;0.00;;0.00;;0.00;;0.00;;0.00;;0.00;0.00;0.00;0.00;0.00;0.00;0.00;0.00;0.00;0.00;0.00;0.00;;0.00;;0.00;;0.000;0.000;;0.000;0.000;;0.000;;0.000;;0.000;;0.000;;0.000;0.000;H;006;K4;2026006;20260630;20260630;SA;002;20260630;;01000;50;;00000;ARIA;20261001224630;20261001224630;20261001;;35;X;0000446020;YIKR;X;;;;;;;;;0000;;000;000;;00000;00;AP Accrual Jun;;000000;;;;;00000000;00000000;00000000;;20260630;;0.000;S;;;;;;;00000000;0000;;0000;;20261001;;;00;;;00000000;;;000;;;;;;000000000000;;;;;000000;00000000;;;;;;;0.00;;000000000000;000000000000;;;;;;;;;;0;0;0050302000;S;YCOA;;00000000;;;;;;;;;;;;;;;00;00000000;;00000000;;00000000;;00000000;;;;;;;;;;;;000000;;;000000;;;000000;;000000;;000000;;;;;;;;;;;;;00;;000000;;;;;000;;;;;;;;;;;;;;;;;;;;;;;;;;;;;00000000;000;0000;;;;;;;;000;;;;;;;;;;00000000;00000000;00000000;0.0000000;;;;;;;;;;;;;;00000000;;;;;;;;00000000;;;;;;;00000000;;;;00000000;;00000000;;0000;0000;;;;;;;;;;;;;
0L;1010;2026;0100000004;000002;2026;0;;YCOA;A000;;RFBU;RFBU;RFBU;010;;BKPFF;;10102026;0100000004;000020;000000;000000;00000000000000000000000000000000;;;;;;;000000;;;;;;000000;;0000;;;;;;;000000;000000;;;;00000000000000000000000000000000;;0029110000;;YB600;;;1000_C;;;;;;;EUR;-15000.00;EUR;-15000.00;EUR;-15000.00;USD;-15900.00;EUR;-15000.00;;0.00;;0.00;;0.00;;0.00;;0.00;;0.00;;0.00;;0.00;0.00;0.00;0.00;0.00;0.00;0.00;0.00;0.00;0.00;0.00;0.00;;0.00;;0.00;;0.000;0.000;;0.000;0.000;;0.000;;0.000;;0.000;;0.000;;0.000;0.000;H;006;K4;2026006;20260630;20260630;SA;002;20260630;;01000;50;;00000;ARIA;20261001224631;20261001224631;20261001;;35;X;0000446020;YIKR;X;000000000000001010;;001010;Y1;0000281600;1;915;;0000;;000;000;;00000;00;Accrued Expenses Jun;;000000;;;;;00000000;00000000;00000000;;20260630;;0.000;S;;;;;;;00000000;0000;;0000;;20261001;;;00;;;00000000;;;000;;;;;;000000000000;;;;;000000;00000000;;;;;;;0.00;;000000000000;000000000000;;;;;;;;;;0;0;0065300000;S;YCOA;;00000000;;;;;;;;;;;;;;;00;00000000;;00000000;;00000000;;00000000;;;;;;;;;;;;000000;;;000000;;;000000;;000000;;000000;;;;;;;;;;;;;00;;000000;;;;;000;;;;;;;;;;;;;;;;;;;;;;;;;;;;;00000000;000;0000;;;;;;;;000;;;;;;;;;;00000000;00000000;00000000;0.0000000;;;;;;;;;;;;;;00000000;;;;;;;;00000000;;;;;;;00000000;;;;00000000;;00000000;;0000;0000;;;;;;;;;;;;;
2L;1010;2026;0100000004;000002;2026;0;;YCOA;A000;;RFBU;RFBU;RFBU;010;;BKPFF;;10102026;0100000004;000020;000000;000000;00000000000000000000000000000000;;;;;;;000000;;;;;;000000;;0000;;;;;;;000000;000000;;;;00000000000000000000000000000000;;0029110000;;YB600;;;1000_C;;;;;;;EUR;-15000.00;EUR;-15000.00;EUR;-15000.00;USD;-15900.00;EUR;-15000.00;;0.00;;0.00;;0.00;;0.00;;0.00;;0.00;;0.00;;0.00;0.00;0.00;0.00;0.00;0.00;0.00;0.00;0.00;0.00;0.00;0.00;;0.00;;0.00;;0.000;0.000;;0.000;0.000;;0.000;;0.000;;0.000;;0.000;;0.000;0.000;H;006;K4;2026006;20260630;20260630;SA;002;20260630;;01000;50;;00000;ARIA;20261001224631;20261001224631;20261001;;35;X;0000446020;YIKR;X;;;;;;;;;0000;;000;000;;00000;00;Accrued Expenses Jun;;000000;;;;;00000000;00000000;00000000;;20260630;;0.000;S;;;;;;;00000000;0000;;0000;;20261001;;;00;;;00000000;;;000;;;;;;000000000000;;;;;000000;00000000;;;;;;;0.00;;000000000000;000000000000;;;;;;;;;;0;0;0065300000;S;YCOA;;00000000;;;;;;;;;;;;;;;00;00000000;;00000000;;00000000;;00000000;;;;;;;;;;;;000000;;;000000;;;000000;;000000;;000000;;;;;;;;;;;;;00;;000000;;;;;000;;;;;;;;;;;;;;;;;;;;;;;;;;;;;00000000;000;0000;;;;;;;;000;;;;;;;;;;00000000;00000000;00000000;0.0000000;;;;;;;;;;;;;;00000000;;;;;;;;00000000;;;;;;;00000000;;;;00000000;;00000000;;0000;0000;;;;;;;;;;;;;
0L;1010;2026;0100000005;000002;2026;0;;YCOA;A000;;RFBU;RFBU;RFBU;010;;BKPFF;;10102026;0100000005;000020;000000;000000;00000000000000000000000000000000;;;;;;;000000;;;;;;000000;;0000;;;;;;;000000;000000;;;;00000000000000000000000000000000;;0016015000;;YB600;;;1000_C;;;;;;;EUR;-5000.00;EUR;-5000.00;EUR;-5000.00;USD;-5300.00;EUR;-5000.00;;0.00;;0.00;;0.00;;0.00;;0.00;;0.00;;0.00;;0.00;0.00;0.00;0.00;0.00;0.00;0.00;0.00;0.00;0.00;0.00;0.00;;0.00;;0.00;;0.000;0.000;;0.000;0.000;;0.000;;0.000;;0.000;;0.000;;0.000;0.000;H;006;K4;2026006;20260630;20260630;SA;002;;;01000;50;;00000;ARIA;20261001224632;20261001224632;20261001;;35;X;0000069900;YIKR;X;000000000000001010;;001010;Y1;0000161600;1;915;;0000;;000;000;;00000;00;Accum Depr Jun;;000000;;;;;00000000;00000000;00000000;;20260630;;0.000;S;;;;;;;00000000;0000;;0000;;20261001;;;00;;;00000000;;;000;;;;;;000000000000;;;;;000000;00000000;;;;;;;0.00;;000000000000;000000000000;;;;;;;;;;0;0;0064005000;S;YCOA;;00000000;;;;;;;;;;;;;;;00;00000000;;00000000;;00000000;;00000000;;;;;;;;;;;;000000;;;000000;;;000000;;000000;;000000;;;;;;;;;;;;;00;;000000;;;;;000;;;;;;;;;;;;;;;;;;;;;;;;;;;;;00000000;000;0000;;;;;;;;000;;;;;;;;;;00000000;00000000;00000000;0.0000000;;;;;;;;;;;;;;00000000;;;;;;;;00000000;;;;;;;00000000;;;;00000000;;00000000;;0000;0000;;;;;;;;;;;;;
2L;1010;2026;0100000005;000002;2026;0;;YCOA;A000;;RFBU;RFBU;RFBU;010;;BKPFF;;10102026;0100000005;000020;000000;000000;00000000000000000000000000000000;;;;;;;000000;;;;;;000000;;0000;;;;;;;000000;000000;;;;00000000000000000000000000000000;;0016015000;;YB600;;;1000_C;;;;;;;EUR;-5000.00;EUR;-5000.00;EUR;-5000.00;USD;-5300.00;EUR;-5000.00;;0.00;;0.00;;0.00;;0.00;;0.00;;0.00;;0.00;;0.00;0.00;0.00;0.00;0.00;0.00;0.00;0.00;0.00;0.00;0.00;0.00;;0.00;;0.00;;0.000;0.000;;0.000;0.000;;0.000;;0.000;;0.000;;0.000;;0.000;0.000;H;006;K4;2026006;20260630;20260630;SA;002;;;01000;50;;00000;ARIA;20261001224632;20261001224632;20261001;;35;X;0000069900;YIKR;X;;;;;;;;;0000;;000;000;;00000;00;Accum Depr Jun;;000000;;;;;00000000;00000000;00000000;;20260630;;0.000;S;;;;;;;00000000;0000;;0000;;20261001;;;00;;;00000000;;;000;;;;;;000000000000;;;;;000000;00000000;;;;;;;0.00;;000000000000;000000000000;;;;;;;;;;0;0;0064005000;S;YCOA;;00000000;;;;;;;;;;;;;;;00;00000000;;00000000;;00000000;;00000000;;;;;;;;;;;;000000;;;000000;;;000000;;000000;;000000;;;;;;;;;;;;;00;;000000;;;;;000;;;;;;;;;;;;;;;;;;;;;;;;;;;;;00000000;000;0000;;;;;;;;000;;;;;;;;;;00000000;00000000;00000000;0.0000000;;;;;;;;;;;;;;00000000;;;;;;;;00000000;;;;;;;00000000;;;;00000000;;00000000;;0000;0000;;;;;;;;;;;;;
0L;1010;2026;0100000008;000002;2026;0;;YCOA;A000;;RFBU;RFBU;RFBU;010;;BKPFF;;10102026;0100000008;000020;000000;000000;00000000000000000000000000000000;;;;;;;000000;;;;;;000000;;0000;;;;;;;000000;000000;;;;00000000000000000000000000000000;;0029110000;;YB600;;;1000_C;;;;;;;EUR;-48000.00;EUR;-48000.00;EUR;-48000.00;USD;-50880.00;EUR;-48000.00;;0.00;;0.00;;0.00;;0.00;;0.00;;0.00;;0.00;;0.00;0.00;0.00;0.00;0.00;0.00;0.00;0.00;0.00;0.00;0.00;0.00;;0.00;;0.00;;0.000;0.000;;0.000;0.000;;0.000;;0.000;;0.000;;0.000;;0.000;0.000;H;007;K4;2026007;20260731;20260731;SA;002;20260731;;01000;50;;00000;ARIA;20261001224634;20261001224634;20261001;;35;X;0000446020;YIKR;X;000000000000001010;;001010;Y1;0000281600;1;915;;0000;;000;000;;00000;00;AP Accrual Jul;;000000;;;;;00000000;00000000;00000000;;20260731;;0.000;S;;;;;;;00000000;0000;;0000;;20261001;;;00;;;00000000;;;000;;;;;;000000000000;;;;;000000;00000000;;;;;;;0.00;;000000000000;000000000000;;;;;;;;;;0;0;0050302000;S;YCOA;;00000000;;;;;;;;;;;;;;;00;00000000;;00000000;;00000000;;00000000;;;;;;;;;;;;000000;;;000000;;;000000;;000000;;000000;;;;;;;;;;;;;00;;000000;;;;;000;;;;;;;;;;;;;;;;;;;;;;;;;;;;;00000000;000;0000;;;;;;;;000;;;;;;;;;;00000000;00000000;00000000;0.0000000;;;;;;;;;;;;;;00000000;;;;;;;;00000000;;;;;;;00000000;;;;00000000;;00000000;;0000;0000;;;;;;;;;;;;;
2L;1010;2026;0100000008;000002;2026;0;;YCOA;A000;;RFBU;RFBU;RFBU;010;;BKPFF;;10102026;0100000008;000020;000000;000000;00000000000000000000000000000000;;;;;;;000000;;;;;;000000;;0000;;;;;;;000000;000000;;;;00000000000000000000000000000000;;0029110000;;YB600;;;1000_C;;;;;;;EUR;-48000.00;EUR;-48000.00;EUR;-48000.00;USD;-50880.00;EUR;-48000.00;;0.00;;0.00;;0.00;;0.00;;0.00;;0.00;;0.00;;0.00;0.00;0.00;0.00;0.00;0.00;0.00;0.00;0.00;0.00;0.00;0.00;;0.00;;0.00;;0.000;0.000;;0.000;0.000;;0.000;;0.000;;0.000;;0.000;;0.000;0.000;H;007;K4;2026007;20260731;20260731;SA;002;20260731;;01000;50;;00000;ARIA;20261001224634;20261001224634;20261001;;35;X;0000446020;YIKR;X;;;;;;;;;0000;;000;000;;00000;00;AP Accrual Jul;;000000;;;;;00000000;00000000;00000000;;20260731;;0.000;S;;;;;;;00000000;0000;;0000;;20261001;;;00;;;00000000;;;000;;;;;;000000000000;;;;;000000;00000000;;;;;;;0.00;;000000000000;000000000000;;;;;;;;;;0;0;0050302000;S;YCOA;;00000000;;;;;;;;;;;;;;;00;00000000;;00000000;;00000000;;00000000;;;;;;;;;;;;000000;;;000000;;;000000;;000000;;000000;;;;;;;;;;;;;00;;000000;;;;;000;;;;;;;;;;;;;;;;;;;;;;;;;;;;;00000000;000;0000;;;;;;;;000;;;;;;;;;;00000000;00000000;00000000;0.0000000;;;;;;;;;;;;;;00000000;;;;;;;;00000000;;;;;;;00000000;;;;00000000;;00000000;;0000;0000;;;;;;;;;;;;;
0L;1010;2026;0100000009;000002;2026;0;;YCOA;A000;;RFBU;RFBU;RFBU;010;;BKPFF;;10102026;0100000009;000020;000000;000000;00000000000000000000000000000000;;;;;;;000000;;;;;;000000;;0000;;;;;;;000000;000000;;;;00000000000000000000000000000000;;0029110000;;YB600;;;1000_C;;;;;;;EUR;-15000.00;EUR;-15000.00;EUR;-15000.00;USD;-15900.00;EUR;-15000.00;;0.00;;0.00;;0.00;;0.00;;0.00;;0.00;;0.00;;0.00;0.00;0.00;0.00;0.00;0.00;0.00;0.00;0.00;0.00;0.00;0.00;;0.00;;0.00;;0.000;0.000;;0.000;0.000;;0.000;;0.000;;0.000;;0.000;;0.000;0.000;H;007;K4;2026007;20260731;20260731;SA;002;20260731;;01000;50;;00000;ARIA;20261001224634;20261001224634;20261001;;35;X;0000446020;YIKR;X;000000000000001010;;001010;Y1;0000281600;1;915;;0000;;000;000;;00000;00;Accrued Expenses Jul;;000000;;;;;00000000;00000000;00000000;;20260731;;0.000;S;;;;;;;00000000;0000;;0000;;20261001;;;00;;;00000000;;;000;;;;;;000000000000;;;;;000000;00000000;;;;;;;0.00;;000000000000;000000000000;;;;;;;;;;0;0;0065300000;S;YCOA;;00000000;;;;;;;;;;;;;;;00;00000000;;00000000;;00000000;;00000000;;;;;;;;;;;;000000;;;000000;;;000000;;000000;;000000;;;;;;;;;;;;;00;;000000;;;;;000;;;;;;;;;;;;;;;;;;;;;;;;;;;;;00000000;000;0000;;;;;;;;000;;;;;;;;;;00000000;00000000;00000000;0.0000000;;;;;;;;;;;;;;00000000;;;;;;;;00000000;;;;;;;00000000;;;;00000000;;00000000;;0000;0000;;;;;;;;;;;;;
2L;1010;2026;0100000009;000002;2026;0;;YCOA;A000;;RFBU;RFBU;RFBU;010;;BKPFF;;10102026;0100000009;000020;000000;000000;00000000000000000000000000000000;;;;;;;000000;;;;;;000000;;0000;;;;;;;000000;000000;;;;00000000000000000000000000000000;;0029110000;;YB600;;;1000_C;;;;;;;EUR;-15000.00;EUR;-15000.00;EUR;-15000.00;USD;-15900.00;EUR;-15000.00;;0.00;;0.00;;0.00;;0.00;;0.00;;0.00;;0.00;;0.00;0.00;0.00;0.00;0.00;0.00;0.00;0.00;0.00;0.00;0.00;0.00;;0.00;;0.00;;0.000;0.000;;0.000;0.000;;0.000;;0.000;;0.000;;0.000;;0.000;0.000;H;007;K4;2026007;20260731;20260731;SA;002;20260731;;01000;50;;00000;ARIA;20261001224634;20261001224634;20261001;;35;X;0000446020;YIKR;X;;;;;;;;;0000;;000;000;;00000;00;Accrued Expenses Jul;;000000;;;;;00000000;00000000;00000000;;20260731;;0.000;S;;;;;;;00000000;0000;;0000;;20261001;;;00;;;00000000;;;000;;;;;;000000000000;;;;;000000;00000000;;;;;;;0.00;;000000000000;000000000000;;;;;;;;;;0;0;0065300000;S;YCOA;;00000000;;;;;;;;;;;;;;;00;00000000;;00000000;;00000000;;00000000;;;;;;;;;;;;000000;;;000000;;;000000;;000000;;000000;;;;;;;;;;;;;00;;000000;;;;;000;;;;;;;;;;;;;;;;;;;;;;;;;;;;;00000000;000;0000;;;;;;;;000;;;;;;;;;;00000000;00000000;00000000;0.0000000;;;;;;;;;;;;;;00000000;;;;;;;;00000000;;;;;;;00000000;;;;00000000;;00000000;;0000;0000;;;;;;;;;;;;;
0L;1010;2026;0100000010;000002;2026;0;;YCOA;A000;;RFBU;RFBU;RFBU;010;;BKPFF;;10102026;0100000010;000020;000000;000000;00000000000000000000000000000000;;;;;;;000000;;;;;;000000;;0000;;;;;;;000000;000000;;;;00000000000000000000000000000000;;0016015000;;YB600;;;1000_C;;;;;;;EUR;-5000.00;EUR;-5000.00;EUR;-5000.00;USD;-5300.00;EUR;-5000.00;;0.00;;0.00;;0.00;;0.00;;0.00;;0.00;;0.00;;0.00;0.00;0.00;0.00;0.00;0.00;0.00;0.00;0.00;0.00;0.00;0.00;;0.00;;0.00;;0.000;0.000;;0.000;0.000;;0.000;;0.000;;0.000;;0.000;;0.000;0.000;H;007;K4;2026007;20260731;20260731;SA;002;;;01000;50;;00000;ARIA;20261001224635;20261001224635;20261001;;35;X;0000069900;YIKR;X;000000000000001010;;001010;Y1;0000161600;1;915;;0000;;000;000;;00000;00;Accum Depr Jul;;000000;;;;;00000000;00000000;00000000;;20260731;;0.000;S;;;;;;;00000000;0000;;0000;;20261001;;;00;;;00000000;;;000;;;;;;000000000000;;;;;000000;00000000;;;;;;;0.00;;000000000000;000000000000;;;;;;;;;;0;0;0064005000;S;YCOA;;00000000;;;;;;;;;;;;;;;00;00000000;;00000000;;00000000;;00000000;;;;;;;;;;;;000000;;;000000;;;000000;;000000;;000000;;;;;;;;;;;;;00;;000000;;;;;000;;;;;;;;;;;;;;;;;;;;;;;;;;;;;00000000;000;0000;;;;;;;;000;;;;;;;;;;00000000;00000000;00000000;0.0000000;;;;;;;;;;;;;;00000000;;;;;;;;00000000;;;;;;;00000000;;;;00000000;;00000000;;0000;0000;;;;;;;;;;;;;
2L;1010;2026;0100000010;000002;2026;0;;YCOA;A000;;RFBU;RFBU;RFBU;010;;BKPFF;;10102026;0100000010;000020;000000;000000;00000000000000000000000000000000;;;;;;;000000;;;;;;000000;;0000;;;;;;;000000;000000;;;;00000000000000000000000000000000;;0016015000;;YB600;;;1000_C;;;;;;;EUR;-5000.00;EUR;-5000.00;EUR;-5000.00;USD;-5300.00;EUR;-5000.00;;0.00;;0.00;;0.00;;0.00;;0.00;;0.00;;0.00;;0.00;0.00;0.00;0.00;0.00;0.00;0.00;0.00;0.00;0.00;0.00;0.00;;0.00;;0.00;;0.000;0.000;;0.000;0.000;;0.000;;0.000;;0.000;;0.000;;0.000;0.000;H;007;K4;2026007;20260731;20260731;SA;002;;;01000;50;;00000;ARIA;20261001224635;20261001224635;20261001;;35;X;0000069900;YIKR;X;;;;;;;;;0000;;000;000;;00000;00;Accum Depr Jul;;000000;;;;;00000000;00000000;00000000;;20260731;;0.000;S;;;;;;;00000000;0000;;0000;;20261001;;;00;;;00000000;;;000;;;;;;000000000000;;;;;000000;00000000;;;;;;;0.00;;000000000000;000000000000;;;;;;;;;;0;0;0064005000;S;YCOA;;00000000;;;;;;;;;;;;;;;00;00000000;;00000000;;00000000;;00000000;;;;;;;;;;;;000000;;;000000;;;000000;;000000;;000000;;;;;;;;;;;;;00;;000000;;;;;000;;;;;;;;;;;;;;;;;;;;;;;;;;;;;00000000;000;0000;;;;;;;;000;;;;;;;;;;00000000;00000000;00000000;0.0000000;;;;;;;;;;;;;;00000000;;;;;;;;00000000;;;;;;;00000000;;;;00000000;;00000000;;0000;0000;;;;;;;;;;;;;
0L;1010;2026;0100000011;000002;2026;0;;YCOA;A000;;RFBU;RFBU;RFBU;010;;BKPFF;;10102026;0100000011;000020;000000;000000;00000000000000000000000000000000;;;;;;;000000;;;;;;000000;;0000;;;;;;;000000;000000;;;;00000000000000000000000000000000;;0012544000;;YB900;;;1000_C;;;;;;;EUR;-100000.00;EUR;-100000.00;EUR;-100000.00;USD;-106000.00;EUR;-100000.00;;0.00;;0.00;;0.00;;0.00;;0.00;;0.00;;0.00;;0.00;0.00;0.00;0.00;0.00;0.00;0.00;0.00;0.00;0.00;0.00;0.00;;0.00;;0.00;;0.000;0.000;;0.000;0.000;;0.000;;0.000;;0.000;;0.000;;0.000;0.000;H;007;K4;2026007;20260729;20260729;SA;002;20260729;;01000;50;;00000;ARIA;20261001224635;20261001224635;20261001;;35;X;0000266600;YIKR;X;000000000000001010;;001010;Y1;&NOMAPBS;1;915;;0000;;000;000;;00000;00;AR Cleared Jul;;000000;;;;;00000000;00000000;00000000;;20260729;;0.000;S;;;;;;X;00000000;0000;;0000;;20261001;;;00;;;00000000;;;000;;;;;;000000000000;;;;;000000;00000000;;;;;;;0.00;;000000000000;000000000000;;;;;;;;;;0;0;0011001099;S;YCOA;;00000000;;;;;;;;;;;;;;;00;00000000;;00000000;;00000000;;00000000;;;;;;;;;;;;000000;;;000000;;;000000;;000000;;000000;;;;;;;;;;;;;00;;000000;;;;;000;;;;;;;;;;;;;;;;;;;;;;;;;;;;;00000000;000;0000;;;;;;;;000;;;;;;;;;;00000000;00000000;00000000;0.0000000;;;;;;;;;;;;;;00000000;;;;;;;;00000000;;;;;;;00000000;;;;00000000;;00000000;;0000;0000;;;;;;;;;;;;;
2L;1010;2026;0100000011;000002;2026;0;;YCOA;A000;;RFBU;RFBU;RFBU;010;;BKPFF;;10102026;0100000011;000020;000000;000000;00000000000000000000000000000000;;;;;;;000000;;;;;;000000;;0000;;;;;;;000000;000000;;;;00000000000000000000000000000000;;0012544000;;YB900;;;1000_C;;;;;;;EUR;-100000.00;EUR;-100000.00;EUR;-100000.00;USD;-106000.00;EUR;-100000.00;;0.00;;0.00;;0.00;;0.00;;0.00;;0.00;;0.00;;0.00;0.00;0.00;0.00;0.00;0.00;0.00;0.00;0.00;0.00;0.00;0.00;;0.00;;0.00;;0.000;0.000;;0.000;0.000;;0.000;;0.000;;0.000;;0.000;;0.000;0.000;H;007;K4;2026007;20260729;20260729;SA;002;20260729;;01000;50;;00000;ARIA;20261001224635;20261001224635;20261001;;35;X;0000266600;YIKR;X;;;;;;;;;0000;;000;000;;00000;00;AR Cleared Jul;;000000;;;;;00000000;00000000;00000000;;20260729;;0.000;S;;;;;;X;00000000;0000;;0000;;20261001;;;00;;;00000000;;;000;;;;;;000000000000;;;;;000000;00000000;;;;;;;0.00;;000000000000;000000000000;;;;;;;;;;0;0;0011001099;S;YCOA;;00000000;;;;;;;;;;;;;;;00;00000000;;00000000;;00000000;;00000000;;;;;;;;;;;;000000;;;000000;;;000000;;000000;;000000;;;;;;;;;;;;;00;;000000;;;;;000;;;;;;;;;;;;;;;;;;;;;;;;;;;;;00000000;000;0000;;;;;;;;000;;;;;;;;;;00000000;00000000;00000000;0.0000000;;;;;;;;;;;;;;00000000;;;;;;;;00000000;;;;;;;00000000;;;;00000000;;00000000;;0000;0000;;;;;;;;;;;;;
0L;1010;2026;0100000012;000002;2026;0;;YCOA;A000;;RFBU;RFBU;RFBU;010;;BKPFF;;10102026;0100000012;000020;000000;000000;00000000000000000000000000000000;;;;;;;000000;;;;;;000000;;0000;;;;;;;000000;000000;;;;00000000000000000000000000000000;;0070060000;;YB900;YB70;;1000_C;;;;;;;EUR;-90000.00;EUR;-90000.00;EUR;-90000.00;USD;-95400.00;EUR;-90000.00;;0.00;;0.00;;0.00;;0.00;;0.00;;0.00;;0.00;;0.00;0.00;0.00;0.00;0.00;0.00;0.00;0.00;0.00;0.00;0.00;0.00;;0.00;;0.00;;0.000;0.000;;0.000;0.000;;0.000;;0.000;;0.000;;0.000;;0.000;0.000;H;008;K4;2026008;20260831;20260831;SA;002;20260831;;30000;50;;00000;ARIA;20261001224636;20261001224636;20261001;;01;N;0000572600;YIKR;;000000000000001010;;001010;Y1;&NOMAPPL;2;YB70;;0000;;000;000;;00000;00;Revenue Aug;;000000;;;;;00000000;00000000;00000000;;20260831;;0.000;S;;;;;;;00000000;0000;;0000;;20261001;;;00;;;00000000;;;000;;;;;;000000000000;;;;;000000;00000000;;;;;;;0.00;;000000000000;000000000000;;;;;;;;;;0;0;0012544000;S;YCOA;;00000000;;;;;;;;;;;;;;;00;00000000;;00000000;;00000000;;00000000;;;;;;;;;;;;000000;;;000000;;;000000;;000000;;000000;;;;;;;;;;;;;00;;000000;;;;;000;;;;;;;;;;;;;;;;;;;;;;;;;;;;;00000000;000;0000;;;;;;;;000;;;;;;;;;;00000000;00000000;00000000;0.0000000;;;;;;;;;;;;;;00000000;;;;;;;;00000000;;;;;;;00000000;;;;00000000;;00000000;;0000;0000;;;;;;;;;;;;;
2L;1010;2026;0100000012;000002;2026;0;;YCOA;A000;;RFBU;RFBU;RFBU;010;;BKPFF;;10102026;0100000012;000020;000000;000000;00000000000000000000000000000000;;;;;;;000000;;;;;;000000;;0000;;;;;;;000000;000000;;;;00000000000000000000000000000000;;0070060000;;YB900;YB70;;1000_C;;;;;;;EUR;-90000.00;EUR;-90000.00;EUR;-90000.00;USD;-95400.00;EUR;-90000.00;;0.00;;0.00;;0.00;;0.00;;0.00;;0.00;;0.00;;0.00;0.00;0.00;0.00;0.00;0.00;0.00;0.00;0.00;0.00;0.00;0.00;;0.00;;0.00;;0.000;0.000;;0.000;0.000;;0.000;;0.000;;0.000;;0.000;;0.000;0.000;H;008;K4;2026008;20260831;20260831;SA;002;20260831;;30000;50;;00000;ARIA;20261001224636;20261001224636;20261001;;01;N;0000572600;YIKR;;;;;;;;;;0000;;000;000;;00000;00;Revenue Aug;;000000;;;;;00000000;00000000;00000000;;20260831;;0.000;S;;;;;;;00000000;0000;;0000;;20261001;;;00;;;00000000;;;000;;;;;;000000000000;;;;;000000;00000000;;;;;;;0.00;;000000000000;000000000000;;;;;;;;;;0;0;0012544000;S;YCOA;;00000000;;;;;;;;;;;;;;;00;00000000;;00000000;;00000000;;00000000;;;;;;;;;;;;000000;;;000000;;;000000;;000000;;000000;;;;;;;;;;;;;00;;000000;;;;;000;;;;;;;;;;;;;;;;;;;;;;;;;;;;;00000000;000;0000;;;;;;;;000;;;;;;;;;;00000000;00000000;00000000;0.0000000;;;;;;;;;;;;;;00000000;;;;;;;;00000000;;;;;;;00000000;;;;00000000;;00000000;;0000;0000;;;;;;;;;;;;;
0L;1010;2026;0100000013;000002;2026;0;;YCOA;A000;;RFBU;RFBU;RFBU;010;;BKPFF;;10102026;0100000013;000020;000000;000000;00000000000000000000000000000000;;;;;;;000000;;;;;;000000;;0000;;;;;;;000000;000000;;;;00000000000000000000000000000000;;0029110000;;YB600;;;1000_C;;;;;;;EUR;-36000.00;EUR;-36000.00;EUR;-36000.00;USD;-38160.00;EUR;-36000.00;;0.00;;0.00;;0.00;;0.00;;0.00;;0.00;;0.00;;0.00;0.00;0.00;0.00;0.00;0.00;0.00;0.00;0.00;0.00;0.00;0.00;;0.00;;0.00;;0.000;0.000;;0.000;0.000;;0.000;;0.000;;0.000;;0.000;;0.000;0.000;H;008;K4;2026008;20260831;20260831;SA;002;20260831;;01000;50;;00000;ARIA;20261001224636;20261001224636;20261001;;35;X;0000446020;YIKR;X;000000000000001010;;001010;Y1;0000281600;1;915;;0000;;000;000;;00000;00;AP Accrual Aug;;000000;;;;;00000000;00000000;00000000;;20260831;;0.000;S;;;;;;;00000000;0000;;0000;;20261001;;;00;;;00000000;;;000;;;;;;000000000000;;;;;000000;00000000;;;;;;;0.00;;000000000000;000000000000;;;;;;;;;;0;0;0050302000;S;YCOA;;00000000;;;;;;;;;;;;;;;00;00000000;;00000000;;00000000;;00000000;;;;;;;;;;;;000000;;;000000;;;000000;;000000;;000000;;;;;;;;;;;;;00;;000000;;;;;000;;;;;;;;;;;;;;;;;;;;;;;;;;;;;00000000;000;0000;;;;;;;;000;;;;;;;;;;00000000;00000000;00000000;0.0000000;;;;;;;;;;;;;;00000000;;;;;;;;00000000;;;;;;;00000000;;;;00000000;;00000000;;0000;0000;;;;;;;;;;;;;
2L;1010;2026;0100000013;000002;2026;0;;YCOA;A000;;RFBU;RFBU;RFBU;010;;BKPFF;;10102026;0100000013;000020;000000;000000;00000000000000000000000000000000;;;;;;;000000;;;;;;000000;;0000;;;;;;;000000;000000;;;;00000000000000000000000000000000;;0029110000;;YB600;;;1000_C;;;;;;;EUR;-36000.00;EUR;-36000.00;EUR;-36000.00;USD;-38160.00;EUR;-36000.00;;0.00;;0.00;;0.00;;0.00;;0.00;;0.00;;0.00;;0.00;0.00;0.00;0.00;0.00;0.00;0.00;0.00;0.00;0.00;0.00;0.00;;0.00;;0.00;;0.000;0.000;;0.000;0.000;;0.000;;0.000;;0.000;;0.000;;0.000;0.000;H;008;K4;2026008;20260831;20260831;SA;002;20260831;;01000;50;;00000;ARIA;20261001224636;20261001224636;20261001;;35;X;0000446020;YIKR;X;;;;;;;;;0000;;000;000;;00000;00;AP Accrual Aug;;000000;;;;;00000000;00000000;00000000;;20260831;;0.000;S;;;;;;;00000000;0000;;0000;;20261001;;;00;;;00000000;;;000;;;;;;000000000000;;;;;000000;00000000;;;;;;;0.00;;000000000000;000000000000;;;;;;;;;;0;0;0050302000;S;YCOA;;00000000;;;;;;;;;;;;;;;00;00000000;;00000000;;00000000;;00000000;;;;;;;;;;;;000000;;;000000;;;000000;;000000;;000000;;;;;;;;;;;;;00;;000000;;;;;000;;;;;;;;;;;;;;;;;;;;;;;;;;;;;00000000;000;0000;;;;;;;;000;;;;;;;;;;00000000;00000000;00000000;0.0000000;;;;;;;;;;;;;;00000000;;;;;;;;00000000;;;;;;;00000000;;;;00000000;;00000000;;0000;0000;;;;;;;;;;;;;
0L;1010;2026;0100000014;000002;2026;0;;YCOA;A000;;RFBU;RFBU;RFBU;010;;BKPFF;;10102026;0100000014;000020;000000;000000;00000000000000000000000000000000;;;;;;;000000;;;;;;000000;;0000;;;;;;;000000;000000;;;;00000000000000000000000000000000;;0029110000;;YB600;;;1000_C;;;;;;;EUR;-15000.00;EUR;-15000.00;EUR;-15000.00;USD;-15900.00;EUR;-15000.00;;0.00;;0.00;;0.00;;0.00;;0.00;;0.00;;0.00;;0.00;0.00;0.00;0.00;0.00;0.00;0.00;0.00;0.00;0.00;0.00;0.00;;0.00;;0.00;;0.000;0.000;;0.000;0.000;;0.000;;0.000;;0.000;;0.000;;0.000;0.000;H;008;K4;2026008;20260831;20260831;SA;002;20260831;;01000;50;;00000;ARIA;20261001224637;20261001224637;20261001;;35;X;0000446020;YIKR;X;000000000000001010;;001010;Y1;0000281600;1;915;;0000;;000;000;;00000;00;Accrued Expenses Aug;;000000;;;;;00000000;00000000;00000000;;20260831;;0.000;S;;;;;;;00000000;0000;;0000;;20261001;;;00;;;00000000;;;000;;;;;;000000000000;;;;;000000;00000000;;;;;;;0.00;;000000000000;000000000000;;;;;;;;;;0;0;0065300000;S;YCOA;;00000000;;;;;;;;;;;;;;;00;00000000;;00000000;;00000000;;00000000;;;;;;;;;;;;000000;;;000000;;;000000;;000000;;000000;;;;;;;;;;;;;00;;000000;;;;;000;;;;;;;;;;;;;;;;;;;;;;;;;;;;;00000000;000;0000;;;;;;;;000;;;;;;;;;;00000000;00000000;00000000;0.0000000;;;;;;;;;;;;;;00000000;;;;;;;;00000000;;;;;;;00000000;;;;00000000;;00000000;;0000;0000;;;;;;;;;;;;;
2L;1010;2026;0100000014;000002;2026;0;;YCOA;A000;;RFBU;RFBU;RFBU;010;;BKPFF;;10102026;0100000014;000020;000000;000000;00000000000000000000000000000000;;;;;;;000000;;;;;;000000;;0000;;;;;;;000000;000000;;;;00000000000000000000000000000000;;0029110000;;YB600;;;1000_C;;;;;;;EUR;-15000.00;EUR;-15000.00;EUR;-15000.00;USD;-15900.00;EUR;-15000.00;;0.00;;0.00;;0.00;;0.00;;0.00;;0.00;;0.00;;0.00;0.00;0.00;0.00;0.00;0.00;0.00;0.00;0.00;0.00;0.00;0.00;;0.00;;0.00;;0.000;0.000;;0.000;0.000;;0.000;;0.000;;0.000;;0.000;;0.000;0.000;H;008;K4;2026008;20260831;20260831;SA;002;20260831;;01000;50;;00000;ARIA;20261001224637;20261001224637;20261001;;35;X;0000446020;YIKR;X;;;;;;;;;0000;;000;000;;00000;00;Accrued Expenses Aug;;000000;;;;;00000000;00000000;00000000;;20260831;;0.000;S;;;;;;;00000000;0000;;0000;;20261001;;;00;;;00000000;;;000;;;;;;000000000000;;;;;000000;00000000;;;;;;;0.00;;000000000000;000000000000;;;;;;;;;;0;0;0065300000;S;YCOA;;00000000;;;;;;;;;;;;;;;00;00000000;;00000000;;00000000;;00000000;;;;;;;;;;;;000000;;;000000;;;000000;;000000;;000000;;;;;;;;;;;;;00;;000000;;;;;000;;;;;;;;;;;;;;;;;;;;;;;;;;;;;00000000;000;0000;;;;;;;;000;;;;;;;;;;00000000;00000000;00000000;0.0000000;;;;;;;;;;;;;;00000000;;;;;;;;00000000;;;;;;;00000000;;;;00000000;;00000000;;0000;0000;;;;;;;;;;;;;
0L;1010;2026;0100000015;000002;2026;0;;YCOA;A000;;RFBU;RFBU;RFBU;010;;BKPFF;;10102026;0100000015;000020;000000;000000;00000000000000000000000000000000;;;;;;;000000;;;;;;000000;;0000;;;;;;;000000;000000;;;;00000000000000000000000000000000;;0016015000;;YB600;;;1000_C;;;;;;;EUR;-5000.00;EUR;-5000.00;EUR;-5000.00;USD;-5300.00;EUR;-5000.00;;0.00;;0.00;;0.00;;0.00;;0.00;;0.00;;0.00;;0.00;0.00;0.00;0.00;0.00;0.00;0.00;0.00;0.00;0.00;0.00;0.00;;0.00;;0.00;;0.000;0.000;;0.000;0.000;;0.000;;0.000;;0.000;;0.000;;0.000;0.000;H;008;K4;2026008;20260831;20260831;SA;002;;;01000;50;;00000;ARIA;20261001224637;20261001224637;20261001;;35;X;0000069900;YIKR;X;000000000000001010;;001010;Y1;0000161600;1;915;;0000;;000;000;;00000;00;Accum Depr Aug;;000000;;;;;00000000;00000000;00000000;;20260831;;0.000;S;;;;;;;00000000;0000;;0000;;20261001;;;00;;;00000000;;;000;;;;;;000000000000;;;;;000000;00000000;;;;;;;0.00;;000000000000;000000000000;;;;;;;;;;0;0;0064005000;S;YCOA;;00000000;;;;;;;;;;;;;;;00;00000000;;00000000;;00000000;;00000000;;;;;;;;;;;;000000;;;000000;;;000000;;000000;;000000;;;;;;;;;;;;;00;;000000;;;;;000;;;;;;;;;;;;;;;;;;;;;;;;;;;;;00000000;000;0000;;;;;;;;000;;;;;;;;;;00000000;00000000;00000000;0.0000000;;;;;;;;;;;;;;00000000;;;;;;;;00000000;;;;;;;00000000;;;;00000000;;00000000;;0000;0000;;;;;;;;;;;;;
2L;1010;2026;0100000015;000002;2026;0;;YCOA;A000;;RFBU;RFBU;RFBU;010;;BKPFF;;10102026;0100000015;000020;000000;000000;00000000000000000000000000000000;;;;;;;000000;;;;;;000000;;0000;;;;;;;000000;000000;;;;00000000000000000000000000000000;;0016015000;;YB600;;;1000_C;;;;;;;EUR;-5000.00;EUR;-5000.00;EUR;-5000.00;USD;-5300.00;EUR;-5000.00;;0.00;;0.00;;0.00;;0.00;;0.00;;0.00;;0.00;;0.00;0.00;0.00;0.00;0.00;0.00;0.00;0.00;0.00;0.00;0.00;0.00;;0.00;;0.00;;0.000;0.000;;0.000;0.000;;0.000;;0.000;;0.000;;0.000;;0.000;0.000;H;008;K4;2026008;20260831;20260831;SA;002;;;01000;50;;00000;ARIA;20261001224637;20261001224637;20261001;;35;X;0000069900;YIKR;X;;;;;;;;;0000;;000;000;;00000;00;Accum Depr Aug;;000000;;;;;00000000;00000000;00000000;;20260831;;0.000;S;;;;;;;00000000;0000;;0000;;20261001;;;00;;;00000000;;;000;;;;;;000000000000;;;;;000000;00000000;;;;;;;0.00;;000000000000;000000000000;;;;;;;;;;0;0;0064005000;S;YCOA;;00000000;;;;;;;;;;;;;;;00;00000000;;00000000;;00000000;;00000000;;;;;;;;;;;;000000;;;000000;;;000000;;000000;;000000;;;;;;;;;;;;;00;;000000;;;;;000;;;;;;;;;;;;;;;;;;;;;;;;;;;;;00000000;000;0000;;;;;;;;000;;;;;;;;;;00000000;00000000;00000000;0.0000000;;;;;;;;;;;;;;00000000;;;;;;;;00000000;;;;;;;00000000;;;;00000000;;00000000;;0000;0000;;;;;;;;;;;;;
0L;1010;2026;0100000008;000001;2026;0;;YCOA;A000;;RFBU;RFBU;RFBU;010;COIN;BKPFF;;10102026;0100000008;000010;000000;000010;00000000000000000000000000000000;;;;;;;000000;;;;;;000000;;0000;;;;;;;000000;000000;;;;00000000000000000000000000000000;;0050302000;CORP-OPS;YB600;YB18;;1000_C;;;;;;;EUR;48000.00;EUR;48000.00;EUR;48000.00;USD;50880.00;EUR;48000.00;;0.00;;0.00;;0.00;;0.00;;0.00;;0.00;;0.00;;0.00;0.00;0.00;0.00;0.00;0.00;0.00;0.00;0.00;0.00;0.00;0.00;;0.00;;0.00;;0.000;0.000;;0.000;0.000;;0.000;;0.000;;0.000;;0.000;;0.000;0.000;S;007;K4;2026007;20260731;20260731;SA;001;20260731;;06000;40;;00000;ARIA;20261001224634;20261001224634;20261001;;02;P;0000600045;YIKR;;000000000000001010;;001010;Y1;0000585000;2;YB18;;0000;;000;000;;00000;00;COGS Jul;;000000;;;;;00000000;00000000;00000000;;20260731;;0.000;S;;;;;;;00000000;0000;;0000;;20261001;;;00;;;00000000;;;000;;;;;;000000000000;;;;;000000;00000000;;;;;;;0.00;;000000000000;000000000000;;;;;KSA000CORP-OPS;;;S;S;1;0;0029110000;S;YCOA;;00000000;0000104804;OC;;;;;;;;;CORP-OPS;KS;;;00;00000000;;00000000;;00000000;;00000000;;A000;;;;;;;;;;000000;;;000000;;;000000;;000000;;000000;;;;;;;;;;;;;00;;000000;;;;;001;;;;;;;;;;;;;;;;;;;;;;;;;;;;;00000000;000;0000;;;;;;;;000;;;;;;;;;;00000000;00000000;00000000;0.0000000;;;;;;;;;;;;;;00000000;;;;;;;;00000000;;;;;;;00000000;;;;00000000;;00000000;;0000;0000;;;;;;;;;;;;;
2L;1010;2026;0100000008;000001;2026;0;;YCOA;A000;;RFBU;RFBU;RFBU;010;COIN;BKPFF;;10102026;0100000008;000010;000000;000010;00000000000000000000000000000000;;;;;;;000000;;;;;;000000;;0000;;;;;;;000000;000000;;;;00000000000000000000000000000000;;0050302000;CORP-OPS;YB600;YB18;;1000_C;;;;;;;EUR;48000.00;EUR;48000.00;EUR;48000.00;USD;50880.00;EUR;48000.00;;0.00;;0.00;;0.00;;0.00;;0.00;;0.00;;0.00;;0.00;0.00;0.00;0.00;0.00;0.00;0.00;0.00;0.00;0.00;0.00;0.00;;0.00;;0.00;;0.000;0.000;;0.000;0.000;;0.000;;0.000;;0.000;;0.000;;0.000;0.000;S;007;K4;2026007;20260731;20260731;SA;001;20260731;;06000;40;;00000;ARIA;20261001224634;20261001224634;20261001;;02;P;0000600045;YIKR;;;;;;;;;;0000;;000;000;;00000;00;COGS Jul;;000000;;;;;00000000;00000000;00000000;;20260731;;0.000;S;;;;;;;00000000;0000;;0000;;20261001;;;00;;;00000000;;;000;;;;;;000000000000;;;;;000000;00000000;;;;;;;0.00;;000000000000;000000000000;;;;;KSA000CORP-OPS;;;S;S;1;0;0029110000;S;YCOA;;00000000;0000104804;OC;;;;;;;;;CORP-OPS;KS;;;00;00000000;;00000000;;00000000;;00000000;;A000;;;;;;;;;;000000;;;000000;;;000000;;000000;;000000;;;;;;;;;;;;;00;;000000;;;;;000;;;;;;;;;;;;;;;;;;;;;;;;;;;;;00000000;000;0000;;;;;;;;000;;;;;;;;;;00000000;00000000;00000000;0.0000000;;;;;;;;;;;;;;00000000;;;;;;;;00000000;;;;;;;00000000;;;;00000000;;00000000;;0000;0000;;;;;;;;;;;;;
0L;1010;2026;0100000009;000001;2026;0;;YCOA;A000;;RFBU;RFBU;RFBU;010;COIN;BKPFF;;10102026;0100000009;000010;000000;000010;00000000000000000000000000000000;;;;;;;000000;;;;;;000000;;0000;;;;;;;000000;000000;;;;00000000000000000000000000000000;;0065300000;CORP-FIN;YB600;YB99;;1000_C;;;;;;;EUR;15000.00;EUR;15000.00;EUR;15000.00;USD;15900.00;EUR;15000.00;;0.00;;0.00;;0.00;;0.00;;0.00;;0.00;;0.00;;0.00;0.00;0.00;0.00;0.00;0.00;0.00;0.00;0.00;0.00;0.00;0.00;;0.00;;0.00;;0.000;0.000;;0.000;0.000;;0.000;;0.000;;0.000;;0.000;;0.000;0.000;S;007;K4;2026007;20260731;20260731;SA;001;CORP-FIN;;20000;40;;00000;ARIA;20261001224634;20261001224634;20261001;;02;P;0000677000;YIKR;;000000000000001010;;001010;Y1;0000585000;2;YB99;;0000;;000;000;;00000;00;GA Jul;;000000;;;;;00000000;00000000;00000000;;20260731;;0.000;S;;V0;;;;;00000000;0000;;0000;;20261001;;;00;;;00000000;;;000;;;;;;000000000000;;;;;000000;00000000;;;;;;;0.00;;000000000000;000000000000;;;;;KSA000CORP-FIN;;;S;S;1;0;0029110000;S;YCOA;;00000000;0000104805;OC;;;;;;;;;CORP-FIN;KS;;;00;00000000;;00000000;;00000000;;00000000;;A000;;;;;;;;;;000000;;;000000;;;000000;;000000;;000000;;;;;;;;;;;;;00;;000000;;;;;001;;;;;;;;;;;;;;;;;;;;;;;;;;;;;00000000;000;0000;;;;;;;;000;;;;;;;;;;00000000;00000000;00000000;0.0000000;;;;;;;;;;;;;;00000000;;;;;;;;00000000;;;;;;;00000000;;;;00000000;;00000000;;0000;0000;;;;;;;;;;;;;
2L;1010;2026;0100000009;000001;2026;0;;YCOA;A000;;RFBU;RFBU;RFBU;010;COIN;BKPFF;;10102026;0100000009;000010;000000;000010;00000000000000000000000000000000;;;;;;;000000;;;;;;000000;;0000;;;;;;;000000;000000;;;;00000000000000000000000000000000;;0065300000;CORP-FIN;YB600;YB99;;1000_C;;;;;;;EUR;15000.00;EUR;15000.00;EUR;15000.00;USD;15900.00;EUR;15000.00;;0.00;;0.00;;0.00;;0.00;;0.00;;0.00;;0.00;;0.00;0.00;0.00;0.00;0.00;0.00;0.00;0.00;0.00;0.00;0.00;0.00;;0.00;;0.00;;0.000;0.000;;0.000;0.000;;0.000;;0.000;;0.000;;0.000;;0.000;0.000;S;007;K4;2026007;20260731;20260731;SA;001;CORP-FIN;;20000;40;;00000;ARIA;20261001224634;20261001224634;20261001;;02;P;0000677000;YIKR;;;;;;;;;;0000;;000;000;;00000;00;GA Jul;;000000;;;;;00000000;00000000;00000000;;20260731;;0.000;S;;V0;;;;;00000000;0000;;0000;;20261001;;;00;;;00000000;;;000;;;;;;000000000000;;;;;000000;00000000;;;;;;;0.00;;000000000000;000000000000;;;;;KSA000CORP-FIN;;;S;S;1;0;0029110000;S;YCOA;;00000000;0000104805;OC;;;;;;;;;CORP-FIN;KS;;;00;00000000;;00000000;;00000000;;00000000;;A000;;;;;;;;;;000000;;;000000;;;000000;;000000;;000000;;;;;;;;;;;;;00;;000000;;;;;000;;;;;;;;;;;;;;;;;;;;;;;;;;;;;00000000;000;0000;;;;;;;;000;;;;;;;;;;00000000;00000000;00000000;0.0000000;;;;;;;;;;;;;;00000000;;;;;;;;00000000;;;;;;;00000000;;;;00000000;;00000000;;0000;0000;;;;;;;;;;;;;
0L;1010;2026;0100000010;000001;2026;0;;YCOA;A000;;RFBU;RFBU;RFBU;010;COIN;BKPFF;;10102026;0100000010;000010;000000;000010;00000000000000000000000000000000;;;;;;;000000;;;;;;000000;;0000;;;;;;;000000;000000;;;;00000000000000000000000000000000;;0064005000;CORP-OPS;YB600;YB99;;1000_C;;;;;;;EUR;5000.00;EUR;5000.00;EUR;5000.00;USD;5300.00;EUR;5000.00;;0.00;;0.00;;0.00;;0.00;;0.00;;0.00;;0.00;;0.00;0.00;0.00;0.00;0.00;0.00;0.00;0.00;0.00;0.00;0.00;0.00;;0.00;;0.00;;0.000;0.000;;0.000;0.000;;0.000;;0.000;;0.000;;0.000;;0.000;0.000;S;007;K4;2026007;20260731;20260731;SA;001;20260731;;20000;40;;00000;ARIA;20261001224635;20261001224635;20261001;;02;P;0000654000;YIKR;;000000000000001010;;001010;Y1;0000571000;2;YB99;;0000;;000;000;;00000;00;Depr Jul;;000000;;;;;00000000;00000000;00000000;;20260731;;0.000;S;;;;;;;00000000;0000;;0000;;20261001;;;00;;;00000000;;;000;;;;;;000000000000;;;;;000000;00000000;;;;;;;0.00;;000000000000;000000000000;;;;;KSA000CORP-OPS;;;S;S;1;0;0016015000;S;YCOA;;00000000;0000104806;OC;;;;;;;;;CORP-OPS;KS;;;00;00000000;;00000000;;00000000;;00000000;;A000;;;;;;;;;;000000;;;000000;;;000000;;000000;;000000;;;;;;;;;;;;;00;;000000;;;;;001;;;;;;;;;;;;;;;;;;;;;;;;;;;;;00000000;000;0000;;;;;;;;000;;;;;;;;;;00000000;00000000;00000000;0.0000000;;;;;;;;;;;;;;00000000;;;;;;;;00000000;;;;;;;00000000;;;;00000000;;00000000;;0000;0000;;;;;;;;;;;;;
2L;1010;2026;0100000010;000001;2026;0;;YCOA;A000;;RFBU;RFBU;RFBU;010;COIN;BKPFF;;10102026;0100000010;000010;000000;000010;00000000000000000000000000000000;;;;;;;000000;;;;;;000000;;0000;;;;;;;000000;000000;;;;00000000000000000000000000000000;;0064005000;CORP-OPS;YB600;YB99;;1000_C;;;;;;;EUR;5000.00;EUR;5000.00;EUR;5000.00;USD;5300.00;EUR;5000.00;;0.00;;0.00;;0.00;;0.00;;0.00;;0.00;;0.00;;0.00;0.00;0.00;0.00;0.00;0.00;0.00;0.00;0.00;0.00;0.00;0.00;;0.00;;0.00;;0.000;0.000;;0.000;0.000;;0.000;;0.000;;0.000;;0.000;;0.000;0.000;S;007;K4;2026007;20260731;20260731;SA;001;20260731;;20000;40;;00000;ARIA;20261001224635;20261001224635;20261001;;02;P;0000654000;YIKR;;;;;;;;;;0000;;000;000;;00000;00;Depr Jul;;000000;;;;;00000000;00000000;00000000;;20260731;;0.000;S;;;;;;;00000000;0000;;0000;;20261001;;;00;;;00000000;;;000;;;;;;000000000000;;;;;000000;00000000;;;;;;;0.00;;000000000000;000000000000;;;;;KSA000CORP-OPS;;;S;S;1;0;0016015000;S;YCOA;;00000000;0000104806;OC;;;;;;;;;CORP-OPS;KS;;;00;00000000;;00000000;;00000000;;00000000;;A000;;;;;;;;;;000000;;;000000;;;000000;;000000;;000000;;;;;;;;;;;;;00;;000000;;;;;000;;;;;;;;;;;;;;;;;;;;;;;;;;;;;00000000;000;0000;;;;;;;;000;;;;;;;;;;00000000;00000000;00000000;0.0000000;;;;;;;;;;;;;;00000000;;;;;;;;00000000;;;;;;;00000000;;;;00000000;;00000000;;0000;0000;;;;;;;;;;;;;
0L;1010;2026;0100000013;000001;2026;0;;YCOA;A000;;RFBU;RFBU;RFBU;010;COIN;BKPFF;;10102026;0100000013;000010;000000;000010;00000000000000000000000000000000;;;;;;;000000;;;;;;000000;;0000;;;;;;;000000;000000;;;;00000000000000000000000000000000;;0050302000;CORP-OPS;YB600;YB18;;1000_C;;;;;;;EUR;36000.00;EUR;36000.00;EUR;36000.00;USD;38160.00;EUR;36000.00;;0.00;;0.00;;0.00;;0.00;;0.00;;0.00;;0.00;;0.00;0.00;0.00;0.00;0.00;0.00;0.00;0.00;0.00;0.00;0.00;0.00;;0.00;;0.00;;0.000;0.000;;0.000;0.000;;0.000;;0.000;;0.000;;0.000;;0.000;0.000;S;008;K4;2026008;20260831;20260831;SA;001;20260831;;06000;40;;00000;ARIA;20261001224636;20261001224636;20261001;;02;P;0000600045;YIKR;;000000000000001010;;001010;Y1;0000585000;2;YB18;;0000;;000;000;;00000;00;COGS Aug;;000000;;;;;00000000;00000000;00000000;;20260831;;0.000;S;;;;;;;00000000;0000;;0000;;20261001;;;00;;;00000000;;;000;;;;;;000000000000;;;;;000000;00000000;;;;;;;0.00;;000000000000;000000000000;;;;;KSA000CORP-OPS;;;S;S;1;0;0029110000;S;YCOA;;00000000;0000104804;OC;;;;;;;;;CORP-OPS;KS;;;00;00000000;;00000000;;00000000;;00000000;;A000;;;;;;;;;;000000;;;000000;;;000000;;000000;;000000;;;;;;;;;;;;;00;;000000;;;;;001;;;;;;;;;;;;;;;;;;;;;;;;;;;;;00000000;000;0000;;;;;;;;000;;;;;;;;;;00000000;00000000;00000000;0.0000000;;;;;;;;;;;;;;00000000;;;;;;;;00000000;;;;;;;00000000;;;;00000000;;00000000;;0000;0000;;;;;;;;;;;;;
2L;1010;2026;0100000013;000001;2026;0;;YCOA;A000;;RFBU;RFBU;RFBU;010;COIN;BKPFF;;10102026;0100000013;000010;000000;000010;00000000000000000000000000000000;;;;;;;000000;;;;;;000000;;0000;;;;;;;000000;000000;;;;00000000000000000000000000000000;;0050302000;CORP-OPS;YB600;YB18;;1000_C;;;;;;;EUR;36000.00;EUR;36000.00;EUR;36000.00;USD;38160.00;EUR;36000.00;;0.00;;0.00;;0.00;;0.00;;0.00;;0.00;;0.00;;0.00;0.00;0.00;0.00;0.00;0.00;0.00;0.00;0.00;0.00;0.00;0.00;;0.00;;0.00;;0.000;0.000;;0.000;0.000;;0.000;;0.000;;0.000;;0.000;;0.000;0.000;S;008;K4;2026008;20260831;20260831;SA;001;20260831;;06000;40;;00000;ARIA;20261001224636;20261001224636;20261001;;02;P;0000600045;YIKR;;;;;;;;;;0000;;000;000;;00000;00;COGS Aug;;000000;;;;;00000000;00000000;00000000;;20260831;;0.000;S;;;;;;;00000000;0000;;0000;;20261001;;;00;;;00000000;;;000;;;;;;000000000000;;;;;000000;00000000;;;;;;;0.00;;000000000000;000000000000;;;;;KSA000CORP-OPS;;;S;S;1;0;0029110000;S;YCOA;;00000000;0000104804;OC;;;;;;;;;CORP-OPS;KS;;;00;00000000;;00000000;;00000000;;00000000;;A000;;;;;;;;;;000000;;;000000;;;000000;;000000;;000000;;;;;;;;;;;;;00;;000000;;;;;000;;;;;;;;;;;;;;;;;;;;;;;;;;;;;00000000;000;0000;;;;;;;;000;;;;;;;;;;00000000;00000000;00000000;0.0000000;;;;;;;;;;;;;;00000000;;;;;;;;00000000;;;;;;;00000000;;;;00000000;;00000000;;0000;0000;;;;;;;;;;;;;
0L;1010;2026;0100000016;000002;2026;0;;YCOA;A000;;RFBU;RFBU;RFBU;010;;BKPFF;;10102026;0100000016;000020;000000;000000;00000000000000000000000000000000;;;;;;;000000;;;;;;000000;;0000;;;;;;;000000;000000;;;;00000000000000000000000000000000;;0012544000;;YB900;;;1000_C;;;;;;;EUR;-75000.00;EUR;-75000.00;EUR;-75000.00;USD;-79500.00;EUR;-75000.00;;0.00;;0.00;;0.00;;0.00;;0.00;;0.00;;0.00;;0.00;0.00;0.00;0.00;0.00;0.00;0.00;0.00;0.00;0.00;0.00;0.00;;0.00;;0.00;;0.000;0.000;;0.000;0.000;;0.000;;0.000;;0.000;;0.000;;0.000;0.000;H;008;K4;2026008;20260829;20260829;SA;002;20260829;;01000;50;;00000;ARIA;20261001224638;20261001224638;20261001;;35;X;0000266600;YIKR;X;000000000000001010;;001010;Y1;&NOMAPBS;1;915;;0000;;000;000;;00000;00;AR Cleared Aug;;000000;;;;;00000000;00000000;00000000;;20260829;;0.000;S;;;;;;X;00000000;0000;;0000;;20261001;;;00;;;00000000;;;000;;;;;;000000000000;;;;;000000;00000000;;;;;;;0.00;;000000000000;000000000000;;;;;;;;;;0;0;0011001099;S;YCOA;;00000000;;;;;;;;;;;;;;;00;00000000;;00000000;;00000000;;00000000;;;;;;;;;;;;000000;;;000000;;;000000;;000000;;000000;;;;;;;;;;;;;00;;000000;;;;;000;;;;;;;;;;;;;;;;;;;;;;;;;;;;;00000000;000;0000;;;;;;;;000;;;;;;;;;;00000000;00000000;00000000;0.0000000;;;;;;;;;;;;;;00000000;;;;;;;;00000000;;;;;;;00000000;;;;00000000;;00000000;;0000;0000;;;;;;;;;;;;;
2L;1010;2026;0100000016;000002;2026;0;;YCOA;A000;;RFBU;RFBU;RFBU;010;;BKPFF;;10102026;0100000016;000020;000000;000000;00000000000000000000000000000000;;;;;;;000000;;;;;;000000;;0000;;;;;;;000000;000000;;;;00000000000000000000000000000000;;0012544000;;YB900;;;1000_C;;;;;;;EUR;-75000.00;EUR;-75000.00;EUR;-75000.00;USD;-79500.00;EUR;-75000.00;;0.00;;0.00;;0.00;;0.00;;0.00;;0.00;;0.00;;0.00;0.00;0.00;0.00;0.00;0.00;0.00;0.00;0.00;0.00;0.00;0.00;;0.00;;0.00;;0.000;0.000;;0.000;0.000;;0.000;;0.000;;0.000;;0.000;;0.000;0.000;H;008;K4;2026008;20260829;20260829;SA;002;20260829;;01000;50;;00000;ARIA;20261001224638;20261001224638;20261001;;35;X;0000266600;YIKR;X;;;;;;;;;0000;;000;000;;00000;00;AR Cleared Aug;;000000;;;;;00000000;00000000;00000000;;20260829;;0.000;S;;;;;;X;00000000;0000;;0000;;20261001;;;00;;;00000000;;;000;;;;;;000000000000;;;;;000000;00000000;;;;;;;0.00;;000000000000;000000000000;;;;;;;;;;0;0;0011001099;S;YCOA;;00000000;;;;;;;;;;;;;;;00;00000000;;00000000;;00000000;;00000000;;;;;;;;;;;;000000;;;000000;;;000000;;000000;;000000;;;;;;;;;;;;;00;;000000;;;;;000;;;;;;;;;;;;;;;;;;;;;;;;;;;;;00000000;000;0000;;;;;;;;000;;;;;;;;;;00000000;00000000;00000000;0.0000000;;;;;;;;;;;;;;00000000;;;;;;;;00000000;;;;;;;00000000;;;;00000000;;00000000;;0000;0000;;;;;;;;;;;;;
0L;1010;2026;0100000003;000001;2026;0;;YCOA;A000;;RFBU;RFBU;RFBU;010;COIN;BKPFF;;10102026;0100000003;000010;000000;000010;00000000000000000000000000000000;;;;;;;000000;;;;;;000000;;0000;;;;;;;000000;000000;;;;00000000000000000000000000000000;;0050302000;CORP-OPS;YB600;YB18;;1000_C;;;;;;;EUR;40000.00;EUR;40000.00;EUR;40000.00;USD;42400.00;EUR;40000.00;;0.00;;0.00;;0.00;;0.00;;0.00;;0.00;;0.00;;0.00;0.00;0.00;0.00;0.00;0.00;0.00;0.00;0.00;0.00;0.00;0.00;;0.00;;0.00;;0.000;0.000;;0.000;0.000;;0.000;;0.000;;0.000;;0.000;;0.000;0.000;S;006;K4;2026006;20260630;20260630;SA;001;20260630;;06000;40;;00000;ARIA;20261001224630;20261001224630;20261001;;02;P;0000600045;YIKR;;000000000000001010;;001010;Y1;0000585000;2;YB18;;0000;;000;000;;00000;00;COGS Jun;;000000;;;;;00000000;00000000;00000000;;20260630;;0.000;S;;;;;;;00000000;0000;;0000;;20261001;;;00;;;00000000;;;000;;;;;;000000000000;;;;;000000;00000000;;;;;;;0.00;;000000000000;000000000000;;;;;KSA000CORP-OPS;;;S;S;1;0;0029110000;S;YCOA;;00000000;0000104804;OC;;;;;;;;;CORP-OPS;KS;;;00;00000000;;00000000;;00000000;;00000000;;A000;;;;;;;;;;000000;;;000000;;;000000;;000000;;000000;;;;;;;;;;;;;00;;000000;;;;;001;;;;;;;;;;;;;;;;;;;;;;;;;;;;;00000000;000;0000;;;;;;;;000;;;;;;;;;;00000000;00000000;00000000;0.0000000;;;;;;;;;;;;;;00000000;;;;;;;;00000000;;;;;;;00000000;;;;00000000;;00000000;;0000;0000;;;;;;;;;;;;;
2L;1010;2026;0100000003;000001;2026;0;;YCOA;A000;;RFBU;RFBU;RFBU;010;COIN;BKPFF;;10102026;0100000003;000010;000000;000010;00000000000000000000000000000000;;;;;;;000000;;;;;;000000;;0000;;;;;;;000000;000000;;;;00000000000000000000000000000000;;0050302000;CORP-OPS;YB600;YB18;;1000_C;;;;;;;EUR;40000.00;EUR;40000.00;EUR;40000.00;USD;42400.00;EUR;40000.00;;0.00;;0.00;;0.00;;0.00;;0.00;;0.00;;0.00;;0.00;0.00;0.00;0.00;0.00;0.00;0.00;0.00;0.00;0.00;0.00;0.00;;0.00;;0.00;;0.000;0.000;;0.000;0.000;;0.000;;0.000;;0.000;;0.000;;0.000;0.000;S;006;K4;2026006;20260630;20260630;SA;001;20260630;;06000;40;;00000;ARIA;20261001224630;20261001224630;20261001;;02;P;0000600045;YIKR;;;;;;;;;;0000;;000;000;;00000;00;COGS Jun;;000000;;;;;00000000;00000000;00000000;;20260630;;0.000;S;;;;;;;00000000;0000;;0000;;20261001;;;00;;;00000000;;;000;;;;;;000000000000;;;;;000000;00000000;;;;;;;0.00;;000000000000;000000000000;;;;;KSA000CORP-OPS;;;S;S;1;0;0029110000;S;YCOA;;00000000;0000104804;OC;;;;;;;;;CORP-OPS;KS;;;00;00000000;;00000000;;00000000;;00000000;;A000;;;;;;;;;;000000;;;000000;;;000000;;000000;;000000;;;;;;;;;;;;;00;;000000;;;;;000;;;;;;;;;;;;;;;;;;;;;;;;;;;;;00000000;000;0000;;;;;;;;000;;;;;;;;;;00000000;00000000;00000000;0.0000000;;;;;;;;;;;;;;00000000;;;;;;;;00000000;;;;;;;00000000;;;;00000000;;00000000;;0000;0000;;;;;;;;;;;;;
0L;1010;2026;0100000004;000001;2026;0;;YCOA;A000;;RFBU;RFBU;RFBU;010;COIN;BKPFF;;10102026;0100000004;000010;000000;000010;00000000000000000000000000000000;;;;;;;000000;;;;;;000000;;0000;;;;;;;000000;000000;;;;00000000000000000000000000000000;;0065300000;CORP-FIN;YB600;YB99;;1000_C;;;;;;;EUR;15000.00;EUR;15000.00;EUR;15000.00;USD;15900.00;EUR;15000.00;;0.00;;0.00;;0.00;;0.00;;0.00;;0.00;;0.00;;0.00;0.00;0.00;0.00;0.00;0.00;0.00;0.00;0.00;0.00;0.00;0.00;;0.00;;0.00;;0.000;0.000;;0.000;0.000;;0.000;;0.000;;0.000;;0.000;;0.000;0.000;S;006;K4;2026006;20260630;20260630;SA;001;CORP-FIN;;20000;40;;00000;ARIA;20261001224631;20261001224631;20261001;;02;P;0000677000;YIKR;;000000000000001010;;001010;Y1;0000585000;2;YB99;;0000;;000;000;;00000;00;GA Jun;;000000;;;;;00000000;00000000;00000000;;20260630;;0.000;S;;V0;;;;;00000000;0000;;0000;;20261001;;;00;;;00000000;;;000;;;;;;000000000000;;;;;000000;00000000;;;;;;;0.00;;000000000000;000000000000;;;;;KSA000CORP-FIN;;;S;S;1;0;0029110000;S;YCOA;;00000000;0000104805;OC;;;;;;;;;CORP-FIN;KS;;;00;00000000;;00000000;;00000000;;00000000;;A000;;;;;;;;;;000000;;;000000;;;000000;;000000;;000000;;;;;;;;;;;;;00;;000000;;;;;001;;;;;;;;;;;;;;;;;;;;;;;;;;;;;00000000;000;0000;;;;;;;;000;;;;;;;;;;00000000;00000000;00000000;0.0000000;;;;;;;;;;;;;;00000000;;;;;;;;00000000;;;;;;;00000000;;;;00000000;;00000000;;0000;0000;;;;;;;;;;;;;
2L;1010;2026;0100000004;000001;2026;0;;YCOA;A000;;RFBU;RFBU;RFBU;010;COIN;BKPFF;;10102026;0100000004;000010;000000;000010;00000000000000000000000000000000;;;;;;;000000;;;;;;000000;;0000;;;;;;;000000;000000;;;;00000000000000000000000000000000;;0065300000;CORP-FIN;YB600;YB99;;1000_C;;;;;;;EUR;15000.00;EUR;15000.00;EUR;15000.00;USD;15900.00;EUR;15000.00;;0.00;;0.00;;0.00;;0.00;;0.00;;0.00;;0.00;;0.00;0.00;0.00;0.00;0.00;0.00;0.00;0.00;0.00;0.00;0.00;0.00;;0.00;;0.00;;0.000;0.000;;0.000;0.000;;0.000;;0.000;;0.000;;0.000;;0.000;0.000;S;006;K4;2026006;20260630;20260630;SA;001;CORP-FIN;;20000;40;;00000;ARIA;20261001224631;20261001224631;20261001;;02;P;0000677000;YIKR;;;;;;;;;;0000;;000;000;;00000;00;GA Jun;;000000;;;;;00000000;00000000;00000000;;20260630;;0.000;S;;V0;;;;;00000000;0000;;0000;;20261001;;;00;;;00000000;;;000;;;;;;000000000000;;;;;000000;00000000;;;;;;;0.00;;000000000000;000000000000;;;;;KSA000CORP-FIN;;;S;S;1;0;0029110000;S;YCOA;;00000000;0000104805;OC;;;;;;;;;CORP-FIN;KS;;;00;00000000;;00000000;;00000000;;00000000;;A000;;;;;;;;;;000000;;;000000;;;000000;;000000;;000000;;;;;;;;;;;;;00;;000000;;;;;000;;;;;;;;;;;;;;;;;;;;;;;;;;;;;00000000;000;0000;;;;;;;;000;;;;;;;;;;00000000;00000000;00000000;0.0000000;;;;;;;;;;;;;;00000000;;;;;;;;00000000;;;;;;;00000000;;;;00000000;;00000000;;0000;0000;;;;;;;;;;;;;
0L;1010;2026;0100000005;000001;2026;0;;YCOA;A000;;RFBU;RFBU;RFBU;010;COIN;BKPFF;;10102026;0100000005;000010;000000;000010;00000000000000000000000000000000;;;;;;;000000;;;;;;000000;;0000;;;;;;;000000;000000;;;;00000000000000000000000000000000;;0064005000;CORP-OPS;YB600;YB99;;1000_C;;;;;;;EUR;5000.00;EUR;5000.00;EUR;5000.00;USD;5300.00;EUR;5000.00;;0.00;;0.00;;0.00;;0.00;;0.00;;0.00;;0.00;;0.00;0.00;0.00;0.00;0.00;0.00;0.00;0.00;0.00;0.00;0.00;0.00;;0.00;;0.00;;0.000;0.000;;0.000;0.000;;0.000;;0.000;;0.000;;0.000;;0.000;0.000;S;006;K4;2026006;20260630;20260630;SA;001;20260630;;20000;40;;00000;ARIA;20261001224632;20261001224632;20261001;;02;P;0000654000;YIKR;;000000000000001010;;001010;Y1;0000571000;2;YB99;;0000;;000;000;;00000;00;Depr Jun;;000000;;;;;00000000;00000000;00000000;;20260630;;0.000;S;;;;;;;00000000;0000;;0000;;20261001;;;00;;;00000000;;;000;;;;;;000000000000;;;;;000000;00000000;;;;;;;0.00;;000000000000;000000000000;;;;;KSA000CORP-OPS;;;S;S;1;0;0016015000;S;YCOA;;00000000;0000104806;OC;;;;;;;;;CORP-OPS;KS;;;00;00000000;;00000000;;00000000;;00000000;;A000;;;;;;;;;;000000;;;000000;;;000000;;000000;;000000;;;;;;;;;;;;;00;;000000;;;;;001;;;;;;;;;;;;;;;;;;;;;;;;;;;;;00000000;000;0000;;;;;;;;000;;;;;;;;;;00000000;00000000;00000000;0.0000000;;;;;;;;;;;;;;00000000;;;;;;;;00000000;;;;;;;00000000;;;;00000000;;00000000;;0000;0000;;;;;;;;;;;;;
2L;1010;2026;0100000005;000001;2026;0;;YCOA;A000;;RFBU;RFBU;RFBU;010;COIN;BKPFF;;10102026;0100000005;000010;000000;000010;00000000000000000000000000000000;;;;;;;000000;;;;;;000000;;0000;;;;;;;000000;000000;;;;00000000000000000000000000000000;;0064005000;CORP-OPS;YB600;YB99;;1000_C;;;;;;;EUR;5000.00;EUR;5000.00;EUR;5000.00;USD;5300.00;EUR;5000.00;;0.00;;0.00;;0.00;;0.00;;0.00;;0.00;;0.00;;0.00;0.00;0.00;0.00;0.00;0.00;0.00;0.00;0.00;0.00;0.00;0.00;;0.00;;0.00;;0.000;0.000;;0.000;0.000;;0.000;;0.000;;0.000;;0.000;;0.000;0.000;S;006;K4;2026006;20260630;20260630;SA;001;20260630;;20000;40;;00000;ARIA;20261001224632;20261001224632;20261001;;02;P;0000654000;YIKR;;;;;;;;;;0000;;000;000;;00000;00;Depr Jun;;000000;;;;;00000000;00000000;00000000;;20260630;;0.000;S;;;;;;;00000000;0000;;0000;;20261001;;;00;;;00000000;;;000;;;;;;000000000000;;;;;000000;00000000;;;;;;;0.00;;000000000000;000000000000;;;;;KSA000CORP-OPS;;;S;S;1;0;0016015000;S;YCOA;;00000000;0000104806;OC;;;;;;;;;CORP-OPS;KS;;;00;00000000;;00000000;;00000000;;00000000;;A000;;;;;;;;;;000000;;;000000;;;000000;;000000;;000000;;;;;;;;;;;;;00;;000000;;;;;000;;;;;;;;;;;;;;;;;;;;;;;;;;;;;00000000;000;0000;;;;;;;;000;;;;;;;;;;00000000;00000000;00000000;0.0000000;;;;;;;;;;;;;;00000000;;;;;;;;00000000;;;;;;;00000000;;;;00000000;;00000000;;0000;0000;;;;;;;;;;;;;
0L;1010;2026;0100000014;000001;2026;0;;YCOA;A000;;RFBU;RFBU;RFBU;010;COIN;BKPFF;;10102026;0100000014;000010;000000;000010;00000000000000000000000000000000;;;;;;;000000;;;;;;000000;;0000;;;;;;;000000;000000;;;;00000000000000000000000000000000;;0065300000;CORP-FIN;YB600;YB99;;1000_C;;;;;;;EUR;15000.00;EUR;15000.00;EUR;15000.00;USD;15900.00;EUR;15000.00;;0.00;;0.00;;0.00;;0.00;;0.00;;0.00;;0.00;;0.00;0.00;0.00;0.00;0.00;0.00;0.00;0.00;0.00;0.00;0.00;0.00;;0.00;;0.00;;0.000;0.000;;0.000;0.000;;0.000;;0.000;;0.000;;0.000;;0.000;0.000;S;008;K4;2026008;20260831;20260831;SA;001;CORP-FIN;;20000;40;;00000;ARIA;20261001224637;20261001224637;20261001;;02;P;0000677000;YIKR;;000000000000001010;;001010;Y1;0000585000;2;YB99;;0000;;000;000;;00000;00;GA Aug;;000000;;;;;00000000;00000000;00000000;;20260831;;0.000;S;;V0;;;;;00000000;0000;;0000;;20261001;;;00;;;00000000;;;000;;;;;;000000000000;;;;;000000;00000000;;;;;;;0.00;;000000000000;000000000000;;;;;KSA000CORP-FIN;;;S;S;1;0;0029110000;S;YCOA;;00000000;0000104805;OC;;;;;;;;;CORP-FIN;KS;;;00;00000000;;00000000;;00000000;;00000000;;A000;;;;;;;;;;000000;;;000000;;;000000;;000000;;000000;;;;;;;;;;;;;00;;000000;;;;;001;;;;;;;;;;;;;;;;;;;;;;;;;;;;;00000000;000;0000;;;;;;;;000;;;;;;;;;;00000000;00000000;00000000;0.0000000;;;;;;;;;;;;;;00000000;;;;;;;;00000000;;;;;;;00000000;;;;00000000;;00000000;;0000;0000;;;;;;;;;;;;;
2L;1010;2026;0100000014;000001;2026;0;;YCOA;A000;;RFBU;RFBU;RFBU;010;COIN;BKPFF;;10102026;0100000014;000010;000000;000010;00000000000000000000000000000000;;;;;;;000000;;;;;;000000;;0000;;;;;;;000000;000000;;;;00000000000000000000000000000000;;0065300000;CORP-FIN;YB600;YB99;;1000_C;;;;;;;EUR;15000.00;EUR;15000.00;EUR;15000.00;USD;15900.00;EUR;15000.00;;0.00;;0.00;;0.00;;0.00;;0.00;;0.00;;0.00;;0.00;0.00;0.00;0.00;0.00;0.00;0.00;0.00;0.00;0.00;0.00;0.00;;0.00;;0.00;;0.000;0.000;;0.000;0.000;;0.000;;0.000;;0.000;;0.000;;0.000;0.000;S;008;K4;2026008;20260831;20260831;SA;001;CORP-FIN;;20000;40;;00000;ARIA;20261001224637;20261001224637;20261001;;02;P;0000677000;YIKR;;;;;;;;;;0000;;000;000;;00000;00;GA Aug;;000000;;;;;00000000;00000000;00000000;;20260831;;0.000;S;;V0;;;;;00000000;0000;;0000;;20261001;;;00;;;00000000;;;000;;;;;;000000000000;;;;;000000;00000000;;;;;;;0.00;;000000000000;000000000000;;;;;KSA000CORP-FIN;;;S;S;1;0;0029110000;S;YCOA;;00000000;0000104805;OC;;;;;;;;;CORP-FIN;KS;;;00;00000000;;00000000;;00000000;;00000000;;A000;;;;;;;;;;000000;;;000000;;;000000;;000000;;000000;;;;;;;;;;;;;00;;000000;;;;;000;;;;;;;;;;;;;;;;;;;;;;;;;;;;;00000000;000;0000;;;;;;;;000;;;;;;;;;;00000000;00000000;00000000;0.0000000;;;;;;;;;;;;;;00000000;;;;;;;;00000000;;;;;;;00000000;;;;00000000;;00000000;;0000;0000;;;;;;;;;;;;;
0L;1010;2026;0100000015;000001;2026;0;;YCOA;A000;;RFBU;RFBU;RFBU;010;COIN;BKPFF;;10102026;0100000015;000010;000000;000010;00000000000000000000000000000000;;;;;;;000000;;;;;;000000;;0000;;;;;;;000000;000000;;;;00000000000000000000000000000000;;0064005000;CORP-OPS;YB600;YB99;;1000_C;;;;;;;EUR;5000.00;EUR;5000.00;EUR;5000.00;USD;5300.00;EUR;5000.00;;0.00;;0.00;;0.00;;0.00;;0.00;;0.00;;0.00;;0.00;0.00;0.00;0.00;0.00;0.00;0.00;0.00;0.00;0.00;0.00;0.00;;0.00;;0.00;;0.000;0.000;;0.000;0.000;;0.000;;0.000;;0.000;;0.000;;0.000;0.000;S;008;K4;2026008;20260831;20260831;SA;001;20260831;;20000;40;;00000;ARIA;20261001224637;20261001224637;20261001;;02;P;0000654000;YIKR;;000000000000001010;;001010;Y1;0000571000;2;YB99;;0000;;000;000;;00000;00;Depr Aug;;000000;;;;;00000000;00000000;00000000;;20260831;;0.000;S;;;;;;;00000000;0000;;0000;;20261001;;;00;;;00000000;;;000;;;;;;000000000000;;;;;000000;00000000;;;;;;;0.00;;000000000000;000000000000;;;;;KSA000CORP-OPS;;;S;S;1;0;0016015000;S;YCOA;;00000000;0000104806;OC;;;;;;;;;CORP-OPS;KS;;;00;00000000;;00000000;;00000000;;00000000;;A000;;;;;;;;;;000000;;;000000;;;000000;;000000;;000000;;;;;;;;;;;;;00;;000000;;;;;001;;;;;;;;;;;;;;;;;;;;;;;;;;;;;00000000;000;0000;;;;;;;;000;;;;;;;;;;00000000;00000000;00000000;0.0000000;;;;;;;;;;;;;;00000000;;;;;;;;00000000;;;;;;;00000000;;;;00000000;;00000000;;0000;0000;;;;;;;;;;;;;
2L;1010;2026;0100000015;000001;2026;0;;YCOA;A000;;RFBU;RFBU;RFBU;010;COIN;BKPFF;;10102026;0100000015;000010;000000;000010;00000000000000000000000000000000;;;;;;;000000;;;;;;000000;;0000;;;;;;;000000;000000;;;;00000000000000000000000000000000;;0064005000;CORP-OPS;YB600;YB99;;1000_C;;;;;;;EUR;5000.00;EUR;5000.00;EUR;5000.00;USD;5300.00;EUR;5000.00;;0.00;;0.00;;0.00;;0.00;;0.00;;0.00;;0.00;;0.00;0.00;0.00;0.00;0.00;0.00;0.00;0.00;0.00;0.00;0.00;0.00;;0.00;;0.00;;0.000;0.000;;0.000;0.000;;0.000;;0.000;;0.000;;0.000;;0.000;0.000;S;008;K4;2026008;20260831;20260831;SA;001;20260831;;20000;40;;00000;ARIA;20261001224637;20261001224637;20261001;;02;P;0000654000;YIKR;;;;;;;;;;0000;;000;000;;00000;00;Depr Aug;;000000;;;;;00000000;00000000;00000000;;20260831;;0.000;S;;;;;;;00000000;0000;;0000;;20261001;;;00;;;00000000;;;000;;;;;;000000000000;;;;;000000;00000000;;;;;;;0.00;;000000000000;000000000000;;;;;KSA000CORP-OPS;;;S;S;1;0;0016015000;S;YCOA;;00000000;0000104806;OC;;;;;;;;;CORP-OPS;KS;;;00;00000000;;00000000;;00000000;;00000000;;A000;;;;;;;;;;000000;;;000000;;;000000;;000000;;000000;;;;;;;;;;;;;00;;000000;;;;;000;;;;;;;;;;;;;;;;;;;;;;;;;;;;;00000000;000;0000;;;;;;;;000;;;;;;;;;;00000000;00000000;00000000;0.0000000;;;;;;;;;;;;;;00000000;;;;;;;;00000000;;;;;;;00000000;;;;00000000;;00000000;;0000;0000;;;;;;;;;;;;;
0L;1710;2026;5000000000;000001;2026;0;;YCOA;A000;;RMWE;RMWE;RMWE;010;;MKPF;;2026;5000002930;000001;000001;000000;00000000000000000000000000000000;;;;;;;000000;;;;;;000000;;0000;;;;;;;000000;000000;;;;00000000000000000000000000000000;;0013600000;;YB700;;;1000_C;;;;;;;USD;15.00;USD;15.00;USD;15.00;USD;15.00;USD;15.00;;0.00;;0.00;;0.00;;0.00;;0.00;;0.00;;0.00;;0.00;0.00;0.00;0.00;0.00;0.00;0.00;0.00;0.00;0.00;0.00;0.00;;0.00;;0.00;ST;1.000;0.000;ST;1.000;0.000;ST;1.000;;0.000;;0.000;;0.000;;0.000;0.000;S;010;K4;2026010;20261005;20261005;WE;001;;;06000;89;BSX;00000;ARIA;20261002115939;20261002115939;20261002;;19;X;;;;000000000000001710;;001710;Y1;0000131200;1;915;;0000;;000;000;4500002143;00010;00;;;000000;TG11;1710;0017300001;;00000000;00000000;00000000;;20261005;;0.000;M;;;;;;;00000000;0000;;0000;;20261002;;;00;;;00000000;;;000;;;;;;000100000002;;;;;000000;00000000;;;;1710;BB;ZU;0.00;V;000100005913;000100005914;;;;;;;;;;0;0;0021120000;S;YCOA;;00000000;;;;;;;;;;;;;;;00;00000000;;00000000;;00000000;;00000000;;;;;;;;;;;;000000;;;000000;;;000000;;000000;;000000;;;;;;;;;;;;;00;;000000;;;;;000;;;;;00;;;;;;;;;;;;;;;;;;;;;;;;00000000;000;0000;;;;;;;;000;;;;;;;;;;00000000;00000000;00000000;0.0000000;;;;;;;;;;;;;;00000000;;;;;;;;00000000;;;;;;;00000000;;;;00000000;;00000000;;0000;0000;;;;;;;;;;;;;
0L;1710;2026;5000000000;000002;2026;0;;YCOA;A000;;RMWE;RMWE;RMWE;010;;MKPF;;2026;5000002930;000001;000001;000000;00000000000000000000000000000000;;;;;;;000000;;;;;;000000;;0000;;;;;;;000000;000000;;;;00000000000000000000000000000000;;0021120000;;YB700;;;1000_C;;;;;;;USD;-15.00;USD;-15.00;USD;-15.00;USD;-15.00;USD;-15.00;;0.00;;0.00;;0.00;;0.00;;0.00;;0.00;;0.00;;0.00;0.00;0.00;0.00;0.00;0.00;0.00;0.00;0.00;0.00;0.00;0.00;;0.00;;0.00;ST;-1.000;0.000;;0.000;0.000;ST;-1.000;;0.000;;0.000;;0.000;;0.000;0.000;H;010;K4;2026010;20261005;20261005;WE;002;450000214300010;;01000;96;WRX;00000;ARIA;20261002115939;20261002115939;20261002;;35;X;;;;000000000000001710;;001710;Y1;0000211100;1;915;;0000;;000;000;4500002143;00010;00;;;000000;TG11;1710;0017300001;;00000000;00000000;00000000;;20261005;;0.000;S;;;;;;X;00000000;0000;;0000;;20261002;;;00;;;00000000;;;000;;;;;;000100000002;;;;;000000;00000000;;;;1710;BB;ZU;0.00;V;000100005913;000100005914;;;;;;;;;;0;0;0013600000;M;YCOA;;00000000;;;;;;;;;;;;;;;00;00000000;;00000000;;00000000;;00000000;;;;;;;;;;;;000000;;;000000;;;000000;;000000;;000000;;;;;;;;;;;;;00;;000000;;;;;000;;;;;00;;;;;;;;;;;;;;;;;;;;;;;;00000000;000;0000;;;;;;;;000;;;;;;;;;;00000000;00000000;00000000;0.0000000;;;;;;;;;;;;;;00000000;;;;;;;;00000000;;;;;;;00000000;;;;00000000;;00000000;;0000;0000;;;;;;;;;;;;;
2L;1710;2026;5000000000;000001;2026;0;;YCOA;A000;;RMWE;RMWE;RMWE;010;;MKPF;;2026;5000002930;000001;000001;000000;00000000000000000000000000000000;;;;;;;000000;;;;;;000000;;0000;;;;;;;000000;000000;;;;00000000000000000000000000000000;;0013600000;;YB700;;;1000_C;;;;;;;USD;15.00;USD;15.00;USD;15.00;USD;15.00;USD;15.00;;0.00;;0.00;;0.00;;0.00;;0.00;;0.00;;0.00;;0.00;0.00;0.00;0.00;0.00;0.00;0.00;0.00;0.00;0.00;0.00;0.00;;0.00;;0.00;ST;1.000;0.000;ST;1.000;0.000;ST;1.000;;0.000;;0.000;;0.000;;0.000;0.000;S;010;K4;2026010;20261005;20261005;WE;001;;;06000;89;BSX;00000;ARIA;20261002115939;20261002115939;20261002;;19;X;;;;;;;;;;;;0000;;000;000;4500002143;00010;00;;;000000;TG11;1710;0017300001;;00000000;00000000;00000000;;20261005;;0.000;M;;;;;;;00000000;0000;;0000;;20261002;;;00;;;00000000;;;000;;;;;;000100000002;;;;;000000;00000000;;;;1710;BB;ZU;0.00;V;000100005913;000100005914;;;;;;;;;;0;0;0021120000;S;YCOA;;00000000;;;;;;;;;;;;;;;00;00000000;;00000000;;00000000;;00000000;;;;;;;;;;;;000000;;;000000;;;000000;;000000;;000000;;;;;;;;;;;;;00;;000000;;;;;000;;;;;00;;;;;;;;;;;;;;;;;;;;;;;;00000000;000;0000;;;;;;;;000;;;;;;;;;;00000000;00000000;00000000;0.0000000;;;;;;;;;;;;;;00000000;;;;;;;;00000000;;;;;;;00000000;;;;00000000;;00000000;;0000;0000;;;;;;;;;;;;;
2L;1710;2026;5000000000;000002;2026;0;;YCOA;A000;;RMWE;RMWE;RMWE;010;;MKPF;;2026;5000002930;000001;000001;000000;00000000000000000000000000000000;;;;;;;000000;;;;;;000000;;0000;;;;;;;000000;000000;;;;00000000000000000000000000000000;;0021120000;;YB700;;;1000_C;;;;;;;USD;-15.00;USD;-15.00;USD;-15.00;USD;-15.00;USD;-15.00;;0.00;;0.00;;0.00;;0.00;;0.00;;0.00;;0.00;;0.00;0.00;0.00;0.00;0.00;0.00;0.00;0.00;0.00;0.00;0.00;0.00;;0.00;;0.00;ST;-1.000;0.000;;0.000;0.000;ST;-1.000;;0.000;;0.000;;0.000;;0.000;0.000;H;010;K4;2026010;20261005;20261005;WE;002;450000214300010;;01000;96;WRX;00000;ARIA;20261002115939;20261002115939;20261002;;35;X;;;;;;;;;;;;0000;;000;000;4500002143;00010;00;;;000000;TG11;1710;0017300001;;00000000;00000000;00000000;;20261005;;0.000;S;;;;;;X;00000000;0000;;0000;;20261002;;;00;;;00000000;;;000;;;;;;000100000002;;;;;000000;00000000;;;;1710;BB;ZU;0.00;V;000100005913;000100005914;;;;;;;;;;0;0;0013600000;M;YCOA;;00000000;;;;;;;;;;;;;;;00;00000000;;00000000;;00000000;;00000000;;;;;;;;;;;;000000;;;000000;;;000000;;000000;;000000;;;;;;;;;;;;;00;;000000;;;;;000;;;;;00;;;;;;;;;;;;;;;;;;;;;;;;00000000;000;0000;;;;;;;;000;;;;;;;;;;00000000;00000000;00000000;0.0000000;;;;;;;;;;;;;;00000000;;;;;;;;00000000;;;;;;;00000000;;;;00000000;;00000000;;0000;0000;;;;;;;;;;;;;
0E;1710;2026;PA000043X1;000003;2026;0;;YCOA;A000;;TBCS;TBCS;TBCS;010;COIN;MKPF;;;;000000;000001;000003;00000000000000000000000000000000;;;;;;;000000;;;;;;000000;;0000;;;VBAK;;;0000006320;000020;000000;;2;X;00000000000000000000000000000000;;0050303000;;US10_PLC;YB18;;Z_SEG3;;;;;;;USD;-738.59;USD;-738.59;USD;-738.59;USD;-738.59;USD;-738.59;;0.00;;0.00;;0.00;;0.00;;0.00;;0.00;;0.00;;0.00;0.00;0.00;0.00;0.00;0.00;0.00;0.00;0.00;0.00;0.00;0.00;;0.00;;0.00;;0.000;0.000;;0.000;0.000;;0.000;;0.000;;0.000;;0.000;ST;0.000;0.000;S;010;K4;2026010;20261009;20261005;WL;000;;P;06000;40;;08240;ARIA;20261005111051;20261005111051;20261005;;10;P;;;;000000000000001710;;001710;Y1;0000585000;2;YB18;;0000;;000;000;;00000;00;;0000006320;000020;MZ-FG-C990;1710;;USCU_S01;00000000;00000000;00000000;;20261009;;0.000;S;;;;;;;00000000;0000;;0000;;20261005;;;00;;;00000000;;;000;;;;;;000100000466;;;;;000000;00000000;;;;1710;;;0.00;S;000000000000;000000000000;;;;;EOA0000000104913;;;S;S;1;1;0013400000;M;YCOA;;00000000;0000104913;PA;;;;;;;;;0000104913;EO;;;00;00000000;;00000000;;00000000;;00000000;;A000;;;;;;;;;;000000;;;000000;;;000000;;000000;;000000;;;;;;;;;;;;;00;;000000;;;;;000;;F2;1710;10;00;MZ-FG-C990;ZCRUISE;Z1;US;;US0004;USCU_S01;USCU_S01;;;;;;;;;;;;;;;;00000000;000;0000;;;;;;;;000;;;;;;;;;;00000000;00000000;00000000;0.0000000;;;;;;;;;;;;;;00000000;;;;;;;;00000000;;;;;;;00000000;;;;00000000;;00000000;;0000;0000;;;;;;;;;;;;;
0E;1710;2026;PA000043X1;000004;2026;0;;YCOA;A000;;TBCS;TBCS;TBCS;010;COIN;MKPF;;;;000000;000001;000004;00000000000000000000000000000000;;;;;;;000000;;;;;;000000;;0000;;;VBAK;;;0000006320;000020;000000;;2;X;00000000000000000000000000000000;;0050304000;;US10_PLC;YB18;;Z_SEG3;;;;;;;USD;-646.15;USD;-646.15;USD;-646.15;USD;-646.15;USD;-646.15;;0.00;;0.00;;0.00;;0.00;;0.00;;0.00;;0.00;;0.00;0.00;0.00;0.00;0.00;0.00;0.00;0.00;0.00;0.00;0.00;0.00;;0.00;;0.00;;0.000;0.000;;0.000;0.000;;0.000;;0.000;;0.000;;0.000;ST;0.000;0.000;S;010;K4;2026010;20261009;20261005;WL;000;;P;06000;40;;08240;ARIA;20261005111051;20261005111051;20261005;;10;P;;;;000000000000001710;;001710;Y1;0000585000;2;YB18;;0000;;000;000;;00000;00;;0000006320;000020;MZ-FG-C990;1710;;USCU_S01;00000000;00000000;00000000;;20261009;;0.000;S;;;;;;;00000000;0000;;0000;;20261005;;;00;;;00000000;;;000;;;;;;000100000466;;;;;000000;00000000;;;;1710;;;0.00;S;000000000000;000000000000;;;;;EOA0000000104913;;;S;S;1;1;0013400000;M;YCOA;;00000000;0000104913;PA;;;;;;;;;0000104913;EO;;;00;00000000;;00000000;;00000000;;00000000;;A000;;;;;;;;;;000000;;;000000;;;000000;;000000;;000000;;;;;;;;;;;;;00;;000000;;;;;000;;F2;1710;10;00;MZ-FG-C990;ZCRUISE;Z1;US;;US0004;USCU_S01;USCU_S01;;;;;;;;;;;;;;;;00000000;000;0000;;;;;;;;000;;;;;;;;;;00000000;00000000;00000000;0.0000000;;;;;;;;;;;;;;00000000;;;;;;;;00000000;;;;;;;00000000;;;;00000000;;00000000;;0000;0000;;;;;;;;;;;;;
0E;1710;2026;PA000043X1;000005;2026;0;;YCOA;A000;;TBCS;TBCS;TBCS;010;COIN;MKPF;;;;000000;000001;000005;00000000000000000000000000000000;;;;;;;000000;;;;;;000000;;0000;;;VBAK;;;0000006320;000020;000000;;2;X;00000000000000000000000000000000;;0050305000;;US10_PLC;YB18;;Z_SEG3;;;;;;;USD;-461.63;USD;-461.63;USD;-461.63;USD;-461.63;USD;-461.63;;0.00;;0.00;;0.00;;0.00;;0.00;;0.00;;0.00;;0.00;-461.63;0.00;0.00;-461.63;-461.63;0.00;0.00;0.00;0.00;0.00;0.00;;0.00;;0.00;;0.000;0.000;;0.000;0.000;;0.000;;0.000;;0.000;;0.000;ST;0.000;0.000;S;010;K4;2026010;20261009;20261005;WL;000;;P;06000;40;;08240;ARIA;20261005111051;20261005111051;20261005;;10;P;;;;000000000000001710;;001710;Y1;0000585000;2;YB18;;0000;;000;000;;00000;00;;0000006320;000020;MZ-FG-C990;1710;;USCU_S01;00000000;00000000;00000000;;20261009;;0.000;S;;;;;;;00000000;0000;;0000;;20261005;;;00;;;00000000;;;000;;;;;;000100000466;;;;;000000;00000000;;;;1710;;;0.00;S;000000000000;000000000000;;;;;EOA0000000104913;;;S;S;1;1;0013400000;M;YCOA;;00000000;0000104913;PA;;;;;;;;;0000104913;EO;;;00;00000000;;00000000;;00000000;;00000000;;A000;;;;;;;;;;000000;;;000000;;;000000;;000000;;000000;;;;;;;;;;;;;00;;000000;;;;;000;;F2;1710;10;00;MZ-FG-C990;ZCRUISE;Z1;US;;US0004;USCU_S01;USCU_S01;;;;;;;;;;;;;;;;00000000;000;0000;;;;;;;;000;;;;;;;;;;00000000;00000000;00000000;0.0000000;;;;;;;;;;;;;;00000000;;;;;;;;00000000;;;;;;;00000000;;;;00000000;;00000000;;0000;0000;;;;;;;;;;;;;
0E;1710;2026;PA000043X1;000006;2026;0;;YCOA;A000;;TBCS;TBCS;TBCS;010;COIN;MKPF;;;;000000;000001;000006;00000000000000000000000000000000;;;;;;;000000;;;;;;000000;;0000;;;VBAK;;;0000006320;000020;000000;;2;X;00000000000000000000000000000000;;0050306000;;US10_PLC;YB18;;Z_SEG3;;;;;;;USD;-184.64;USD;-184.64;USD;-184.64;USD;-184.64;USD;-184.64;;0.00;;0.00;;0.00;;0.00;;0.00;;0.00;;0.00;;0.00;-46.16;0.00;0.00;-46.16;-46.16;0.00;0.00;0.00;0.00;0.00;0.00;;0.00;;0.00;;0.000;0.000;;0.000;0.000;;0.000;;0.000;;0.000;;0.000;ST;0.000;0.000;S;010;K4;2026010;20261009;20261005;WL;000;;P;06000;40;;08240;ARIA;20261005111051;20261005111051;20261005;;10;P;;;;000000000000001710;;001710;Y1;0000585000;2;YB18;;0000;;000;000;;00000;00;;0000006320;000020;MZ-FG-C990;1710;;USCU_S01;00000000;00000000;00000000;;20261009;;0.000;S;;;;;;;00000000;0000;;0000;;20261005;;;00;;;00000000;;;000;;;;;;000100000466;;;;;000000;00000000;;;;1710;;;0.00;S;000000000000;000000000000;;;;;EOA0000000104913;;;S;S;1;1;0013400000;M;YCOA;;00000000;0000104913;PA;;;;;;;;;0000104913;EO;;;00;00000000;;00000000;;00000000;;00000000;;A000;;;;;;;;;;000000;;;000000;;;000000;;000000;;000000;;;;;;;;;;;;;00;;000000;;;;;000;;F2;1710;10;00;MZ-FG-C990;ZCRUISE;Z1;US;;US0004;USCU_S01;USCU_S01;;;;;;;;;;;;;;;;00000000;000;0000;;;;;;;;000;;;;;;;;;;00000000;00000000;00000000;0.0000000;;;;;;;;;;;;;;00000000;;;;;;;;00000000;;;;;;;00000000;;;;00000000;;00000000;;0000;0000;;;;;;;;;;;;;
0E;1710;2026;PA000043W2;000001;2026;0;;YCOA;A000;;SD00;SD00;SD00;010;;VBRK;;;;000000;000000;000000;00000000000000000000000000000000;;;;;;;000000;;;;;;000000;;0000;;;VBAK;;;0000006320;000020;000000;;1;;00000000000000000000000000000000;;0012100000;;US10_PLC;;;Z_SEG3;;;;;;;USD;10020.00;USD;10020.00;USD;10020.00;USD;10020.00;USD;10020.00;;0.00;;0.00;;0.00;;0.00;;0.00;;0.00;;0.00;;0.00;0.00;0.00;0.00;0.00;0.00;0.00;0.00;0.00;0.00;0.00;0.00;;0.00;;0.00;;0.000;0.000;;0.000;0.000;;0.000;;0.000;;0.000;;0.000;;0.000;0.000;S;010;K4;2026010;20261009;20261005;RV;000;;P;02000;01;;00000;ARIA;20261005111051;20261005110251;20261005;;35;X;;;X;000000000000001710;;001710;Y1;0000121100;1;915;;0000;;000;000;;00000;00;;;000000;;;;USCU_S01;00000000;00000000;00000000;;20261009;;0.000;D;;;;;;X;00000000;0000;;0000;;00000000;;;00;;;00000000;;;000;;;;;;000000000000;;;;;000000;00000000;;;;;;;0.00;;000000000000;000000000000;;;;;;;;;;0;0;0041000000;S;YCOA;;00000000;;;;;;;;;;;;;;;00;00000000;;00000000;;00000000;;00000000;;;;;;;;;;;;000000;;;000000;;;000000;;000000;;000000;;;;;;;;;;;;;00;;000000;;;;;000;;F2;1710;10;00;;;;;;;;;;;;;;;;;;;;;;;;00000000;000;0000;;;;;;;;000;;;;;;;;;;00000000;00000000;00000000;0.0000000;;;;;;;;;;;;;;00000000;;;;;;;;00000000;;;;;;;00000000;;;;20261108;;00000000;;0000;0000;;;;;;;;;;;;;
0E;1710;2026;PA000043W2;000002;2026;0;;YCOA;A000;;SD00;SD00;SD00;010;COIN;VBRK;;;;000000;000000;001001;00000000000000000000000000000000;;;;;;;000000;;;;;;000000;;0000;;;VBAK;;;0000006320;000020;000000;;1;;00000000000000000000000000000000;;0041000000;;US10_PLC;YB10;;Z_SEG3;;;;;;;USD;-10020.00;USD;-10020.00;USD;-10020.00;USD;-10020.00;USD;-10020.00;;0.00;;0.00;;0.00;;0.00;;0.00;;0.00;;0.00;;0.00;0.00;0.00;0.00;0.00;0.00;0.00;0.00;0.00;0.00;0.00;0.00;;0.00;;0.00;ST;-10.000;0.000;ST;-10.000;0.000;;0.000;;0.000;;0.000;;0.000;ST;-10.000;0.000;H;010;K4;2026010;20261009;20261005;RV;000;;P;30000;50;;00000;ARIA;20261005111051;20261005110251;20261005;;05;P;;;;000000000000001710;;001710;Y1;0000411100;2;YB10;;0000;;000;000;;00000;00;;0000006320;000020;MZ-FG-C990;1710;;USCU_S01;20261009;00000000;00000000;;20261009;;0.000;S;;;;;;;00000000;0000;;0000;;20261005;;;00;;;00000000;;;000;;;;;;000000000000;;;;;000000;00000000;;;;;;;0.00;;000000000000;000000000000;;;;;EOA0000000104915;;;S;H;2;0;USCU_S01;D;;;00000000;0000104915;PA;;;;;;;;;0000104915;EO;;;00;00000000;;00000000;;00000000;;00000000;;A000;;;;;;;;;;000000;;;000000;;;000000;;000000;;000000;;;;;;;;;;;;;00;;000000;;;;;000;;F2;1710;10;00;MZ-FG-C990;ZCRUISE;Z1;US;;US0004;USCU_S01;USCU_S01;;;;;;;;;;;;;;;;00000000;000;0000;;;;;;;;000;;;;;;;;;;00000000;00000000;00000000;0.0000000;;;;;;;;;;;;;;00000000;;;;;;;;00000000;;;;;;;00000000;;;;00000000;;00000000;;0000;0000;;;;;;;;;;;;;
0E;1710;2026;PA000043X2;000001;2026;0;;YCOA;A000;;SD00;SD00;SD00;010;;VBRK;;;;000000;000000;000000;00000000000000000000000000000000;;;;;;;000000;;;;;;000000;;0000;;;VBAK;;;0000006320;000020;000000;;2;;00000000000000000000000000000000;;0012100000;;US10_PLC;;;Z_SEG3;;;;;;;USD;-10020.00;USD;-10020.00;USD;-10020.00;USD;-10020.00;USD;-10020.00;;0.00;;0.00;;0.00;;0.00;;0.00;;0.00;;0.00;;0.00;0.00;0.00;0.00;0.00;0.00;0.00;0.00;0.00;0.00;0.00;0.00;;0.00;;0.00;;0.000;0.000;;0.000;0.000;;0.000;;0.000;;0.000;;0.000;;0.000;0.000;S;010;K4;2026010;20261009;20261005;RV;000;;P;02000;01;;00000;ARIA;20261005111051;20261005111051;20261005;;35;X;;;X;000000000000001710;;001710;Y1;0000121100;1;915;;0000;;000;000;;00000;00;;;000000;;;;USCU_S01;00000000;00000000;00000000;;20261009;;0.000;D;;;;;;X;00000000;0000;;0000;;00000000;;;00;;;00000000;;;000;;;;;;000000000000;;;;;000000;00000000;;;;;;;0.00;;000000000000;000000000000;;;;;;;;;;0;0;0041000000;S;YCOA;;00000000;;;;;;;;;;;;;;;00;00000000;;00000000;;00000000;;00000000;;;;;;;;;;;;000000;;;000000;;;000000;;000000;;000000;;;;;;;;;;;;;00;;000000;;;;;000;;F2;1710;10;00;;;;;;;;;;;;;;;;;;;;;;;;00000000;000;0000;;;;;;;;000;;;;;;;;;;00000000;00000000;00000000;0.0000000;;;;;;;;;;;;;;00000000;;;;;;;;00000000;;;;;;;00000000;;;;20261108;;00000000;;0000;0000;;;;;;;;;;;;;
0E;1710;2026;PA000043X2;000002;2026;0;;YCOA;A000;;SD00;SD00;SD00;010;COIN;VBRK;;;;000000;000000;001001;00000000000000000000000000000000;;;;;;;000000;;;;;;000000;;0000;;;VBAK;;;0000006320;000020;000000;;2;;00000000000000000000000000000000;;0041000000;;US10_PLC;YB10;;Z_SEG3;;;;;;;USD;10020.00;USD;10020.00;USD;10020.00;USD;10020.00;USD;10020.00;;0.00;;0.00;;0.00;;0.00;;0.00;;0.00;;0.00;;0.00;0.00;0.00;0.00;0.00;0.00;0.00;0.00;0.00;0.00;0.00;0.00;;0.00;;0.00;ST;10.000;0.000;ST;10.000;0.000;;0.000;;0.000;;0.000;;0.000;ST;10.000;0.000;H;010;K4;2026010;20261009;20261005;RV;000;;P;30000;50;;00000;ARIA;20261005111051;20261005111051;20261005;;05;P;;;;000000000000001710;;001710;Y1;0000411100;2;YB10;;0000;;000;000;;00000;00;;0000006320;000020;MZ-FG-C990;1710;;USCU_S01;20261009;00000000;00000000;;20261009;;0.000;S;;;;;;;00000000;0000;;0000;;20261005;;;00;;;00000000;;;000;;;;;;000000000000;;;;;000000;00000000;;;;;;;0.00;;000000000000;000000000000;;;;;EOA0000000104915;;;S;H;2;0;USCU_S01;D;;;00000000;0000104915;PA;;;;;;;;;0000104915;EO;;;00;00000000;;00000000;;00000000;;00000000;;A000;;;;;;;;;;000000;;;000000;;;000000;;000000;;000000;;;;;;;;;;;;;00;;000000;;;;;000;;F2;1710;10;00;MZ-FG-C990;ZCRUISE;Z1;US;;US0004;USCU_S01;USCU_S01;;;;;;;;;;;;;;;;00000000;000;0000;;;;;;;;000;;;;;;;;;;00000000;00000000;00000000;0.0000000;;;;;;;;;;;;;;00000000;;;;;;;;00000000;;;;;;;00000000;;;;00000000;;00000000;;0000;0000;;;;;;;;;;;;;
2L;1710;2026;4900000003;000001;2026;0;;YCOA;A000;;RMWL;RMWL;RMWL;010;;MKPF;;2026;4900008954;000001;000001;000000;00000000000000000000000000000000;;;;;;;000000;;;;;;000000;;0000;;;;;;;000000;000000;;;;00000000000000000000000000000000;;0013600000;;US10_TGY1;;;Z_SEG4;;;;;;;USD;-1735.60;USD;-1735.60;USD;-1735.60;USD;-1735.60;USD;-1735.60;;0.00;;0.00;;0.00;;0.00;;0.00;;0.00;;0.00;;0.00;0.00;0.00;0.00;0.00;0.00;0.00;0.00;0.00;0.00;0.00;0.00;;0.00;;0.00;ST;-20.000;0.000;ST;-20.000;0.000;ST;-20.000;;0.000;;0.000;;0.000;;0.000;0.000;H;010;K4;2026010;20261005;20261005;WL;001;;;06000;99;BSX;00000;ARIA;20261005111310;20261005111310;20261005;;19;X;;;;;;;;;;;;0000;;000;000;;00000;00;;;000000;MZ-TG-Y240;1710;;USCU_S01;00000000;00000000;00000000;;20261005;;0.000;M;;;;;;;00000000;0000;;0000;;20261005;;;00;;;00000000;;;000;;;;;;000100000460;;;;;000000;00000000;;;;1710;VKA;VN;0.00;V;000000000000;000100021304;;;;;;;;;;0;0;0054083000;S;YCOA;;00000000;;;;;;;;;;;;;;;00;00000000;;00000000;;00000000;;00000000;;;;;;;;;;;;000000;;;000000;;;000000;;000000;;000000;;;;;;;;;;;;;00;;000000;;;;;000;;;;;;;;;;;;;;;;;;;;;;;;;;;;;00000000;000;0000;;;;;;;;000;;;;;;;;;;00000000;00000000;00000000;0.0000000;;;;;;;;;;;;;;00000000;;;;;;;;00000000;;;;;;;00000000;;;;00000000;;00000000;;0000;0000;;;;;;;;;;;;;
2L;1710;2026;4900000003;000002;2026;0;;YCOA;A000;;RMWL;RMWL;RMWL;010;COIN;MKPF;;2026;4900008954;000001;000001;000002;00000000000000000000000000000000;;;;;;;000000;;;;;;000000;;0000;;;;;;;000000;000000;;;;00000000000000000000000000000000;;0054083000;;US10_TGY1;YB18;;Z_SEG4;;;;;;;USD;1735.60;USD;1735.60;USD;1735.60;USD;1735.60;USD;1735.60;;0.00;;0.00;;0.00;;0.00;;0.00;;0.00;;0.00;;0.00;0.00;0.00;0.00;0.00;0.00;0.00;0.00;0.00;0.00;0.00;0.00;;0.00;;0.00;ST;20.000;0.000;ST;20.000;0.000;;0.000;;0.000;;0.000;;0.000;ST;20.000;0.000;S;010;K4;2026010;20261005;20261005;WL;002;20261005;;06000;81;GBB;00000;ARIA;20261005111310;20261005111310;20261005;;10;P;;;;;;;;;;;;0000;;000;000;;00000;00;;0000006320;000010;MZ-TG-Y240;1710;;USCU_S01;00000000;00000000;00000000;;20261005;;0.000;S;;;;;;;00000000;0000;;0000;;20261005;;;00;;;00000000;;;000;;;;;;000100000460;;;;;000000;00000000;;;;1710;VKA;VN;0.00;V;000000000000;000100021304;;;;;EOA0000000104932;;;S;S;1;0;0013600000;M;YCOA;;00000000;0000104932;PA;;;;;;;;;0000104932;EO;;;00;00000000;;00000000;;00000000;;00000000;;A000;;;;;;;;;;000000;;;000000;;;000000;;000000;;000000;;;;;;;;;;;;;00;;000000;;;;;000;;F2;1710;10;00;MZ-TG-Y240;ZYOUTH;Z1;US;;US0004;USCU_S01;USCU_S01;;;;;;;;;;;;;;;;00000000;000;0000;;;;;;;;000;;;;;;;;;;00000000;00000000;00000000;0.0000000;;;;;;;;;;;;;;00000000;;;;;;;;00000000;;;;;;;00000000;;;;00000000;;00000000;;0000;0000;;;;;;;;;;;;;
2L;1710;2026;4900000003;000003;2026;0;;YCOA;A000;;RMWL;RMWL;RMWL;010;;MKPF;;2026;4900008954;000002;000002;000000;00000000000000000000000000000000;;;;;;;000000;;;;;;000000;;0000;;;;;;;000000;000000;;;;00000000000000000000000000000000;;0013600000;;US10_TGY1;;;Z_SEG4;;;;;;;USD;-340.35;USD;-340.35;USD;-340.35;USD;-340.35;USD;-340.35;;0.00;;0.00;;0.00;;0.00;;0.00;;0.00;;0.00;;0.00;0.00;0.00;0.00;0.00;0.00;0.00;0.00;0.00;0.00;0.00;0.00;;0.00;;0.00;ST;-5.000;0.000;ST;-5.000;0.000;ST;-5.000;;0.000;;0.000;;0.000;;0.000;0.000;H;010;K4;2026010;20261005;20261005;WL;003;;;06000;99;BSX;00000;ARIA;20261005111310;20261005111310;20261005;;19;X;;;;;;;;;;;;0000;;000;000;;00000;00;;;000000;MZ-TG-Y200;1710;;USCU_S01;00000000;00000000;00000000;;20261005;;0.000;M;;;;;;;00000000;0000;;0000;;20261005;;;00;;;00000000;;;000;;;;;;000100000458;;;;;000000;00000000;;;;1710;VKA;VN;0.00;V;000000000000;000100021305;;;;;;;;;;0;0;0054083000;S;YCOA;;00000000;;;;;;;;;;;;;;;00;00000000;;00000000;;00000000;;00000000;;;;;;;;;;;;000000;;;000000;;;000000;;000000;;000000;;;;;;;;;;;;;00;;000000;;;;;000;;;;;;;;;;;;;;;;;;;;;;;;;;;;;00000000;000;0000;;;;;;;;000;;;;;;;;;;00000000;00000000;00000000;0.0000000;;;;;;;;;;;;;;00000000;;;;;;;;00000000;;;;;;;00000000;;;;00000000;;00000000;;0000;0000;;;;;;;;;;;;;
2L;1710;2026;4900000003;000004;2026;0;;YCOA;A000;;RMWL;RMWL;RMWL;010;COIN;MKPF;;2026;4900008954;000002;000002;000004;00000000000000000000000000000000;;;;;;;000000;;;;;;000000;;0000;;;;;;;000000;000000;;;;00000000000000000000000000000000;;0054083000;;US10_TGY1;YB18;;Z_SEG4;;;;;;;USD;340.35;USD;340.35;USD;340.35;USD;340.35;USD;340.35;;0.00;;0.00;;0.00;;0.00;;0.00;;0.00;;0.00;;0.00;0.00;0.00;0.00;0.00;0.00;0.00;0.00;0.00;0.00;0.00;0.00;;0.00;;0.00;ST;5.000;0.000;ST;5.000;0.000;;0.000;;0.000;;0.000;;0.000;ST;5.000;0.000;S;010;K4;2026010;20261005;20261005;WL;004;20261005;;06000;81;GBB;00000;ARIA;20261005111310;20261005111310;20261005;;10;P;;;;;;;;;;;;0000;;000;000;;00000;00;;0000006320;000020;MZ-TG-Y200;1710;;USCU_S01;00000000;00000000;00000000;;20261005;;0.000;S;;;;;;;00000000;0000;;0000;;20261005;;;00;;;00000000;;;000;;;;;;000100000458;;;;;000000;00000000;;;;1710;VKA;VN;0.00;V;000000000000;000100021305;;;;;EOA0000000104933;;;S;S;1;0;0013600000;M;YCOA;;00000000;0000104933;PA;;;;;;;;;0000104933;EO;;;00;00000000;;00000000;;00000000;;00000000;;A000;;;;;;;;;;000000;;;000000;;;000000;;000000;;000000;;;;;;;;;;;;;00;;000000;;;;;000;;F2;1710;10;00;MZ-TG-Y200;ZYOUTH;Z1;US;;US0004;USCU_S01;USCU_S01;;;;;;;;;;;;;;;;00000000;000;0000;;;;;;;;000;;;;;;;;;;00000000;00000000;00000000;0.0000000;;;;;;;;;;;;;;00000000;;;;;;;;00000000;;;;;;;00000000;;;;00000000;;00000000;;0000;0000;;;;;;;;;;;;;
0E;1710;2026;PA000043Z0;000001;2026;0;;YCOA;A000;;RMWL;RMWL;RMWL;010;;MKPF;;2026;4900008954;000000;000001;000000;00000000000000000000000000000000;;;;;;;000000;;;;;;000000;;0000;;;VBAK;;;0000006320;000010;000000;;3;;00000000000000000000000000000000;;0013600000;;US10_TGY1;;;Z_SEG4;;;;;;;USD;1735.60;USD;1735.60;USD;1735.60;USD;1735.60;USD;1735.60;;0.00;;0.00;;0.00;;0.00;;0.00;;0.00;;0.00;;0.00;0.00;0.00;0.00;0.00;0.00;0.00;0.00;0.00;0.00;0.00;0.00;;0.00;;0.00;ST;20.000;0.000;ST;20.000;0.000;ST;20.000;;0.000;;0.000;;0.000;;0.000;0.000;H;010;K4;2026010;20261009;20261005;WL;000;;P;06000;99;BSX;00000;ARIA;20261005111310;20261005111310;20261005;;19;X;;;;000000000000001710;;001710;Y1;0000131200;1;915;;0000;;000;000;;00000;00;;;000000;MZ-TG-Y240;1710;;USCU_S01;00000000;00000000;00000000;;20261009;;0.000;M;;;;;;;00000000;0000;;0000;;20261005;;;00;;;00000000;;;000;;;;;;000100000460;;;;;000000;00000000;;;;1710;;;0.00;V;000000000000;000000000000;;;;;;;;;;0;0;0054083000;S;YCOA;;00000000;;;;;;;;;;;;;;;00;00000000;;00000000;;00000000;;00000000;;;;;;;;;;;;000000;;;000000;;;000000;;000000;;000000;;;;;;;;;;;;;00;;000000;;;;;000;;;;;;;;;;;;;;;;;;;;;;;;;;;;;00000000;000;0000;;;;;;;;000;;;;;;;;;;00000000;00000000;00000000;0.0000000;;;;;;;;;;;;;;00000000;;;;;;;;00000000;;;;;;;00000000;;;;00000000;;00000000;;0000;0000;;;;;;;;;;;;;
0E;1710;2026;PA000043Z0;000002;2026;0;;YCOA;A000;;RMWL;RMWL;RMWL;010;COIN;MKPF;;2026;4900008954;000000;000001;000002;00000000000000000000000000000000;;;;;;;000000;;;;;;000000;;0000;;;VBAK;;;0000006320;000010;000000;;3;;00000000000000000000000000000000;;0054083000;;US10_TGY1;YB18;;Z_SEG4;;;;;;;USD;-1735.60;USD;-1735.60;USD;-1735.60;USD;-1735.60;USD;-1735.60;;0.00;;0.00;;0.00;;0.00;;0.00;;0.00;;0.00;;0.00;0.00;0.00;0.00;0.00;0.00;0.00;0.00;0.00;0.00;0.00;0.00;;0.00;;0.00;ST;-20.000;0.000;ST;-20.000;0.000;;0.000;;0.000;;0.000;;0.000;ST;-20.000;0.000;S;010;K4;2026010;20261009;20261005;WL;000;;P;06000;81;GBB;00000;ARIA;20261005111310;20261005111310;20261005;;10;P;;;;000000000000001710;;001710;Y1;0000585000;2;YB18;;0000;;000;000;;00000;00;;0000006320;000010;MZ-TG-Y240;1710;;USCU_S01;00000000;00000000;00000000;;20261009;;0.000;S;;;;;;;00000000;0000;;0000;;20261005;;;00;;;00000000;;;000;;;;;;000100000460;;;;;000000;00000000;;;;1710;;;0.00;V;000000000000;000000000000;;;;;EOA0000000104908;;;S;S;1;0;0013600000;M;YCOA;;00000000;0000104908;PA;;;;;;;;;0000104908;EO;;;00;00000000;;00000000;;00000000;;00000000;;A000;;;;;;;;;;000000;;;000000;;;000000;;000000;;000000;;;;;;;;;;;;;00;;000000;;;;;000;;F2;1710;10;00;MZ-TG-Y240;ZYOUTH;Z1;US;;US0004;USCU_S01;USCU_S01;;;;;;;;;;;;;;;;00000000;000;0000;;;;;;;;000;;;;;;;;;;00000000;00000000;00000000;0.0000000;;;;;;;;;;;;;;00000000;;;;;;;;00000000;;;;;;;00000000;;;;00000000;;00000000;;0000;0000;;;;;;;;;;;;;
0E;1710;2026;PA000043Z1;000001;2026;0;;YCOA;A000;;RMWL;RMWL;RMWL;010;;MKPF;;2026;4900008954;000000;000001;000000;00000000000000000000000000000000;;;;;;;000000;;;;;;000000;;0000;;;VBAK;;;0000006320;000020;000000;;3;;00000000000000000000000000000000;;0013600000;;US10_TGY1;;;Z_SEG4;;;;;;;USD;340.35;USD;340.35;USD;340.35;USD;340.35;USD;340.35;;0.00;;0.00;;0.00;;0.00;;0.00;;0.00;;0.00;;0.00;0.00;0.00;0.00;0.00;0.00;0.00;0.00;0.00;0.00;0.00;0.00;;0.00;;0.00;ST;5.000;0.000;ST;5.000;0.000;ST;5.000;;0.000;;0.000;;0.000;;0.000;0.000;H;010;K4;2026010;20261009;20261005;WL;000;;P;06000;99;BSX;00000;ARIA;20261005111310;20261005111310;20261005;;19;X;;;;000000000000001710;;001710;Y1;0000131200;1;915;;0000;;000;000;;00000;00;;;000000;MZ-TG-Y200;1710;;USCU_S01;00000000;00000000;00000000;;20261009;;0.000;M;;;;;;;00000000;0000;;0000;;20261005;;;00;;;00000000;;;000;;;;;;000100000458;;;;;000000;00000000;;;;1710;;;0.00;V;000000000000;000000000000;;;;;;;;;;0;0;0054083000;S;YCOA;;00000000;;;;;;;;;;;;;;;00;00000000;;00000000;;00000000;;00000000;;;;;;;;;;;;000000;;;000000;;;000000;;000000;;000000;;;;;;;;;;;;;00;;000000;;;;;000;;;;;;;;;;;;;;;;;;;;;;;;;;;;;00000000;000;0000;;;;;;;;000;;;;;;;;;;00000000;00000000;00000000;0.0000000;;;;;;;;;;;;;;00000000;;;;;;;;00000000;;;;;;;00000000;;;;00000000;;00000000;;0000;0000;;;;;;;;;;;;;
0E;1710;2026;PA000043Z1;000002;2026;0;;YCOA;A000;;RMWL;RMWL;RMWL;010;COIN;MKPF;;2026;4900008954;000000;000001;000002;00000000000000000000000000000000;;;;;;;000000;;;;;;000000;;0000;;;VBAK;;;0000006320;000020;000000;;3;;00000000000000000000000000000000;;0054083000;;US10_TGY1;YB18;;Z_SEG4;;;;;;;USD;-340.35;USD;-340.35;USD;-340.35;USD;-340.35;USD;-340.35;;0.00;;0.00;;0.00;;0.00;;0.00;;0.00;;0.00;;0.00;0.00;0.00;0.00;0.00;0.00;0.00;0.00;0.00;0.00;0.00;0.00;;0.00;;0.00;ST;-5.000;0.000;ST;-5.000;0.000;;0.000;;0.000;;0.000;;0.000;ST;-5.000;0.000;S;010;K4;2026010;20261009;20261005;WL;000;;P;06000;81;GBB;00000;ARIA;20261005111310;20261005111310;20261005;;10;P;;;;000000000000001710;;001710;Y1;0000585000;2;YB18;;0000;;000;000;;00000;00;;0000006320;000020;MZ-TG-Y200;1710;;USCU_S01;00000000;00000000;00000000;;20261009;;0.000;S;;;;;;;00000000;0000;;0000;;20261005;;;00;;;00000000;;;000;;;;;;000100000458;;;;;000000;00000000;;;;1710;;;0.00;V;000000000000;000000000000;;;;;EOA0000000104929;;;S;S;1;0;0013600000;M;YCOA;;00000000;0000104929;PA;;;;;;;;;0000104929;EO;;;00;00000000;;00000000;;00000000;;00000000;;A000;;;;;;;;;;000000;;;000000;;;000000;;000000;;000000;;;;;;;;;;;;;00;;000000;;;;;000;;F2;1710;10;00;MZ-TG-Y200;ZYOUTH;Z1;US;;US0004;USCU_S01;USCU_S01;;;;;;;;;;;;;;;;00000000;000;0000;;;;;;;;000;;;;;;;;;;00000000;00000000;00000000;0.0000000;;;;;;;;;;;;;;00000000;;;;;;;;00000000;;;;;;;00000000;;;;00000000;;00000000;;0000;0000;;;;;;;;;;;;;
0L;1710;2026;9400000000;000001;2026;0;;YCOA;A000;;SD00;SD00;SD00;010;;VBRK;;;0090005784;000000;000000;000000;00000000000000000000000000000000;;;;;;;000000;;;;;;000000;;0000;;;;;;;000000;000000;;;;00000000000000000000000000000000;;0012100000;;US10_TGY1;;;Z_SEG4;;;;;;;USD;3800.00;USD;3800.00;USD;3800.00;USD;3800.00;USD;3800.00;;0.00;;0.00;;0.00;;0.00;;0.00;;0.00;;0.00;;0.00;0.00;0.00;0.00;0.00;0.00;0.00;0.00;0.00;0.00;0.00;0.00;;0.00;;0.00;;0.000;0.000;;0.000;0.000;;0.000;;0.000;;0.000;;0.000;;0.000;0.000;S;010;K4;2026010;20261005;20261005;RV;001;20261005;;02000;01;;00000;ARIA;20261005112749;20261005112749;20261005;;35;X;;;X;000000000000001710;;001710;Y1;0000121100;1;915;;0000;;000;000;;00000;00;;;000000;;;;USCU_S01;00000000;00000000;00000000;;20261005;;0.000;D;;;;;;X;00000000;0000;;0000;;00000000;;;00;;;00000000;;;000;;;;;;000000000000;;;;;000000;00000000;;;;;;;0.00;;000000000000;000000000000;;;;;;;;;;0;0;0041000000;S;YCOA;;00000000;;;;;;;;;;;;;;;00;00000000;;00000000;;00000000;;00000000;;;;;;;;;;;;000000;;;000000;;;000000;;000000;;000000;;;;;;;;;;;;;00;;000000;;;;;000;;F2;1710;10;00;;;;;;;;;;;;;;;;;;;;;;;;00000000;000;0000;;;;;;;;000;;;;;;;;;;00000000;00000000;00000000;0.0000000;;;;;;;;;;;;;;00000000;;;;;;;;00000000;;;;;;;00000000;;;;20261104;;00000000;;0000;0000;;;;;;;;;;;;;
0L;1710;2026;9400000000;000002;2026;0;;YCOA;A000;;SD00;SD00;SD00;010;COIN;VBRK;;;0090005784;000010;000000;001001;00000000000000000000000000000000;;;;;;;000000;;;;;;000000;;0000;;;;;;;000000;000000;;;;00000000000000000000000000000000;;0041000000;;US10_TGY1;YB10;;Z_SEG4;;;;;;;USD;-3200.00;USD;-3200.00;USD;-3200.00;USD;-3200.00;USD;-3200.00;;0.00;;0.00;;0.00;;0.00;;0.00;;0.00;;0.00;;0.00;0.00;0.00;0.00;0.00;0.00;0.00;0.00;0.00;0.00;0.00;0.00;;0.00;;0.00;ST;-20.000;0.000;ST;-20.000;0.000;;0.000;;0.000;;0.000;;0.000;ST;-20.000;0.000;H;010;K4;2026010;20261005;20261005;RV;002;20261005;;30000;50;;00000;ARIA;20261005112749;20261005112749;20261005;;05;P;;;;000000000000001710;;001710;Y1;0000411100;2;YB10;;0000;;000;000;;00000;00;;0000006320;000010;MZ-TG-Y240;1710;;USCU_S01;20261005;00000000;00000000;;20261005;;0.000;S;;;;;;;00000000;0000;;0000;;20261005;;;00;;;00000000;;;000;;;;;;000000000000;;;;;000000;00000000;;;;;;;0.00;;000000000000;000000000000;;;;;EOA0000000104936;;;S;H;2;0;USCU_S01;D;;;00000000;0000104936;PA;;;;;;;;;0000104936;EO;;;00;00000000;;00000000;;00000000;;00000000;;A000;;;;;;;;;;000000;;;000000;;;000000;;000000;;000000;;;;;;;;;;;;;00;;000000;;;;;002;;F2;1710;10;00;MZ-TG-Y240;ZYOUTH;Z1;US;;US0004;USCU_S01;USCU_S01;;;;;;;;;;;;;;;;00000000;000;0000;;;;;;;;000;;;;;;;;;;00000000;00000000;00000000;0.0000000;;;;;;;;;;;;;;00000000;;;;;;;;00000000;;;;;;;00000000;;;;00000000;;00000000;;0000;0000;;;;;;;;;;;;;
0L;1710;2026;9400000000;000003;2026;0;;YCOA;A000;;SD00;SD00;SD00;010;COIN;VBRK;;;0090005784;000020;000000;001003;00000000000000000000000000000000;;;;;;;000000;;;;;;000000;;0000;;;;;;;000000;000000;;;;00000000000000000000000000000000;;0041000000;;US10_TGY1;YB10;;Z_SEG4;;;;;;;USD;-600.00;USD;-600.00;USD;-600.00;USD;-600.00;USD;-600.00;;0.00;;0.00;;0.00;;0.00;;0.00;;0.00;;0.00;;0.00;0.00;0.00;0.00;0.00;0.00;0.00;0.00;0.00;0.00;0.00;0.00;;0.00;;0.00;ST;-5.000;0.000;ST;-5.000;0.000;;0.000;;0.000;;0.000;;0.000;ST;-5.000;0.000;H;010;K4;2026010;20261005;20261005;RV;002;20261005;;30000;50;;00000;ARIA;20261005112749;20261005112749;20261005;;05;P;;;;000000000000001710;;001710;Y1;0000411100;2;YB10;;0000;;000;000;;00000;00;;0000006320;000020;MZ-TG-Y200;1710;;USCU_S01;20261005;00000000;00000000;;20261005;;0.000;S;;;;;;;00000000;0000;;0000;;20261005;;;00;;;00000000;;;000;;;;;;000000000000;;;;;000000;00000000;;;;;;;0.00;;000000000000;000000000000;;;;;EOA0000000104937;;;S;H;2;0;USCU_S01;D;;;00000000;0000104937;PA;;;;;;;;;0000104937;EO;;;00;00000000;;00000000;;00000000;;00000000;;A000;;;;;;;;;;000000;;;000000;;;000000;;000000;;000000;;;;;;;;;;;;;00;;000000;;;;;004;;F2;1710;10;00;MZ-TG-Y200;ZYOUTH;Z1;US;;US0004;USCU_S01;USCU_S01;;;;;;;;;;;;;;;;00000000;000;0000;;;;;;;;000;;;;;;;;;;00000000;00000000;00000000;0.0000000;;;;;;;;;;;;;;00000000;;;;;;;;00000000;;;;;;;00000000;;;;00000000;;00000000;;0000;0000;;;;;;;;;;;;;
2L;1710;2026;9400000000;000001;2026;0;;YCOA;A000;;SD00;SD00;SD00;010;;VBRK;;;0090005784;000000;000000;000000;00000000000000000000000000000000;;;;;;;000000;;;;;;000000;;0000;;;;;;;000000;000000;;;;00000000000000000000000000000000;;0012100000;;US10_TGY1;;;Z_SEG4;;;;;;;USD;3800.00;USD;3800.00;USD;3800.00;USD;3800.00;USD;3800.00;;0.00;;0.00;;0.00;;0.00;;0.00;;0.00;;0.00;;0.00;0.00;0.00;0.00;0.00;0.00;0.00;0.00;0.00;0.00;0.00;0.00;;0.00;;0.00;;0.000;0.000;;0.000;0.000;;0.000;;0.000;;0.000;;0.000;;0.000;0.000;S;010;K4;2026010;20261005;20261005;RV;001;20261005;;02000;01;;00000;ARIA;20261005112749;20261005112749;20261005;;35;X;;;X;;;;;;;;;0000;;000;000;;00000;00;;;000000;;;;USCU_S01;00000000;00000000;00000000;;20261005;;0.000;D;;;;;;X;00000000;0000;;0000;;00000000;;;00;;;00000000;;;000;;;;;;000000000000;;;;;000000;00000000;;;;;;;0.00;;000000000000;000000000000;;;;;;;;;;0;0;0041000000;S;YCOA;;00000000;;;;;;;;;;;;;;;00;00000000;;00000000;;00000000;;00000000;;;;;;;;;;;;000000;;;000000;;;000000;;000000;;000000;;;;;;;;;;;;;00;;000000;;;;;000;;F2;1710;10;00;;;;;;;;;;;;;;;;;;;;;;;;00000000;000;0000;;;;;;;;000;;;;;;;;;;00000000;00000000;00000000;0.0000000;;;;;;;;;;;;;;00000000;;;;;;;;00000000;;;;;;;00000000;;;;20261104;;00000000;;0000;0000;;;;;;;;;;;;;
2L;1710;2026;9400000000;000002;2026;0;;YCOA;A000;;SD00;SD00;SD00;010;COIN;VBRK;;;0090005784;000010;000000;001001;00000000000000000000000000000000;;;;;;;000000;;;;;;000000;;0000;;;;;;;000000;000000;;;;00000000000000000000000000000000;;0041000000;;US10_TGY1;YB10;;Z_SEG4;;;;;;;USD;-3200.00;USD;-3200.00;USD;-3200.00;USD;-3200.00;USD;-3200.00;;0.00;;0.00;;0.00;;0.00;;0.00;;0.00;;0.00;;0.00;0.00;0.00;0.00;0.00;0.00;0.00;0.00;0.00;0.00;0.00;0.00;;0.00;;0.00;ST;-20.000;0.000;ST;-20.000;0.000;;0.000;;0.000;;0.000;;0.000;ST;-20.000;0.000;H;010;K4;2026010;20261005;20261005;RV;002;20261005;;30000;50;;00000;ARIA;20261005112749;20261005112749;20261005;;05;P;;;;;;;;;;;;0000;;000;000;;00000;00;;0000006320;000010;MZ-TG-Y240;1710;;USCU_S01;20261005;00000000;00000000;;20261005;;0.000;S;;;;;;;00000000;0000;;0000;;20261005;;;00;;;00000000;;;000;;;;;;000000000000;;;;;000000;00000000;;;;;;;0.00;;000000000000;000000000000;;;;;EOA0000000104936;;;S;H;2;0;USCU_S01;D;;;00000000;0000104936;PA;;;;;;;;;0000104936;EO;;;00;00000000;;00000000;;00000000;;00000000;;A000;;;;;;;;;;000000;;;000000;;;000000;;000000;;000000;;;;;;;;;;;;;00;;000000;;;;;000;;F2;1710;10;00;MZ-TG-Y240;ZYOUTH;Z1;US;;US0004;USCU_S01;USCU_S01;;;;;;;;;;;;;;;;00000000;000;0000;;;;;;;;000;;;;;;;;;;00000000;00000000;00000000;0.0000000;;;;;;;;;;;;;;00000000;;;;;;;;00000000;;;;;;;00000000;;;;00000000;;00000000;;0000;0000;;;;;;;;;;;;;
2L;1710;2026;9400000000;000003;2026;0;;YCOA;A000;;SD00;SD00;SD00;010;COIN;VBRK;;;0090005784;000020;000000;001003;00000000000000000000000000000000;;;;;;;000000;;;;;;000000;;0000;;;;;;;000000;000000;;;;00000000000000000000000000000000;;0041000000;;US10_TGY1;YB10;;Z_SEG4;;;;;;;USD;-600.00;USD;-600.00;USD;-600.00;USD;-600.00;USD;-600.00;;0.00;;0.00;;0.00;;0.00;;0.00;;0.00;;0.00;;0.00;0.00;0.00;0.00;0.00;0.00;0.00;0.00;0.00;0.00;0.00;0.00;;0.00;;0.00;ST;-5.000;0.000;ST;-5.000;0.000;;0.000;;0.000;;0.000;;0.000;ST;-5.000;0.000;H;010;K4;2026010;20261005;20261005;RV;002;20261005;;30000;50;;00000;ARIA;20261005112749;20261005112749;20261005;;05;P;;;;;;;;;;;;0000;;000;000;;00000;00;;0000006320;000020;MZ-TG-Y200;1710;;USCU_S01;20261005;00000000;00000000;;20261005;;0.000;S;;;;;;;00000000;0000;;0000;;20261005;;;00;;;00000000;;;000;;;;;;000000000000;;;;;000000;00000000;;;;;;;0.00;;000000000000;000000000000;;;;;EOA0000000104937;;;S;H;2;0;USCU_S01;D;;;00000000;0000104937;PA;;;;;;;;;0000104937;EO;;;00;00000000;;00000000;;00000000;;00000000;;A000;;;;;;;;;;000000;;;000000;;;000000;;000000;;000000;;;;;;;;;;;;;00;;000000;;;;;000;;F2;1710;10;00;MZ-TG-Y200;ZYOUTH;Z1;US;;US0004;USCU_S01;USCU_S01;;;;;;;;;;;;;;;;00000000;000;0000;;;;;;;;000;;;;;;;;;;00000000;00000000;00000000;0.0000000;;;;;;;;;;;;;;00000000;;;;;;;;00000000;;;;;;;00000000;;;;00000000;;00000000;;0000;0000;;;;;;;;;;;;;
0E;1710;2026;PA00004400;000001;2026;0;;YCOA;A000;;SD00;SD00;SD00;010;;VBRK;;;0090005784;000000;000000;000000;00000000000000000000000000000000;;;;;;;000000;;;;;;000000;;0000;;;VBAK;;;0000006320;000010;000000;;3;;00000000000000000000000000000000;;0012100000;;US10_TGY1;;;Z_SEG4;;;;;;;USD;-3200.00;USD;-3200.00;USD;-3200.00;USD;-3200.00;USD;-3200.00;;0.00;;0.00;;0.00;;0.00;;0.00;;0.00;;0.00;;0.00;0.00;0.00;0.00;0.00;0.00;0.00;0.00;0.00;0.00;0.00;0.00;;0.00;;0.00;;0.000;0.000;;0.000;0.000;;0.000;;0.000;;0.000;;0.000;;0.000;0.000;S;010;K4;2026010;20261009;20261005;RV;000;;P;02000;01;;00000;ARIA;20261005112749;20261005112749;20261005;;35;X;;;X;000000000000001710;;001710;Y1;0000121100;1;915;;0000;;000;000;;00000;00;;;000000;;;;USCU_S01;00000000;00000000;00000000;;20261009;;0.000;D;;;;;;X;00000000;0000;;0000;;00000000;;;00;;;00000000;;;000;;;;;;000000000000;;;;;000000;00000000;;;;;;;0.00;;000000000000;000000000000;;;;;;;;;;0;0;0041000000;S;YCOA;;00000000;;;;;;;;;;;;;;;00;00000000;;00000000;;00000000;;00000000;;;;;;;;;;;;000000;;;000000;;;000000;;000000;;000000;;;;;;;;;;;;;00;;000000;;;;;000;;F2;1710;10;00;;;;;;;;;;;;;;;;;;;;;;;;00000000;000;0000;;;;;;;;000;;;;;;;;;;00000000;00000000;00000000;0.0000000;;;;;;;;;;;;;;00000000;;;;;;;;00000000;;;;;;;00000000;;;;20261108;;00000000;;0000;0000;;;;;;;;;;;;;
0E;1710;2026;PA00004400;000002;2026;0;;YCOA;A000;;SD00;SD00;SD00;010;COIN;VBRK;;;0090005784;000000;000000;001001;00000000000000000000000000000000;;;;;;;000000;;;;;;000000;;0000;;;VBAK;;;0000006320;000010;000000;;3;;00000000000000000000000000000000;;0041000000;;US10_TGY1;YB10;;Z_SEG4;;;;;;;USD;3200.00;USD;3200.00;USD;3200.00;USD;3200.00;USD;3200.00;;0.00;;0.00;;0.00;;0.00;;0.00;;0.00;;0.00;;0.00;0.00;0.00;0.00;0.00;0.00;0.00;0.00;0.00;0.00;0.00;0.00;;0.00;;0.00;ST;20.000;0.000;ST;20.000;0.000;;0.000;;0.000;;0.000;;0.000;ST;20.000;0.000;H;010;K4;2026010;20261009;20261005;RV;000;;P;30000;50;;00000;ARIA;20261005112749;20261005112749;20261005;;05;P;;;;000000000000001710;;001710;Y1;0000411100;2;YB10;;0000;;000;000;;00000;00;;0000006320;000010;MZ-TG-Y240;1710;;USCU_S01;20261009;00000000;00000000;;20261009;;0.000;S;;;;;;;00000000;0000;;0000;;20261005;;;00;;;00000000;;;000;;;;;;000000000000;;;;;000000;00000000;;;;;;;0.00;;000000000000;000000000000;;;;;EOA0000000104909;;;S;H;2;0;USCU_S01;D;;;00000000;0000104909;PA;;;;;;;;;0000104909;EO;;;00;00000000;;00000000;;00000000;;00000000;;A000;;;;;;;;;;000000;;;000000;;;000000;;000000;;000000;;;;;;;;;;;;;00;;000000;;;;;000;;F2;1710;10;00;MZ-TG-Y240;ZYOUTH;Z1;US;;US0004;USCU_S01;USCU_S01;;;;;;;;;;;;;;;;00000000;000;0000;;;;;;;;000;;;;;;;;;;00000000;00000000;00000000;0.0000000;;;;;;;;;;;;;;00000000;;;;;;;;00000000;;;;;;;00000000;;;;00000000;;00000000;;0000;0000;;;;;;;;;;;;;
2L;1710;2026;9400000001;000002;2026;0;;YCOA;A000;;SD00;SD00;SD00;010;COIN;VBRK;;;0090005785;000010;000000;001001;00000000000000000000000000000000;;;;;;;000000;;;;;;000000;;0000;;;;;;;000000;000000;;;;00000000000000000000000000000000;;0041000000;;US10_TGY1;YB10;;Z_SEG4;;;;;;;USD;-2400.00;USD;-2400.00;USD;-2400.00;USD;-2400.00;USD;-2400.00;;0.00;;0.00;;0.00;;0.00;;0.00;;0.00;;0.00;;0.00;0.00;0.00;0.00;0.00;0.00;0.00;0.00;0.00;0.00;0.00;0.00;;0.00;;0.00;ST;-15.000;0.000;ST;-15.000;0.000;;0.000;;0.000;;0.000;;0.000;ST;-15.000;0.000;H;010;K4;2026010;20261005;20261005;RV;002;20261005;;30000;50;;00000;ARIA;20261005135525;20261005135525;20261005;;05;P;;;;;;;;;;;;0000;;000;000;;00000;00;;0000006321;000010;MZ-TG-Y240;1710;;0001000569;20261005;00000000;00000000;;20261005;;0.000;S;;;;;;;00000000;0000;;0000;;20261005;;;00;;;00000000;;;000;;;;;;000000000000;;;;;000000;00000000;;;;;;;0.00;;000000000000;000000000000;;;;;EOA0000000104951;;;S;H;2;0;0001000569;D;;;00000000;0000104951;PA;;;;;;;;;0000104951;EO;;;00;00000000;;00000000;;00000000;;00000000;;A000;;;;;;;;;;000000;;;000000;;;000000;;000000;;000000;;;;;;;;;;;;;00;;000000;;;;;000;;F2;1710;10;00;MZ-TG-Y240;ZYOUTH;;DE;;;0001000569;0001000569;;;;;;;;;;;;;;;;00000000;000;0000;;;;;;;;000;;;;;;;;;;00000000;00000000;00000000;0.0000000;;;;;;;;;;;;;;00000000;;;;;;;;00000000;;;;;;;00000000;;;;00000000;;00000000;;0000;0000;;;;;;;;;;;;;
2L;1710;2026;9400000001;000003;2026;0;;YCOA;A000;;SD00;SD00;SD00;010;COIN;VBRK;;;0090005785;000020;000000;001003;00000000000000000000000000000000;;;;;;;000000;;;;;;000000;;0000;;;;;;;000000;000000;;;;00000000000000000000000000000000;;0041000000;;US10_TGY1;YB10;;Z_SEG4;;;;;;;USD;-840.00;USD;-840.00;USD;-840.00;USD;-840.00;USD;-840.00;;0.00;;0.00;;0.00;;0.00;;0.00;;0.00;;0.00;;0.00;0.00;0.00;0.00;0.00;0.00;0.00;0.00;0.00;0.00;0.00;0.00;;0.00;;0.00;ST;-7.000;0.000;ST;-7.000;0.000;;0.000;;0.000;;0.000;;0.000;ST;-7.000;0.000;H;010;K4;2026010;20261005;20261005;RV;002;20261005;;30000;50;;00000;ARIA;20261005135525;20261005135525;20261005;;05;P;;;;;;;;;;;;0000;;000;000;;00000;00;;0000006321;000020;MZ-TG-Y200;1710;;0001000569;20261005;00000000;00000000;;20261005;;0.000;S;;;;;;;00000000;0000;;0000;;20261005;;;00;;;00000000;;;000;;;;;;000000000000;;;;;000000;00000000;;;;;;;0.00;;000000000000;000000000000;;;;;EOA0000000104952;;;S;H;2;0;0001000569;D;;;00000000;0000104952;PA;;;;;;;;;0000104952;EO;;;00;00000000;;00000000;;00000000;;00000000;;A000;;;;;;;;;;000000;;;000000;;;000000;;000000;;000000;;;;;;;;;;;;;00;;000000;;;;;000;;F2;1710;10;00;MZ-TG-Y200;ZYOUTH;;DE;;;0001000569;0001000569;;;;;;;;;;;;;;;;00000000;000;0000;;;;;;;;000;;;;;;;;;;00000000;00000000;00000000;0.0000000;;;;;;;;;;;;;;00000000;;;;;;;;00000000;;;;;;;00000000;;;;00000000;;00000000;;0000;0000;;;;;;;;;;;;;
0E;1710;2026;PA00004430;000001;2026;0;;YCOA;A000;;RMWL;RMWL;RMWL;010;;MKPF;;;;000000;000001;000000;00000000000000000000000000000000;;;;;;;000000;;;;;;000000;;0000;;;VBAK;;;0000006321;000010;000000;;;;00000000000000000000000000000000;;0013600000;;US10_TGY1;;;Z_SEG4;;;;;;;USD;-6595.28;USD;-6595.28;USD;-6595.28;USD;-6595.28;USD;-6595.28;;0.00;;0.00;;0.00;;0.00;;0.00;;0.00;;0.00;;0.00;0.00;0.00;0.00;0.00;0.00;0.00;0.00;0.00;0.00;0.00;0.00;;0.00;;0.00;ST;-76.000;0.000;ST;-76.000;0.000;ST;-76.000;;0.000;;0.000;;0.000;;0.000;0.000;H;010;K4;2026010;20261009;20261005;WL;000;;P;06000;99;BSX;00000;SAP_SYSTEM;20261005140630;20261005140630;20261005;;19;X;;;;000000000000001710;;001710;Y1;0000131200;1;915;;0000;;000;000;;00000;00;;;000000;MZ-TG-Y240;1710;;0001000569;00000000;00000000;00000000;;20261009;;0.000;M;;;;;;;00000000;0000;;0000;;20261005;;;00;;;00000000;;;000;;;;;;000100000460;;;;;000000;00000000;;;;1710;;;0.00;V;000000000000;000000000000;;;;;;;;;;0;0;0054083000;S;YCOA;;00000000;;;;;;;;;;;;;;;00;00000000;;00000000;;00000000;;00000000;;;;;;;;;;;;000000;;;000000;;;000000;;000000;;000000;;;;;;;;;;;;;00;;000000;;;;;000;;;;;;;;;;;;;;;;;;;;;;;;;;;;;00000000;000;0000;;;;;;;;000;;;;;;;;;;00000000;00000000;00000000;0.0000000;;;;;;;;;;;;;;00000000;;;;;;;;00000000;;;;;;;00000000;;;;00000000;;00000000;;0000;0000;;;;;;;;;;;;;
0E;1710;2026;PA00004430;000002;2026;0;;YCOA;A000;;RMWL;RMWL;RMWL;010;COIN;MKPF;;;;000000;000001;000002;00000000000000000000000000000000;;;;;;;000000;;;;;;000000;;0000;;;VBAK;;;0000006321;000010;000000;;;;00000000000000000000000000000000;;0054083000;;US10_TGY1;YB18;;Z_SEG4;;;;;;;USD;6595.28;USD;6595.28;USD;6595.28;USD;6595.28;USD;6595.28;;0.00;;0.00;;0.00;;0.00;;0.00;;0.00;;0.00;;0.00;0.00;0.00;0.00;0.00;0.00;0.00;0.00;0.00;0.00;0.00;0.00;;0.00;;0.00;ST;76.000;0.000;ST;76.000;0.000;;0.000;;0.000;;0.000;;0.000;ST;76.000;0.000;S;010;K4;2026010;20261009;20261005;WL;000;;P;06000;81;GBB;00000;SAP_SYSTEM;20261005140630;20261005140630;20261005;;10;P;;;;000000000000001710;;001710;Y1;0000585000;2;YB18;;0000;;000;000;;00000;00;;0000006321;000010;MZ-TG-Y240;1710;;0001000569;00000000;00000000;00000000;;20261009;;0.000;S;;;;;;;00000000;0000;;0000;;20261005;;;00;;;00000000;;;000;;;;;;000100000460;;;;;000000;00000000;;;;1710;;;0.00;V;000000000000;000000000000;;;;;EOA0000000104953;;;S;S;1;0;0013600000;M;YCOA;;00000000;0000104953;PA;;;;;;;;;0000104953;EO;;;00;00000000;;00000000;;00000000;;00000000;;A000;;;;;;;;;;000000;;;000000;;;000000;;000000;;000000;;;;;;;;;;;;;00;;000000;;;;;000;;F2;1710;10;00;MZ-TG-Y240;ZYOUTH;;DE;;;0001000569;0001000569;;;;;;;;;;;;;;;;00000000;000;0000;;;;;;;;000;;;;;;;;;;00000000;00000000;00000000;0.0000000;;;;;;;;;;;;;;00000000;;;;;;;;00000000;;;;;;;00000000;;;;00000000;;00000000;;0000;0000;;;;;;;;;;;;;
0E;1710;2026;PA00004431;000001;2026;0;;YCOA;A000;;RMWL;RMWL;RMWL;010;;MKPF;;;;000000;000001;000000;00000000000000000000000000000000;;;;;;;000000;;;;;;000000;;0000;;;VBAK;;;0000006321;000020;000000;;;;00000000000000000000000000000000;;0013600000;;US10_TGY1;;;Z_SEG4;;;;;;;USD;-1497.54;USD;-1497.54;USD;-1497.54;USD;-1497.54;USD;-1497.54;;0.00;;0.00;;0.00;;0.00;;0.00;;0.00;;0.00;;0.00;0.00;0.00;0.00;0.00;0.00;0.00;0.00;0.00;0.00;0.00;0.00;;0.00;;0.00;ST;-22.000;0.000;ST;-22.000;0.000;ST;-22.000;;0.000;;0.000;;0.000;;0.000;0.000;H;010;K4;2026010;20261009;20261005;WL;000;;P;06000;99;BSX;00000;SAP_SYSTEM;20261005140630;20261005140630;20261005;;19;X;;;;000000000000001710;;001710;Y1;0000131200;1;915;;0000;;000;000;;00000;00;;;000000;MZ-TG-Y200;1710;;0001000569;00000000;00000000;00000000;;20261009;;0.000;M;;;;;;;00000000;0000;;0000;;20261005;;;00;;;00000000;;;000;;;;;;000100000458;;;;;000000;00000000;;;;1710;;;0.00;V;000000000000;000000000000;;;;;;;;;;0;0;0054083000;S;YCOA;;00000000;;;;;;;;;;;;;;;00;00000000;;00000000;;00000000;;00000000;;;;;;;;;;;;000000;;;000000;;;000000;;000000;;000000;;;;;;;;;;;;;00;;000000;;;;;000;;;;;;;;;;;;;;;;;;;;;;;;;;;;;00000000;000;0000;;;;;;;;000;;;;;;;;;;00000000;00000000;00000000;0.0000000;;;;;;;;;;;;;;00000000;;;;;;;;00000000;;;;;;;00000000;;;;00000000;;00000000;;0000;0000;;;;;;;;;;;;;
0E;1710;2026;PA00004431;000002;2026;0;;YCOA;A000;;RMWL;RMWL;RMWL;010;COIN;MKPF;;;;000000;000001;000002;00000000000000000000000000000000;;;;;;;000000;;;;;;000000;;0000;;;VBAK;;;0000006321;000020;000000;;;;00000000000000000000000000000000;;0054083000;;US10_TGY1;YB18;;Z_SEG4;;;;;;;USD;1497.54;USD;1497.54;USD;1497.54;USD;1497.54;USD;1497.54;;0.00;;0.00;;0.00;;0.00;;0.00;;0.00;;0.00;;0.00;0.00;0.00;0.00;0.00;0.00;0.00;0.00;0.00;0.00;0.00;0.00;;0.00;;0.00;ST;22.000;0.000;ST;22.000;0.000;;0.000;;0.000;;0.000;;0.000;ST;22.000;0.000;S;010;K4;2026010;20261009;20261005;WL;000;;P;06000;81;GBB;00000;SAP_SYSTEM;20261005140630;20261005140630;20261005;;10;P;;;;000000000000001710;;001710;Y1;0000585000;2;YB18;;0000;;000;000;;00000;00;;0000006321;000020;MZ-TG-Y200;1710;;0001000569;00000000;00000000;00000000;;20261009;;0.000;S;;;;;;;00000000;0000;;0000;;20261005;;;00;;;00000000;;;000;;;;;;000100000458;;;;;000000;00000000;;;;1710;;;0.00;V;000000000000;000000000000;;;;;EOA0000000104954;;;S;S;1;0;0013600000;M;YCOA;;00000000;0000104954;PA;;;;;;;;;0000104954;EO;;;00;00000000;;00000000;;00000000;;00000000;;A000;;;;;;;;;;000000;;;000000;;;000000;;000000;;000000;;;;;;;;;;;;;00;;000000;;;;;000;;F2;1710;10;00;MZ-TG-Y200;ZYOUTH;;DE;;;0001000569;0001000569;;;;;;;;;;;;;;;;00000000;000;0000;;;;;;;;000;;;;;;;;;;00000000;00000000;00000000;0.0000000;;;;;;;;;;;;;;00000000;;;;;;;;00000000;;;;;;;00000000;;;;00000000;;00000000;;0000;0000;;;;;;;;;;;;;
0E;1710;2026;PA00004432;000001;2026;0;;YCOA;A000;;SD00;SD00;SD00;010;;VBRK;;;;000000;000000;000000;00000000000000000000000000000000;;;;;;;000000;;;;;;000000;;0000;;;VBAK;;;0000006321;000010;000000;;;;00000000000000000000000000000000;;0012120000;;US10_TGY1;;;Z_SEG4;;;;;;;USD;12160.00;USD;12160.00;USD;12160.00;USD;12160.00;USD;12160.00;;0.00;;0.00;;0.00;;0.00;;0.00;;0.00;;0.00;;0.00;0.00;0.00;0.00;0.00;0.00;0.00;0.00;0.00;0.00;0.00;0.00;;0.00;;0.00;;0.000;0.000;;0.000;0.000;;0.000;;0.000;;0.000;;0.000;;0.000;0.000;S;010;K4;2026010;20261009;20261005;RV;000;;P;02000;01;;00000;SAP_SYSTEM;20261005140630;20261005140630;20261005;;35;X;;;X;000000000000001710;;001710;Y1;0000121100;1;915;;0000;;000;000;;00000;00;;;000000;;;;0001000569;00000000;00000000;00000000;;20261009;;0.000;D;;;;;;X;00000000;0000;;0000;;00000000;;;00;;;00000000;;;000;;;;;;000000000000;;;;;000000;00000000;;;;;;;0.00;;000000000000;000000000000;;;;;;;;;;0;0;0041000000;S;YCOA;;00000000;;;;;;;;;;;;;;;00;00000000;;00000000;;00000000;;00000000;;;;;;;;;;;;000000;;;000000;;;000000;;000000;;000000;;;;;;;;;;;;;00;;000000;;;;;000;;F2;1710;10;00;;;;;;;;;;;;;;;;;;;;;;;;00000000;000;0000;;;;;;;;000;;;;;;;;;;00000000;00000000;00000000;0.0000000;;;;;;;;;;;;;;00000000;;;;;;;;00000000;;;;;;;00000000;;;;20261009;;00000000;;0000;0000;;;;;;;;;;;;;
0E;1710;2026;PA00004432;000002;2026;0;;YCOA;A000;;SD00;SD00;SD00;010;COIN;VBRK;;;;000000;000000;001001;00000000000000000000000000000000;;;;;;;000000;;;;;;000000;;0000;;;VBAK;;;0000006321;000010;000000;;;;00000000000000000000000000000000;;0041000000;;US10_TGY1;YB10;;Z_SEG4;;;;;;;USD;-12160.00;USD;-12160.00;USD;-12160.00;USD;-12160.00;USD;-12160.00;;0.00;;0.00;;0.00;;0.00;;0.00;;0.00;;0.00;;0.00;0.00;0.00;0.00;0.00;0.00;0.00;0.00;0.00;0.00;0.00;0.00;;0.00;;0.00;ST;-76.000;0.000;ST;-76.000;0.000;;0.000;;0.000;;0.000;;0.000;ST;-76.000;0.000;H;010;K4;2026010;20261009;20261005;RV;000;;P;30000;50;;00000;SAP_SYSTEM;20261005140630;20261005140630;20261005;;05;P;;;;000000000000001710;;001710;Y1;0000411100;2;YB10;;0000;;000;000;;00000;00;;0000006321;000010;MZ-TG-Y240;1710;;0001000569;20261009;00000000;00000000;;20261009;;0.000;S;;;;;;;00000000;0000;;0000;;20261005;;;00;;;00000000;;;000;;;;;;000000000000;;;;;000000;00000000;;;;;;;0.00;;000000000000;000000000000;;;;;EOA0000000104955;;;S;H;2;0;0001000569;D;;;00000000;0000104955;PA;;;;;;;;;0000104955;EO;;;00;00000000;;00000000;;00000000;;00000000;;A000;;;;;;;;;;000000;;;000000;;;000000;;000000;;000000;;;;;;;;;;;;;00;;000000;;;;;000;;F2;1710;10;00;MZ-TG-Y240;ZYOUTH;;DE;;;0001000569;0001000569;;;;;;;;;;;;;;;;00000000;000;0000;;;;;;;;000;;;;;;;;;;00000000;00000000;00000000;0.0000000;;;;;;;;;;;;;;00000000;;;;;;;;00000000;;;;;;;00000000;;;;00000000;;00000000;;0000;0000;;;;;;;;;;;;;
0L;1710;2026;4900000001;000001;2026;0;;YCOA;A000;;RMWA;RMWA;RMWA;010;;MKPF;;2026;4900008952;000001;000001;000000;00000000000000000000000000000000;;;;;;;000000;;;;;;000000;;0000;;;;;;;000000;000000;;;;00000000000000000000000000000000;;0013600000;;YB700;;;1000_C;;YB700;;;;1000_C;USD;41.34;USD;41.34;USD;41.34;USD;41.34;USD;41.34;;0.00;;0.00;;0.00;;0.00;;0.00;;0.00;;0.00;;0.00;0.00;0.00;0.00;0.00;0.00;0.00;0.00;0.00;0.00;0.00;0.00;;0.00;;0.00;ST;3.000;0.000;ST;3.000;0.000;ST;3.000;;0.000;;0.000;;0.000;;0.000;0.000;S;010;K4;2026010;20261005;20261005;WA;001;;;06000;89;BSX;00000;ARIA;20261005104805;20261005104805;20261005;;19;X;;;;000000000000001710;;001710;Y1;0000131200;1;915;;0000;;000;000;;00000;00;;;000000;TG11;1710;;;00000000;00000000;00000000;;20261005;;0.000;M;;;;;;;00000000;0000;;0000;;20261005;;;00;;;00000000;;;000;;;;;;000100021300;M;;E;0000006319;000020;00000000;;;;1710;VUBS;VN;0.00;V;000000000000;000100021303;;;;;;;;;;0;0;0013600000;M;YCOA;;00000000;;;;;;;;;;;;;;;00;00000000;;00000000;;00000000;;00000000;;;;;;;;;;;;000000;;;000000;;;000000;;000000;;000000;;;;;;;;;;;;;00;;000000;;;;;000;;;;;00;;;;;;;;;;;;;;;;;;;;;;;;00000000;000;0000;;;;;;;;000;;;;;;;;;;00000000;00000000;00000000;0.0000000;;;;;;;;;;;;;;00000000;;;;;;;;00000000;;;;;;;00000000;;;;00000000;;00000000;;0000;0000;;;;;;;;;;;;;
0L;1710;2026;4900000001;000002;2026;0;;YCOA;A000;;RMWA;RMWA;RMWA;010;;MKPF;;2026;4900008952;000002;000001;000000;00000000000000000000000000000000;;;;;;;000000;;;;;;000000;;0000;;;;;;;000000;000000;;;;00000000000000000000000000000000;;0013600000;;YB700;;;1000_C;;YB700;;;;1000_C;USD;-41.34;USD;-41.34;USD;-41.34;USD;-41.34;USD;-41.34;;0.00;;0.00;;0.00;;0.00;;0.00;;0.00;;0.00;;0.00;0.00;0.00;0.00;0.00;0.00;0.00;0.00;0.00;0.00;0.00;0.00;;0.00;;0.00;ST;-3.000;0.000;ST;-3.000;0.000;ST;-3.000;;0.000;;0.000;;0.000;;0.000;0.000;H;010;K4;2026010;20261005;20261005;WA;002;;;06000;99;BSX;00000;ARIA;20261005104805;20261005104805;20261005;;19;X;;;;000000000000001710;;001710;Y1;0000131200;1;915;;0000;;000;000;;00000;00;;;000000;TG11;1710;;;00000000;00000000;00000000;;20261005;;0.000;M;;;;;;;00000000;0000;;0000;;20261005;;;00;;;00000000;;;000;;;;;;000100000002;;;;;000000;00000000;;;;1710;BUBS;ZU;0.00;V;000100021302;000100021303;;;;;;;;;;0;0;0013600000;M;YCOA;;00000000;;;;;;;;;;;;;;;00;00000000;;00000000;;00000000;;00000000;;;;;;;;;;;;000000;;;000000;;;000000;;000000;;000000;;;;;;;;;;;;;00;;000000;;;;;000;;;;;;;;;;;;;;;;;;;;;;;;;;;;;00000000;000;0000;;;;;;;;000;;;;;;;;;;00000000;00000000;00000000;0.0000000;;;;;;;;;;;;;;00000000;;;;;;;;00000000;;;;;;;00000000;;;;00000000;;00000000;;0000;0000;;;;;;;;;;;;;
2L;1710;2026;4900000001;000001;2026;0;;YCOA;A000;;RMWA;RMWA;RMWA;010;;MKPF;;2026;4900008952;000001;000001;000000;00000000000000000000000000000000;;;;;;;000000;;;;;;000000;;0000;;;;;;;000000;000000;;;;00000000000000000000000000000000;;0013600000;;YB700;;;1000_C;;YB700;;;;1000_C;USD;41.34;USD;41.34;USD;41.34;USD;41.34;USD;41.34;;0.00;;0.00;;0.00;;0.00;;0.00;;0.00;;0.00;;0.00;0.00;0.00;0.00;0.00;0.00;0.00;0.00;0.00;0.00;0.00;0.00;;0.00;;0.00;ST;3.000;0.000;ST;3.000;0.000;ST;3.000;;0.000;;0.000;;0.000;;0.000;0.000;S;010;K4;2026010;20261005;20261005;WA;001;;;06000;89;BSX;00000;ARIA;20261005104805;20261005104805;20261005;;19;X;;;;;;;;;;;;0000;;000;000;;00000;00;;;000000;TG11;1710;;;00000000;00000000;00000000;;20261005;;0.000;M;;;;;;;00000000;0000;;0000;;20261005;;;00;;;00000000;;;000;;;;;;000100021300;M;;E;0000006319;000020;00000000;;;;1710;VUBS;VN;0.00;V;000000000000;000100021303;;;;;;;;;;0;0;0013600000;M;YCOA;;00000000;;;;;;;;;;;;;;;00;00000000;;00000000;;00000000;;00000000;;;;;;;;;;;;000000;;;000000;;;000000;;000000;;000000;;;;;;;;;;;;;00;;000000;;;;;000;;;;;00;;;;;;;;;;;;;;;;;;;;;;;;00000000;000;0000;;;;;;;;000;;;;;;;;;;00000000;00000000;00000000;0.0000000;;;;;;;;;;;;;;00000000;;;;;;;;00000000;;;;;;;00000000;;;;00000000;;00000000;;0000;0000;;;;;;;;;;;;;
2L;1710;2026;4900000001;000002;2026;0;;YCOA;A000;;RMWA;RMWA;RMWA;010;;MKPF;;2026;4900008952;000002;000001;000000;00000000000000000000000000000000;;;;;;;000000;;;;;;000000;;0000;;;;;;;000000;000000;;;;00000000000000000000000000000000;;0013600000;;YB700;;;1000_C;;YB700;;;;1000_C;USD;-41.34;USD;-41.34;USD;-41.34;USD;-41.34;USD;-41.34;;0.00;;0.00;;0.00;;0.00;;0.00;;0.00;;0.00;;0.00;0.00;0.00;0.00;0.00;0.00;0.00;0.00;0.00;0.00;0.00;0.00;;0.00;;0.00;ST;-3.000;0.000;ST;-3.000;0.000;ST;-3.000;;0.000;;0.000;;0.000;;0.000;0.000;H;010;K4;2026010;20261005;20261005;WA;002;;;06000;99;BSX;00000;ARIA;20261005104805;20261005104805;20261005;;19;X;;;;;;;;;;;;0000;;000;000;;00000;00;;;000000;TG11;1710;;;00000000;00000000;00000000;;20261005;;0.000;M;;;;;;;00000000;0000;;0000;;20261005;;;00;;;00000000;;;000;;;;;;000100000002;;;;;000000;00000000;;;;1710;BUBS;ZU;0.00;V;000100021302;000100021303;;;;;;;;;;0;0;0013600000;M;YCOA;;00000000;;;;;;;;;;;;;;;00;00000000;;00000000;;00000000;;00000000;;;;;;;;;;;;000000;;;000000;;;000000;;000000;;000000;;;;;;;;;;;;;00;;000000;;;;;000;;;;;;;;;;;;;;;;;;;;;;;;;;;;;00000000;000;0000;;;;;;;;000;;;;;;;;;;00000000;00000000;00000000;0.0000000;;;;;;;;;;;;;;00000000;;;;;;;;00000000;;;;;;;00000000;;;;00000000;;00000000;;0000;0000;;;;;;;;;;;;;
0L;1710;2026;4900000002;000001;2026;0;;YCOA;A000;;RMWL;RMWL;RMWL;010;;MKPF;;2026;4900008953;000001;000001;000000;00000000000000000000000000000000;;;;;;;000000;;;;;;000000;;0000;;;;;;;000000;000000;;;;00000000000000000000000000000000;;0013600000;;YB700;;;1000_C;;YB700;;;;1000_C;USD;-41.34;USD;-41.34;USD;-41.34;USD;-41.34;USD;-41.34;;0.00;;0.00;;0.00;;0.00;;0.00;;0.00;;0.00;;0.00;0.00;0.00;0.00;0.00;0.00;0.00;0.00;0.00;0.00;0.00;0.00;;0.00;;0.00;ST;-3.000;0.000;ST;-3.000;0.000;ST;-3.000;;0.000;;0.000;;0.000;;0.000;0.000;H;010;K4;2026010;20261005;20261005;WL;001;;;06000;99;BSX;00000;ARIA;20261005104842;20261005104842;20261005;;19;X;;;;000000000000001710;;001710;Y1;0000131200;1;915;;0000;;000;000;;00000;00;;;000000;TG11;1710;;0017100001;00000000;00000000;00000000;;20261005;;0.000;M;;;;;;;00000000;0000;;0000;;20261005;;;00;;;00000000;;;000;;;;;;000100021300;M;;E;0000006319;000020;00000000;;;;1710;VUBS;VN;0.00;V;000000000000;000100021303;;;;;;;;;;0;0;0013600000;M;YCOA;;00000000;;;;;;;;;;;;;;;00;00000000;;00000000;;00000000;;00000000;;;;;;;;;;;;000000;;;000000;;;000000;;000000;;000000;;;;;;;;;;;;;00;;000000;;;;;000;;;;;00;;;;;;;;;;;;;;;;;;;;;;;;00000000;000;0000;;;;;;;;000;;;;;;;;;;00000000;00000000;00000000;0.0000000;;;;;;;;;;;;;;00000000;;;;;;;;00000000;;;;;;;00000000;;;;00000000;;00000000;;0000;0000;;;;;;;;;;;;;
0L;1710;2026;4900000002;000002;2026;0;;YCOA;A000;;RMWL;RMWL;RMWL;010;;MKPF;;2026;4900008953;000002;000001;000000;00000000000000000000000000000000;;;;;;;000000;;;;;;000000;;0000;;;;;;;000000;000000;;;;00000000000000000000000000000000;;0013600000;;YB700;;;1000_C;;YB700;;;;1000_C;USD;41.34;USD;41.34;USD;41.34;USD;41.34;USD;41.34;;0.00;;0.00;;0.00;;0.00;;0.00;;0.00;;0.00;;0.00;0.00;0.00;0.00;0.00;0.00;0.00;0.00;0.00;0.00;0.00;0.00;;0.00;;0.00;ST;3.000;0.000;ST;3.000;0.000;ST;3.000;;0.000;;0.000;;0.000;;0.000;0.000;S;010;K4;2026010;20261005;20261005;WL;002;;;06000;89;BSX;00000;ARIA;20261005104842;20261005104842;20261005;;19;X;;;;000000000000001710;;001710;Y1;0000131200;1;915;;0000;;000;000;;00000;00;;;000000;TG11;1710;;0017100001;00000000;00000000;00000000;;20261005;;0.000;M;;;;;;;00000000;0000;;0000;;20261005;;;00;;;00000000;;;000;;;;;;000100000002;;;;;000000;00000000;;;;1710;BUBS;ZU;0.00;V;000100021302;000100021303;;;;;;;;;;0;0;0013600000;M;YCOA;;00000000;;;;;;;;;;;;;;;00;00000000;;00000000;;00000000;;00000000;;;;;;;;;;;;000000;;;000000;;;000000;;000000;;000000;;;;;;;;;;;;;00;;000000;;;;;000;;;;;;;;;;;;;;;;;;;;;;;;;;;;;00000000;000;0000;;;;;;;;000;;;;;;;;;;00000000;00000000;00000000;0.0000000;;;;;;;;;;;;;;00000000;;;;;;;;00000000;;;;;;;00000000;;;;00000000;;00000000;;0000;0000;;;;;;;;;;;;;
2L;1710;2026;4900000002;000001;2026;0;;YCOA;A000;;RMWL;RMWL;RMWL;010;;MKPF;;2026;4900008953;000001;000001;000000;00000000000000000000000000000000;;;;;;;000000;;;;;;000000;;0000;;;;;;;000000;000000;;;;00000000000000000000000000000000;;0013600000;;YB700;;;1000_C;;YB700;;;;1000_C;USD;-41.34;USD;-41.34;USD;-41.34;USD;-41.34;USD;-41.34;;0.00;;0.00;;0.00;;0.00;;0.00;;0.00;;0.00;;0.00;0.00;0.00;0.00;0.00;0.00;0.00;0.00;0.00;0.00;0.00;0.00;;0.00;;0.00;ST;-3.000;0.000;ST;-3.000;0.000;ST;-3.000;;0.000;;0.000;;0.000;;0.000;0.000;H;010;K4;2026010;20261005;20261005;WL;001;;;06000;99;BSX;00000;ARIA;20261005104842;20261005104842;20261005;;19;X;;;;;;;;;;;;0000;;000;000;;00000;00;;;000000;TG11;1710;;0017100001;00000000;00000000;00000000;;20261005;;0.000;M;;;;;;;00000000;0000;;0000;;20261005;;;00;;;00000000;;;000;;;;;;000100021300;M;;E;0000006319;000020;00000000;;;;1710;VUBS;VN;0.00;V;000000000000;000100021303;;;;;;;;;;0;0;0013600000;M;YCOA;;00000000;;;;;;;;;;;;;;;00;00000000;;00000000;;00000000;;00000000;;;;;;;;;;;;000000;;;000000;;;000000;;000000;;000000;;;;;;;;;;;;;00;;000000;;;;;000;;;;;00;;;;;;;;;;;;;;;;;;;;;;;;00000000;000;0000;;;;;;;;000;;;;;;;;;;00000000;00000000;00000000;0.0000000;;;;;;;;;;;;;;00000000;;;;;;;;00000000;;;;;;;00000000;;;;00000000;;00000000;;0000;0000;;;;;;;;;;;;;
2L;1710;2026;4900000002;000002;2026;0;;YCOA;A000;;RMWL;RMWL;RMWL;010;;MKPF;;2026;4900008953;000002;000001;000000;00000000000000000000000000000000;;;;;;;000000;;;;;;000000;;0000;;;;;;;000000;000000;;;;00000000000000000000000000000000;;0013600000;;YB700;;;1000_C;;YB700;;;;1000_C;USD;41.34;USD;41.34;USD;41.34;USD;41.34;USD;41.34;;0.00;;0.00;;0.00;;0.00;;0.00;;0.00;;0.00;;0.00;0.00;0.00;0.00;0.00;0.00;0.00;0.00;0.00;0.00;0.00;0.00;;0.00;;0.00;ST;3.000;0.000;ST;3.000;0.000;ST;3.000;;0.000;;0.000;;0.000;;0.000;0.000;S;010;K4;2026010;20261005;20261005;WL;002;;;06000;89;BSX;00000;ARIA;20261005104842;20261005104842;20261005;;19;X;;;;;;;;;;;;0000;;000;000;;00000;00;;;000000;TG11;1710;;0017100001;00000000;00000000;00000000;;20261005;;0.000;M;;;;;;;00000000;0000;;0000;;20261005;;;00;;;00000000;;;000;;;;;;000100000002;;;;;000000;00000000;;;;1710;BUBS;ZU;0.00;V;000100021302;000100021303;;;;;;;;;;0;0;0013600000;M;YCOA;;00000000;;;;;;;;;;;;;;;00;00000000;;00000000;;00000000;;00000000;;;;;;;;;;;;000000;;;000000;;;000000;;000000;;000000;;;;;;;;;;;;;00;;000000;;;;;000;;;;;;;;;;;;;;;;;;;;;;;;;;;;;00000000;000;0000;;;;;;;;000;;;;;;;;;;00000000;00000000;00000000;0.0000000;;;;;;;;;;;;;;00000000;;;;;;;;00000000;;;;;;;00000000;;;;00000000;;00000000;;0000;0000;;;;;;;;;;;;;
0L;1710;2026;5100000000;000003;2026;0;;YCOA;A000;;RMRP;RMRP;RMRP;010;;RMRP;;2026;5100001598;000002;000002;000000;00000000000000000000000000000000;;;;;;;000000;;;;;;000000;;0000;;;;;;;000000;000000;;;;00000000000000000000000000000000;;0021120000;;YB700;;;1000_C;;;;;;;USD;84.00;USD;84.00;USD;84.00;USD;84.00;USD;84.00;;0.00;;0.00;;0.00;;0.00;;0.00;;0.00;;0.00;;0.00;0.00;0.00;0.00;0.00;0.00;0.00;0.00;0.00;0.00;0.00;0.00;;0.00;;0.00;;0.000;0.000;;0.000;0.000;ST;7.000;;0.000;;0.000;;0.000;;0.000;0.000;S;010;K4;2026010;20261005;20261005;RE;003;450000214600020;;01000;86;WRX;00000;ARIA;20261005125929;20261005125929;20261005;;35;X;;;;000000000000001710;;001710;Y1;0000211100;1;915;;0000;;000;000;4500002146;00020;00;;;000000;TG20;1710;;;00000000;00000000;00000000;;20261005;;0.000;S;;I1;;;;X;00000000;0000;;0000;;20261005;;;00;;;00000000;;;000;;;;;;000100000010;;;;;000000;00000000;;;;1710;BB;ZU;0.00;V;000100021200;000100021201;;;;;;;;;;0;0;0001000559;K;;;00000000;;;;;;;;;;;;;;;00;00000000;;00000000;;00000000;;00000000;;;;;;;;;;;;000000;;;000000;;;000000;;000000;;000000;;;;;;;;;;;;;00;;000000;;;;;000;;;;;;;;;;;;;;;;;;;;;;;;;;;;;00000000;000;0000;;;;;;;;000;;;;;;;;;;00000000;00000000;00000000;0.0000000;;;;;;;;;;;;;;00000000;;;;;;;;00000000;;;;;;;00000000;;;;00000000;;00000000;;0000;0000;;;;;;;;;;;;;
2L;1710;2026;5100000000;000001;2026;0;;YCOA;A000;;RMRP;RMRP;RMRP;010;;RMRP;;2026;5100001598;000000;000000;000000;00000000000000000000000000000000;;;;;;;000000;;;;;;000000;;0000;;;;;;;000000;000000;;;;00000000000000000000000000000000;;0021100000;;YB700;;;1000_C;;;;;;;USD;-120.00;USD;-120.00;USD;-120.00;USD;-120.00;USD;-120.00;;0.00;;0.00;;0.00;;0.00;;0.00;;0.00;;0.00;;0.00;0.00;0.00;0.00;0.00;0.00;0.00;0.00;0.00;0.00;0.00;0.00;;0.00;;0.00;;0.000;0.000;;0.000;0.000;;0.000;;0.000;;0.000;;0.000;;0.000;0.000;H;010;K4;2026010;20261005;20261005;RE;001;;;03000;31;KBS;00000;ARIA;20261005125929;20261005125929;20261005;;35;X;;;X;;;;;;;;;0000;;000;000;;00000;00;INVOICE SUPP.INV.0001;;000000;;;0001000559;;00000000;00000000;00000000;;20261005;;0.000;K;;I1;;;;X;00000000;0000;;0000;;00000000;;;00;;;00000000;;;000;;;;;;000000000000;;;;;000000;00000000;;;;;;;0.00;;000000000000;000000000000;;;;;;;;;;0;0;0021120000;S;YCOA;;00000000;;;;;;;;;;;;;;;00;00000000;;00000000;;00000000;;00000000;;;;;;;;;;;;000000;;;000000;;;000000;;000000;;000000;;;;;;;;;;;;;00;;000000;;;;;000;;;;;;;;;;;;;;;;;;;;;;;;;;;;;00000000;000;0000;;;;;;;;000;;;;;;;;;;00000000;00000000;00000000;0.0000000;;;;;;;;;;;;;;00000000;;;;;;;;00000000;;;;;;;00000000;;;;20261104;;00000000;;0000;0000;;;;;;;;;;;;;
2L;1710;2026;5100000000;000002;2026;0;;YCOA;A000;;RMRP;RMRP;RMRP;010;;RMRP;;2026;5100001598;000001;000001;000000;00000000000000000000000000000000;;;;;;;000000;;;;;;000000;;0000;;;;;;;000000;000000;;;;00000000000000000000000000000000;;0021120000;;YB700;;;1000_C;;;;;;;USD;36.00;USD;36.00;USD;36.00;USD;36.00;USD;36.00;;0.00;;0.00;;0.00;;0.00;;0.00;;0.00;;0.00;;0.00;0.00;0.00;0.00;0.00;0.00;0.00;0.00;0.00;0.00;0.00;0.00;;0.00;;0.00;;0.000;0.000;;0.000;0.000;ST;3.000;;0.000;;0.000;;0.000;;0.000;0.000;S;010;K4;2026010;20261005;20261005;RE;002;450000214600020;;01000;86;WRX;00000;ARIA;20261005125929;20261005125929;20261005;;35;X;;;;;;;;;;;;0000;;000;000;4500002146;00020;00;;;000000;TG20;1710;;;00000000;00000000;00000000;;20261005;;0.000;S;;I1;;;;X;00000000;0000;;0000;;20261005;;;00;;;00000000;;;000;;;;;;000100000010;;;;;000000;00000000;;;;1710;BB;ZU;0.00;V;000100021200;000100021201;;;;;;;;;;0;0;0001000559;K;;;00000000;;;;;;;;;;;;;;;00;00000000;;00000000;;00000000;;00000000;;;;;;;;;;;;000000;;;000000;;;000000;;000000;;000000;;;;;;;;;;;;;00;;000000;;;;;000;;;;;;;;;;;;;;;;;;;;;;;;;;;;;00000000;000;0000;;;;;;;;000;;;;;;;;;;00000000;00000000;00000000;0.0000000;;;;;;;;;;;;;;00000000;;;;;;;;00000000;;;;;;;00000000;;;;00000000;;00000000;;0000;0000;;;;;;;;;;;;;
2L;1710;2026;5100000000;000003;2026;0;;YCOA;A000;;RMRP;RMRP;RMRP;010;;RMRP;;2026;5100001598;000002;000002;000000;00000000000000000000000000000000;;;;;;;000000;;;;;;000000;;0000;;;;;;;000000;000000;;;;00000000000000000000000000000000;;0021120000;;YB700;;;1000_C;;;;;;;USD;84.00;USD;84.00;USD;84.00;USD;84.00;USD;84.00;;0.00;;0.00;;0.00;;0.00;;0.00;;0.00;;0.00;;0.00;0.00;0.00;0.00;0.00;0.00;0.00;0.00;0.00;0.00;0.00;0.00;;0.00;;0.00;;0.000;0.000;;0.000;0.000;ST;7.000;;0.000;;0.000;;0.000;;0.000;0.000;S;010;K4;2026010;20261005;20261005;RE;003;450000214600020;;01000;86;WRX;00000;ARIA;20261005125929;20261005125929;20261005;;35;X;;;;;;;;;;;;0000;;000;000;4500002146;00020;00;;;000000;TG20;1710;;;00000000;00000000;00000000;;20261005;;0.000;S;;I1;;;;X;00000000;0000;;0000;;20261005;;;00;;;00000000;;;000;;;;;;000100000010;;;;;000000;00000000;;;;1710;BB;ZU;0.00;V;000100021200;000100021201;;;;;;;;;;0;0;0001000559;K;;;00000000;;;;;;;;;;;;;;;00;00000000;;00000000;;00000000;;00000000;;;;;;;;;;;;000000;;;000000;;;000000;;000000;;000000;;;;;;;;;;;;;00;;000000;;;;;000;;;;;;;;;;;;;;;;;;;;;;;;;;;;;00000000;000;0000;;;;;;;;000;;;;;;;;;;00000000;00000000;00000000;0.0000000;;;;;;;;;;;;;;00000000;;;;;;;;00000000;;;;;;;00000000;;;;00000000;;00000000;;0000;0000;;;;;;;;;;;;;
0L;1710;2026;4900000004;000001;2026;0;;YCOA;A000;;RMWL;RMWL;RMWL;010;;MKPF;;2026;4900008955;000001;000001;000000;00000000000000000000000000000000;;;;;;;000000;;;;;;000000;;0000;;;;;;;000000;000000;;;;00000000000000000000000000000000;;0013600000;;US10_TGY1;;;Z_SEG4;;;;;;;USD;-1301.70;USD;-1301.70;USD;-1301.70;USD;-1301.70;USD;-1301.70;;0.00;;0.00;;0.00;;0.00;;0.00;;0.00;;0.00;;0.00;0.00;0.00;0.00;0.00;0.00;0.00;0.00;0.00;0.00;0.00;0.00;;0.00;;0.00;ST;-15.000;0.000;ST;-15.000;0.000;ST;-15.000;;0.000;;0.000;;0.000;;0.000;0.000;H;010;K4;2026010;20261005;20261005;WL;001;;;06000;99;BSX;00000;ARIA;20261005135052;20261005135052;20261005;;19;X;;;;000000000000001710;;001710;Y1;0000131200;1;915;;0000;;000;000;;00000;00;;;000000;MZ-TG-Y240;1710;;0001000569;00000000;00000000;00000000;;20261005;;0.000;M;;;;;;;00000000;0000;;0000;;20261005;;;00;;;00000000;;;000;;;;;;000100000460;;;;;000000;00000000;;;;1710;VKA;VN;0.00;V;000000000000;000100021306;;;;;;;;;;0;0;0054083000;S;YCOA;;00000000;;;;;;;;;;;;;;;00;00000000;;00000000;;00000000;;00000000;;;;;;;;;;;;000000;;;000000;;;000000;;000000;;000000;;;;;;;;;;;;;00;;000000;;;;;000;;;;;;;;;;;;;;;;;;;;;;;;;;;;;00000000;000;0000;;;;;;;;000;;;;;;;;;;00000000;00000000;00000000;0.0000000;;;;;;;;;;;;;;00000000;;;;;;;;00000000;;;;;;;00000000;;;;00000000;;00000000;;0000;0000;;;;;;;;;;;;;
0L;1710;2026;4900000004;000002;2026;0;;YCOA;A000;;RMWL;RMWL;RMWL;010;COIN;MKPF;;2026;4900008955;000001;000001;000002;00000000000000000000000000000000;;;;;;;000000;;;;;;000000;;0000;;;;;;;000000;000000;;;;00000000000000000000000000000000;;0054083000;;US10_TGY1;YB18;;Z_SEG4;;;;;;;USD;1301.70;USD;1301.70;USD;1301.70;USD;1301.70;USD;1301.70;;0.00;;0.00;;0.00;;0.00;;0.00;;0.00;;0.00;;0.00;0.00;0.00;0.00;0.00;0.00;0.00;0.00;0.00;0.00;0.00;0.00;;0.00;;0.00;ST;15.000;0.000;ST;15.000;0.000;;0.000;;0.000;;0.000;;0.000;ST;15.000;0.000;S;010;K4;2026010;20261005;20261005;WL;002;20261005;;06000;81;GBB;00000;ARIA;20261005135052;20261005135052;20261005;;10;P;;;;000000000000001710;;001710;Y1;0000585000;2;YB18;;0000;;000;000;;00000;00;;0000006321;000010;MZ-TG-Y240;1710;;0001000569;00000000;00000000;00000000;;20261005;;0.000;S;;;;;;;00000000;0000;;0000;;20261005;;;00;;;00000000;;;000;;;;;;000100000460;;;;;000000;00000000;;;;1710;VKA;VN;0.00;V;000000000000;000100021306;;;;;EOA0000000104945;;;S;S;1;0;0013600000;M;YCOA;;00000000;0000104945;PA;;;;;;;;;0000104945;EO;;;00;00000000;;00000000;;00000000;;00000000;;A000;;;;;;;;;;000000;;;000000;;;000000;;000000;;000000;;;;;;;;;;;;;00;;000000;;;;;001;;F2;1710;10;00;MZ-TG-Y240;ZYOUTH;;DE;;;0001000569;0001000569;;;;;;;;;;;;;;;;00000000;000;0000;;;;;;;;000;;;;;;;;;;00000000;00000000;00000000;0.0000000;;;;;;;;;;;;;;00000000;;;;;;;;00000000;;;;;;;00000000;;;;00000000;;00000000;;0000;0000;;;;;;;;;;;;;
0L;1710;2026;4900000004;000003;2026;0;;YCOA;A000;;RMWL;RMWL;RMWL;010;;MKPF;;2026;4900008955;000002;000002;000000;00000000000000000000000000000000;;;;;;;000000;;;;;;000000;;0000;;;;;;;000000;000000;;;;00000000000000000000000000000000;;0013600000;;US10_TGY1;;;Z_SEG4;;;;;;;USD;-476.49;USD;-476.49;USD;-476.49;USD;-476.49;USD;-476.49;;0.00;;0.00;;0.00;;0.00;;0.00;;0.00;;0.00;;0.00;0.00;0.00;0.00;0.00;0.00;0.00;0.00;0.00;0.00;0.00;0.00;;0.00;;0.00;ST;-7.000;0.000;ST;-7.000;0.000;ST;-7.000;;0.000;;0.000;;0.000;;0.000;0.000;H;010;K4;2026010;20261005;20261005;WL;003;;;06000;99;BSX;00000;ARIA;20261005135052;20261005135052;20261005;;19;X;;;;000000000000001710;;001710;Y1;0000131200;1;915;;0000;;000;000;;00000;00;;;000000;MZ-TG-Y200;1710;;0001000569;00000000;00000000;00000000;;20261005;;0.000;M;;;;;;;00000000;0000;;0000;;20261005;;;00;;;00000000;;;000;;;;;;000100000458;;;;;000000;00000000;;;;1710;VKA;VN;0.00;V;000000000000;000100021307;;;;;;;;;;0;0;0054083000;S;YCOA;;00000000;;;;;;;;;;;;;;;00;00000000;;00000000;;00000000;;00000000;;;;;;;;;;;;000000;;;000000;;;000000;;000000;;000000;;;;;;;;;;;;;00;;000000;;;;;000;;;;;;;;;;;;;;;;;;;;;;;;;;;;;00000000;000;0000;;;;;;;;000;;;;;;;;;;00000000;00000000;00000000;0.0000000;;;;;;;;;;;;;;00000000;;;;;;;;00000000;;;;;;;00000000;;;;00000000;;00000000;;0000;0000;;;;;;;;;;;;;
0L;1710;2026;4900000004;000004;2026;0;;YCOA;A000;;RMWL;RMWL;RMWL;010;COIN;MKPF;;2026;4900008955;000002;000002;000004;00000000000000000000000000000000;;;;;;;000000;;;;;;000000;;0000;;;;;;;000000;000000;;;;00000000000000000000000000000000;;0054083000;;US10_TGY1;YB18;;Z_SEG4;;;;;;;USD;476.49;USD;476.49;USD;476.49;USD;476.49;USD;476.49;;0.00;;0.00;;0.00;;0.00;;0.00;;0.00;;0.00;;0.00;0.00;0.00;0.00;0.00;0.00;0.00;0.00;0.00;0.00;0.00;0.00;;0.00;;0.00;ST;7.000;0.000;ST;7.000;0.000;;0.000;;0.000;;0.000;;0.000;ST;7.000;0.000;S;010;K4;2026010;20261005;20261005;WL;004;20261005;;06000;81;GBB;00000;ARIA;20261005135052;20261005135052;20261005;;10;P;;;;000000000000001710;;001710;Y1;0000585000;2;YB18;;0000;;000;000;;00000;00;;0000006321;000020;MZ-TG-Y200;1710;;0001000569;00000000;00000000;00000000;;20261005;;0.000;S;;;;;;;00000000;0000;;0000;;20261005;;;00;;;00000000;;;000;;;;;;000100000458;;;;;000000;00000000;;;;1710;VKA;VN;0.00;V;000000000000;000100021307;;;;;EOA0000000104946;;;S;S;1;0;0013600000;M;YCOA;;00000000;0000104946;PA;;;;;;;;;0000104946;EO;;;00;00000000;;00000000;;00000000;;00000000;;A000;;;;;;;;;;000000;;;000000;;;000000;;000000;;000000;;;;;;;;;;;;;00;;000000;;;;;002;;F2;1710;10;00;MZ-TG-Y200;ZYOUTH;;DE;;;0001000569;0001000569;;;;;;;;;;;;;;;;00000000;000;0000;;;;;;;;000;;;;;;;;;;00000000;00000000;00000000;0.0000000;;;;;;;;;;;;;;00000000;;;;;;;;00000000;;;;;;;00000000;;;;00000000;;00000000;;0000;0000;;;;;;;;;;;;;
0E;1710;2026;PA00004433;000001;2026;0;;YCOA;A000;;SD00;SD00;SD00;010;;VBRK;;;;000000;000000;000000;00000000000000000000000000000000;;;;;;;000000;;;;;;000000;;0000;;;VBAK;;;0000006321;000020;000000;;;;00000000000000000000000000000000;;0012120000;;US10_TGY1;;;Z_SEG4;;;;;;;USD;2640.00;USD;2640.00;USD;2640.00;USD;2640.00;USD;2640.00;;0.00;;0.00;;0.00;;0.00;;0.00;;0.00;;0.00;;0.00;0.00;0.00;0.00;0.00;0.00;0.00;0.00;0.00;0.00;0.00;0.00;;0.00;;0.00;;0.000;0.000;;0.000;0.000;;0.000;;0.000;;0.000;;0.000;;0.000;0.000;S;010;K4;2026010;20261009;20261005;RV;000;;P;02000;01;;00000;SAP_SYSTEM;20261005140630;20261005140630;20261005;;35;X;;;X;000000000000001710;;001710;Y1;0000121100;1;915;;0000;;000;000;;00000;00;;;000000;;;;0001000569;00000000;00000000;00000000;;20261009;;0.000;D;;;;;;X;00000000;0000;;0000;;00000000;;;00;;;00000000;;;000;;;;;;000000000000;;;;;000000;00000000;;;;;;;0.00;;000000000000;000000000000;;;;;;;;;;0;0;0041000000;S;YCOA;;00000000;;;;;;;;;;;;;;;00;00000000;;00000000;;00000000;;00000000;;;;;;;;;;;;000000;;;000000;;;000000;;000000;;000000;;;;;;;;;;;;;00;;000000;;;;;000;;F2;1710;10;00;;;;;;;;;;;;;;;;;;;;;;;;00000000;000;0000;;;;;;;;000;;;;;;;;;;00000000;00000000;00000000;0.0000000;;;;;;;;;;;;;;00000000;;;;;;;;00000000;;;;;;;00000000;;;;20261009;;00000000;;0000;0000;;;;;;;;;;;;;
0E;1710;2026;PA00004433;000002;2026;0;;YCOA;A000;;SD00;SD00;SD00;010;COIN;VBRK;;;;000000;000000;001001;00000000000000000000000000000000;;;;;;;000000;;;;;;000000;;0000;;;VBAK;;;0000006321;000020;000000;;;;00000000000000000000000000000000;;0041000000;;US10_TGY1;YB10;;Z_SEG4;;;;;;;USD;-2640.00;USD;-2640.00;USD;-2640.00;USD;-2640.00;USD;-2640.00;;0.00;;0.00;;0.00;;0.00;;0.00;;0.00;;0.00;;0.00;0.00;0.00;0.00;0.00;0.00;0.00;0.00;0.00;0.00;0.00;0.00;;0.00;;0.00;ST;-22.000;0.000;ST;-22.000;0.000;;0.000;;0.000;;0.000;;0.000;ST;-22.000;0.000;H;010;K4;2026010;20261009;20261005;RV;000;;P;30000;50;;00000;SAP_SYSTEM;20261005140630;20261005140630;20261005;;05;P;;;;000000000000001710;;001710;Y1;0000411100;2;YB10;;0000;;000;000;;00000;00;;0000006321;000020;MZ-TG-Y200;1710;;0001000569;20261009;00000000;00000000;;20261009;;0.000;S;;;;;;;00000000;0000;;0000;;20261005;;;00;;;00000000;;;000;;;;;;000000000000;;;;;000000;00000000;;;;;;;0.00;;000000000000;000000000000;;;;;EOA0000000104956;;;S;H;2;0;0001000569;D;;;00000000;0000104956;PA;;;;;;;;;0000104956;EO;;;00;00000000;;00000000;;00000000;;00000000;;A000;;;;;;;;;;000000;;;000000;;;000000;;000000;;000000;;;;;;;;;;;;;00;;000000;;;;;000;;F2;1710;10;00;MZ-TG-Y200;ZYOUTH;;DE;;;0001000569;0001000569;;;;;;;;;;;;;;;;00000000;000;0000;;;;;;;;000;;;;;;;;;;00000000;00000000;00000000;0.0000000;;;;;;;;;;;;;;00000000;;;;;;;;00000000;;;;;;;00000000;;;;00000000;;00000000;;0000;0000;;;;;;;;;;;;;
0E;1710;2026;PA00004440;000001;2026;0;;YCOA;A000;;RMWL;RMWL;RMWL;010;;MKPF;;2026;4900008955;000000;000001;000000;00000000000000000000000000000000;;;;;;;000000;;;;;;000000;;0000;;;VBAK;;;0000006321;000010;000000;;3;;00000000000000000000000000000000;;0013600000;;US10_TGY1;;;Z_SEG4;;;;;;;USD;1301.70;USD;1301.70;USD;1301.70;USD;1301.70;USD;1301.70;;0.00;;0.00;;0.00;;0.00;;0.00;;0.00;;0.00;;0.00;0.00;0.00;0.00;0.00;0.00;0.00;0.00;0.00;0.00;0.00;0.00;;0.00;;0.00;ST;15.000;0.000;ST;15.000;0.000;ST;15.000;;0.000;;0.000;;0.000;;0.000;0.000;H;010;K4;2026010;20261009;20261005;WL;000;;P;06000;99;BSX;00000;SAP_SYSTEM;20261005140630;20261005140630;20261005;;19;X;;;;000000000000001710;;001710;Y1;0000131200;1;915;;0000;;000;000;;00000;00;;;000000;MZ-TG-Y240;1710;;0001000569;00000000;00000000;00000000;;20261009;;0.000;M;;;;;;;00000000;0000;;0000;;20261005;;;00;;;00000000;;;000;;;;;;000100000460;;;;;000000;00000000;;;;1710;;;0.00;V;000000000000;000000000000;;;;;;;;;;0;0;0054083000;S;YCOA;;00000000;;;;;;;;;;;;;;;00;00000000;;00000000;;00000000;;00000000;;;;;;;;;;;;000000;;;000000;;;000000;;000000;;000000;;;;;;;;;;;;;00;;000000;;;;;000;;;;;;;;;;;;;;;;;;;;;;;;;;;;;00000000;000;0000;;;;;;;;000;;;;;;;;;;00000000;00000000;00000000;0.0000000;;;;;;;;;;;;;;00000000;;;;;;;;00000000;;;;;;;00000000;;;;00000000;;00000000;;0000;0000;;;;;;;;;;;;;
0E;1710;2026;PA00004440;000002;2026;0;;YCOA;A000;;RMWL;RMWL;RMWL;010;COIN;MKPF;;2026;4900008955;000000;000001;000002;00000000000000000000000000000000;;;;;;;000000;;;;;;000000;;0000;;;VBAK;;;0000006321;000010;000000;;3;;00000000000000000000000000000000;;0054083000;;US10_TGY1;YB18;;Z_SEG4;;;;;;;USD;-1301.70;USD;-1301.70;USD;-1301.70;USD;-1301.70;USD;-1301.70;;0.00;;0.00;;0.00;;0.00;;0.00;;0.00;;0.00;;0.00;0.00;0.00;0.00;0.00;0.00;0.00;0.00;0.00;0.00;0.00;0.00;;0.00;;0.00;ST;-15.000;0.000;ST;-15.000;0.000;;0.000;;0.000;;0.000;;0.000;ST;-15.000;0.000;S;010;K4;2026010;20261009;20261005;WL;000;;P;06000;81;GBB;00000;SAP_SYSTEM;20261005140630;20261005140630;20261005;;10;P;;;;000000000000001710;;001710;Y1;0000585000;2;YB18;;0000;;000;000;;00000;00;;0000006321;000010;MZ-TG-Y240;1710;;0001000569;00000000;00000000;00000000;;20261009;;0.000;S;;;;;;;00000000;0000;;0000;;20261005;;;00;;;00000000;;;000;;;;;;000100000460;;;;;000000;00000000;;;;1710;;;0.00;V;000000000000;000000000000;;;;;EOA0000000104953;;;S;S;1;0;0013600000;M;YCOA;;00000000;0000104953;PA;;;;;;;;;0000104953;EO;;;00;00000000;;00000000;;00000000;;00000000;;A000;;;;;;;;;;000000;;;000000;;;000000;;000000;;000000;;;;;;;;;;;;;00;;000000;;;;;000;;F2;1710;10;00;MZ-TG-Y240;ZYOUTH;;DE;;;0001000569;0001000569;;;;;;;;;;;;;;;;00000000;000;0000;;;;;;;;000;;;;;;;;;;00000000;00000000;00000000;0.0000000;;;;;;;;;;;;;;00000000;;;;;;;;00000000;;;;;;;00000000;;;;00000000;;00000000;;0000;0000;;;;;;;;;;;;;
0E;1710;2026;PA00004441;000001;2026;0;;YCOA;A000;;RMWL;RMWL;RMWL;010;;MKPF;;2026;4900008955;000000;000001;000000;00000000000000000000000000000000;;;;;;;000000;;;;;;000000;;0000;;;VBAK;;;0000006321;000020;000000;;3;;00000000000000000000000000000000;;0013600000;;US10_TGY1;;;Z_SEG4;;;;;;;USD;476.49;USD;476.49;USD;476.49;USD;476.49;USD;476.49;;0.00;;0.00;;0.00;;0.00;;0.00;;0.00;;0.00;;0.00;0.00;0.00;0.00;0.00;0.00;0.00;0.00;0.00;0.00;0.00;0.00;;0.00;;0.00;ST;7.000;0.000;ST;7.000;0.000;ST;7.000;;0.000;;0.000;;0.000;;0.000;0.000;H;010;K4;2026010;20261009;20261005;WL;000;;P;06000;99;BSX;00000;SAP_SYSTEM;20261005140630;20261005140630;20261005;;19;X;;;;000000000000001710;;001710;Y1;0000131200;1;915;;0000;;000;000;;00000;00;;;000000;MZ-TG-Y200;1710;;0001000569;00000000;00000000;00000000;;20261009;;0.000;M;;;;;;;00000000;0000;;0000;;20261005;;;00;;;00000000;;;000;;;;;;000100000458;;;;;000000;00000000;;;;1710;;;0.00;V;000000000000;000000000000;;;;;;;;;;0;0;0054083000;S;YCOA;;00000000;;;;;;;;;;;;;;;00;00000000;;00000000;;00000000;;00000000;;;;;;;;;;;;000000;;;000000;;;000000;;000000;;000000;;;;;;;;;;;;;00;;000000;;;;;000;;;;;;;;;;;;;;;;;;;;;;;;;;;;;00000000;000;0000;;;;;;;;000;;;;;;;;;;00000000;00000000;00000000;0.0000000;;;;;;;;;;;;;;00000000;;;;;;;;00000000;;;;;;;00000000;;;;00000000;;00000000;;0000;0000;;;;;;;;;;;;;
0E;1710;2026;PA00004441;000002;2026;0;;YCOA;A000;;RMWL;RMWL;RMWL;010;COIN;MKPF;;2026;4900008955;000000;000001;000002;00000000000000000000000000000000;;;;;;;000000;;;;;;000000;;0000;;;VBAK;;;0000006321;000020;000000;;3;;00000000000000000000000000000000;;0054083000;;US10_TGY1;YB18;;Z_SEG4;;;;;;;USD;-476.49;USD;-476.49;USD;-476.49;USD;-476.49;USD;-476.49;;0.00;;0.00;;0.00;;0.00;;0.00;;0.00;;0.00;;0.00;0.00;0.00;0.00;0.00;0.00;0.00;0.00;0.00;0.00;0.00;0.00;;0.00;;0.00;ST;-7.000;0.000;ST;-7.000;0.000;;0.000;;0.000;;0.000;;0.000;ST;-7.000;0.000;S;010;K4;2026010;20261009;20261005;WL;000;;P;06000;81;GBB;00000;SAP_SYSTEM;20261005140630;20261005140630;20261005;;10;P;;;;000000000000001710;;001710;Y1;0000585000;2;YB18;;0000;;000;000;;00000;00;;0000006321;000020;MZ-TG-Y200;1710;;0001000569;00000000;00000000;00000000;;20261009;;0.000;S;;;;;;;00000000;0000;;0000;;20261005;;;00;;;00000000;;;000;;;;;;000100000458;;;;;000000;00000000;;;;1710;;;0.00;V;000000000000;000000000000;;;;;EOA0000000104954;;;S;S;1;0;0013600000;M;YCOA;;00000000;0000104954;PA;;;;;;;;;0000104954;EO;;;00;00000000;;00000000;;00000000;;00000000;;A000;;;;;;;;;;000000;;;000000;;;000000;;000000;;000000;;;;;;;;;;;;;00;;000000;;;;;000;;F2;1710;10;00;MZ-TG-Y200;ZYOUTH;;DE;;;0001000569;0001000569;;;;;;;;;;;;;;;;00000000;000;0000;;;;;;;;000;;;;;;;;;;00000000;00000000;00000000;0.0000000;;;;;;;;;;;;;;00000000;;;;;;;;00000000;;;;;;;00000000;;;;00000000;;00000000;;0000;0000;;;;;;;;;;;;;
0E;1710;2026;PA00004442;000001;2026;0;;YCOA;A000;;SD00;SD00;SD00;010;;VBRK;;;0090005785;000000;000000;000000;00000000000000000000000000000000;;;;;;;000000;;;;;;000000;;0000;;;VBAK;;;0000006321;000010;000000;;3;;00000000000000000000000000000000;;0012120000;;US10_TGY1;;;Z_SEG4;;;;;;;USD;-2400.00;USD;-2400.00;USD;-2400.00;USD;-2400.00;USD;-2400.00;;0.00;;0.00;;0.00;;0.00;;0.00;;0.00;;0.00;;0.00;0.00;0.00;0.00;0.00;0.00;0.00;0.00;0.00;0.00;0.00;0.00;;0.00;;0.00;;0.000;0.000;;0.000;0.000;;0.000;;0.000;;0.000;;0.000;;0.000;0.000;S;010;K4;2026010;20261009;20261005;RV;000;;P;02000;01;;00000;SAP_SYSTEM;20261005140631;20261005140631;20261005;;35;X;;;X;000000000000001710;;001710;Y1;0000121100;1;915;;0000;;000;000;;00000;00;;;000000;;;;0001000569;00000000;00000000;00000000;;20261009;;0.000;D;;;;;;X;00000000;0000;;0000;;00000000;;;00;;;00000000;;;000;;;;;;000000000000;;;;;000000;00000000;;;;;;;0.00;;000000000000;000000000000;;;;;;;;;;0;0;0041000000;S;YCOA;;00000000;;;;;;;;;;;;;;;00;00000000;;00000000;;00000000;;00000000;;;;;;;;;;;;000000;;;000000;;;000000;;000000;;000000;;;;;;;;;;;;;00;;000000;;;;;000;;F2;1710;10;00;;;;;;;;;;;;;;;;;;;;;;;;00000000;000;0000;;;;;;;;000;;;;;;;;;;00000000;00000000;00000000;0.0000000;;;;;;;;;;;;;;00000000;;;;;;;;00000000;;;;;;;00000000;;;;20261009;;00000000;;0000;0000;;;;;;;;;;;;;
0E;1710;2026;PA00004442;000002;2026;0;;YCOA;A000;;SD00;SD00;SD00;010;COIN;VBRK;;;0090005785;000000;000000;001001;00000000000000000000000000000000;;;;;;;000000;;;;;;000000;;0000;;;VBAK;;;0000006321;000010;000000;;3;;00000000000000000000000000000000;;0041000000;;US10_TGY1;YB10;;Z_SEG4;;;;;;;USD;2400.00;USD;2400.00;USD;2400.00;USD;2400.00;USD;2400.00;;0.00;;0.00;;0.00;;0.00;;0.00;;0.00;;0.00;;0.00;0.00;0.00;0.00;0.00;0.00;0.00;0.00;0.00;0.00;0.00;0.00;;0.00;;0.00;ST;15.000;0.000;ST;15.000;0.000;;0.000;;0.000;;0.000;;0.000;ST;15.000;0.000;H;010;K4;2026010;20261009;20261005;RV;000;;P;30000;50;;00000;SAP_SYSTEM;20261005140631;20261005140631;20261005;;05;P;;;;000000000000001710;;001710;Y1;0000411100;2;YB10;;0000;;000;000;;00000;00;;0000006321;000010;MZ-TG-Y240;1710;;0001000569;20261009;00000000;00000000;;20261009;;0.000;S;;;;;;;00000000;0000;;0000;;20261005;;;00;;;00000000;;;000;;;;;;000000000000;;;;;000000;00000000;;;;;;;0.00;;000000000000;000000000000;;;;;EOA0000000104955;;;S;H;2;0;0001000569;D;;;00000000;0000104955;PA;;;;;;;;;0000104955;EO;;;00;00000000;;00000000;;00000000;;00000000;;A000;;;;;;;;;;000000;;;000000;;;000000;;000000;;000000;;;;;;;;;;;;;00;;000000;;;;;000;;F2;1710;10;00;MZ-TG-Y240;ZYOUTH;;DE;;;0001000569;0001000569;;;;;;;;;;;;;;;;00000000;000;0000;;;;;;;;000;;;;;;;;;;00000000;00000000;00000000;0.0000000;;;;;;;;;;;;;;00000000;;;;;;;;00000000;;;;;;;00000000;;;;00000000;;00000000;;0000;0000;;;;;;;;;;;;;
0E;1710;2026;PA000043W1;000003;2026;0;;YCOA;A000;;TBCS;TBCS;TBCS;010;COIN;MKPF;;;;000000;000001;000003;00000000000000000000000000000000;;;;;;;000000;;;;;;000000;;0000;;;VBAK;;;0000006320;000020;000000;;1;X;00000000000000000000000000000000;;0050303000;;US10_PLC;YB18;;Z_SEG3;;;;;;;USD;738.59;USD;738.59;USD;738.59;USD;738.59;USD;738.59;;0.00;;0.00;;0.00;;0.00;;0.00;;0.00;;0.00;;0.00;0.00;0.00;0.00;0.00;0.00;0.00;0.00;0.00;0.00;0.00;0.00;;0.00;;0.00;;0.000;0.000;;0.000;0.000;;0.000;;0.000;;0.000;;0.000;ST;0.000;0.000;S;010;K4;2026010;20261009;20261005;WL;000;;P;06000;40;;08240;ARIA;20261005111051;20261005110251;20261005;;10;P;;;;000000000000001710;;001710;Y1;0000585000;2;YB18;;0000;;000;000;;00000;00;;0000006320;000020;MZ-FG-C990;1710;;USCU_S01;00000000;00000000;00000000;;20261009;;0.000;S;;;;;;;00000000;0000;;0000;;20261005;;;00;;;00000000;;;000;;;;;;000100000466;;;;;000000;00000000;;;;1710;;;0.00;S;000000000000;000000000000;;;;;EOA0000000104913;;;S;S;1;1;0013400000;M;YCOA;;00000000;0000104913;PA;;;;;;;;;0000104913;EO;;;00;00000000;;00000000;;00000000;;00000000;;A000;;;;;;;;;;000000;;;000000;;;000000;;000000;;000000;;;;;;;;;;;;;00;;000000;;;;;000;;F2;1710;10;00;MZ-FG-C990;ZCRUISE;Z1;US;;US0004;USCU_S01;USCU_S01;;;;;;;;;;;;;;;;00000000;000;0000;;;;;;;;000;;;;;;;;;;00000000;00000000;00000000;0.0000000;;;;;;;;;;;;;;00000000;;;;;;;;00000000;;;;;;;00000000;;;;00000000;;00000000;;0000;0000;;;;;;;;;;;;;
0E;1710;2026;PA000043W1;000004;2026;0;;YCOA;A000;;TBCS;TBCS;TBCS;010;COIN;MKPF;;;;000000;000001;000004;00000000000000000000000000000000;;;;;;;000000;;;;;;000000;;0000;;;VBAK;;;0000006320;000020;000000;;1;X;00000000000000000000000000000000;;0050304000;;US10_PLC;YB18;;Z_SEG3;;;;;;;USD;646.15;USD;646.15;USD;646.15;USD;646.15;USD;646.15;;0.00;;0.00;;0.00;;0.00;;0.00;;0.00;;0.00;;0.00;0.00;0.00;0.00;0.00;0.00;0.00;0.00;0.00;0.00;0.00;0.00;;0.00;;0.00;;0.000;0.000;;0.000;0.000;;0.000;;0.000;;0.000;;0.000;ST;0.000;0.000;S;010;K4;2026010;20261009;20261005;WL;000;;P;06000;40;;08240;ARIA;20261005111051;20261005110251;20261005;;10;P;;;;000000000000001710;;001710;Y1;0000585000;2;YB18;;0000;;000;000;;00000;00;;0000006320;000020;MZ-FG-C990;1710;;USCU_S01;00000000;00000000;00000000;;20261009;;0.000;S;;;;;;;00000000;0000;;0000;;20261005;;;00;;;00000000;;;000;;;;;;000100000466;;;;;000000;00000000;;;;1710;;;0.00;S;000000000000;000000000000;;;;;EOA0000000104913;;;S;S;1;1;0013400000;M;YCOA;;00000000;0000104913;PA;;;;;;;;;0000104913;EO;;;00;00000000;;00000000;;00000000;;00000000;;A000;;;;;;;;;;000000;;;000000;;;000000;;000000;;000000;;;;;;;;;;;;;00;;000000;;;;;000;;F2;1710;10;00;MZ-FG-C990;ZCRUISE;Z1;US;;US0004;USCU_S01;USCU_S01;;;;;;;;;;;;;;;;00000000;000;0000;;;;;;;;000;;;;;;;;;;00000000;00000000;00000000;0.0000000;;;;;;;;;;;;;;00000000;;;;;;;;00000000;;;;;;;00000000;;;;00000000;;00000000;;0000;0000;;;;;;;;;;;;;
0E;1710;2026;PA000043W1;000005;2026;0;;YCOA;A000;;TBCS;TBCS;TBCS;010;COIN;MKPF;;;;000000;000001;000005;00000000000000000000000000000000;;;;;;;000000;;;;;;000000;;0000;;;VBAK;;;0000006320;000020;000000;;1;X;00000000000000000000000000000000;;0050305000;;US10_PLC;YB18;;Z_SEG3;;;;;;;USD;461.63;USD;461.63;USD;461.63;USD;461.63;USD;461.63;;0.00;;0.00;;0.00;;0.00;;0.00;;0.00;;0.00;;0.00;461.63;0.00;0.00;461.63;461.63;0.00;0.00;0.00;0.00;0.00;0.00;;0.00;;0.00;;0.000;0.000;;0.000;0.000;;0.000;;0.000;;0.000;;0.000;ST;0.000;0.000;S;010;K4;2026010;20261009;20261005;WL;000;;P;06000;40;;08240;ARIA;20261005111051;20261005110251;20261005;;10;P;;;;000000000000001710;;001710;Y1;0000585000;2;YB18;;0000;;000;000;;00000;00;;0000006320;000020;MZ-FG-C990;1710;;USCU_S01;00000000;00000000;00000000;;20261009;;0.000;S;;;;;;;00000000;0000;;0000;;20261005;;;00;;;00000000;;;000;;;;;;000100000466;;;;;000000;00000000;;;;1710;;;0.00;S;000000000000;000000000000;;;;;EOA0000000104913;;;S;S;1;1;0013400000;M;YCOA;;00000000;0000104913;PA;;;;;;;;;0000104913;EO;;;00;00000000;;00000000;;00000000;;00000000;;A000;;;;;;;;;;000000;;;000000;;;000000;;000000;;000000;;;;;;;;;;;;;00;;000000;;;;;000;;F2;1710;10;00;MZ-FG-C990;ZCRUISE;Z1;US;;US0004;USCU_S01;USCU_S01;;;;;;;;;;;;;;;;00000000;000;0000;;;;;;;;000;;;;;;;;;;00000000;00000000;00000000;0.0000000;;;;;;;;;;;;;;00000000;;;;;;;;00000000;;;;;;;00000000;;;;00000000;;00000000;;0000;0000;;;;;;;;;;;;;
0E;1710;2026;PA000043W1;000006;2026;0;;YCOA;A000;;TBCS;TBCS;TBCS;010;COIN;MKPF;;;;000000;000001;000006;00000000000000000000000000000000;;;;;;;000000;;;;;;000000;;0000;;;VBAK;;;0000006320;000020;000000;;1;X;00000000000000000000000000000000;;0050306000;;US10_PLC;YB18;;Z_SEG3;;;;;;;USD;184.64;USD;184.64;USD;184.64;USD;184.64;USD;184.64;;0.00;;0.00;;0.00;;0.00;;0.00;;0.00;;0.00;;0.00;46.16;0.00;0.00;46.16;46.16;0.00;0.00;0.00;0.00;0.00;0.00;;0.00;;0.00;;0.000;0.000;;0.000;0.000;;0.000;;0.000;;0.000;;0.000;ST;0.000;0.000;S;010;K4;2026010;20261009;20261005;WL;000;;P;06000;40;;08240;ARIA;20261005111051;20261005110251;20261005;;10;P;;;;000000000000001710;;001710;Y1;0000585000;2;YB18;;0000;;000;000;;00000;00;;0000006320;000020;MZ-FG-C990;1710;;USCU_S01;00000000;00000000;00000000;;20261009;;0.000;S;;;;;;;00000000;0000;;0000;;20261005;;;00;;;00000000;;;000;;;;;;000100000466;;;;;000000;00000000;;;;1710;;;0.00;S;000000000000;000000000000;;;;;EOA0000000104913;;;S;S;1;1;0013400000;M;YCOA;;00000000;0000104913;PA;;;;;;;;;0000104913;EO;;;00;00000000;;00000000;;00000000;;00000000;;A000;;;;;;;;;;000000;;;000000;;;000000;;000000;;000000;;;;;;;;;;;;;00;;000000;;;;;000;;F2;1710;10;00;MZ-FG-C990;ZCRUISE;Z1;US;;US0004;USCU_S01;USCU_S01;;;;;;;;;;;;;;;;00000000;000;0000;;;;;;;;000;;;;;;;;;;00000000;00000000;00000000;0.0000000;;;;;;;;;;;;;;00000000;;;;;;;;00000000;;;;;;;00000000;;;;00000000;;00000000;;0000;0000;;;;;;;;;;;;;
0E;1710;2026;PA000043X0;000001;2026;0;;YCOA;A000;;RMWL;RMWL;RMWL;010;;MKPF;;;;000000;000001;000000;00000000000000000000000000000000;;;;;;;000000;;;;;;000000;;0000;;;VBAK;;;0000006320;000020;000000;;2;;00000000000000000000000000000000;;0013400000;;US10_PLC;;;Z_SEG3;;;;;;;USD;8100.00;USD;8100.00;USD;8100.00;USD;8100.00;USD;8100.00;;0.00;;0.00;;0.00;;0.00;;0.00;;0.00;;0.00;;0.00;0.00;0.00;0.00;0.00;0.00;0.00;0.00;0.00;0.00;0.00;0.00;;0.00;;0.00;ST;10.000;0.000;ST;10.000;0.000;ST;10.000;;0.000;;0.000;;0.000;;0.000;0.000;H;010;K4;2026010;20261009;20261005;WL;000;;P;06000;99;BSX;00000;ARIA;20261005111051;20261005111051;20261005;;19;X;;;;000000000000001710;;001710;Y1;0000131600;1;915;;0000;;000;000;;00000;00;;;000000;MZ-FG-C990;1710;;USCU_S01;00000000;00000000;00000000;;20261009;;0.000;M;;;;;;;00000000;0000;;0000;;20261005;;;00;;;00000000;;;000;;;;;;000100000466;;;;;000000;00000000;;;;1710;;;0.00;S;000000000000;000000000000;;;;;;;;;;0;0;0054083000;S;YCOA;;00000000;;;;;;;;;;;;;;;00;00000000;;00000000;;00000000;;00000000;;;;;;;;;;;;000000;;;000000;;;000000;;000000;;000000;;;;;;;;;;;;;00;;000000;;;;;000;;;;;;;;;;;;;;;;;;;;;;;;;;;;;00000000;000;0000;;;;;;;;000;;;;;;;;;;00000000;00000000;00000000;0.0000000;;;;;;;;;;;;;;00000000;;;;;;;;00000000;;;;;;;00000000;;;;00000000;;00000000;;0000;0000;;;;;;;;;;;;;
0E;1710;2026;PA000043X0;000002;2026;0;;YCOA;A000;;RMWL;RMWL;RMWL;010;COIN;MKPF;;;;000000;000001;000002;00000000000000000000000000000000;;;;;;;000000;;;;;;000000;;0000;;;VBAK;;;0000006320;000020;000000;;2;;00000000000000000000000000000000;;0054083000;;US10_PLC;YB18;;Z_SEG3;;;;;;;USD;-8100.00;USD;-8100.00;USD;-8100.00;USD;-8100.00;USD;-8100.00;;0.00;;0.00;;0.00;;0.00;;0.00;;0.00;;0.00;;0.00;-507.79;0.00;0.00;-507.79;-507.79;0.00;0.00;0.00;0.00;0.00;0.00;;0.00;;0.00;ST;-10.000;0.000;ST;-10.000;0.000;;0.000;;0.000;;0.000;;0.000;ST;-10.000;0.000;S;010;K4;2026010;20261009;20261005;WL;000;;P;06000;81;GBB;00000;ARIA;20261005111051;20261005111051;20261005;;10;P;;;;000000000000001710;;001710;Y1;0000585000;2;YB18;;0000;;000;000;;00000;00;;0000006320;000020;MZ-FG-C990;1710;;USCU_S01;00000000;00000000;00000000;;20261009;;0.000;S;;;;;;;00000000;0000;;0000;;20261005;;;00;;;00000000;;;000;;;;;;000100000466;;;;;000000;00000000;;;;1710;;;0.00;S;000000000000;000000000000;;;;;EOA0000000104913;;;S;S;1;0;0013400000;M;YCOA;;00000000;0000104913;PA;;;;;;;;;0000104913;EO;;;00;00000000;;00000000;;00000000;;00000000;;A000;;;;;;;;;;000000;;;000000;;;000000;;000000;;000000;;;;;;;;;;;;;00;;000000;;;;;000;;F2;1710;10;00;MZ-FG-C990;ZCRUISE;Z1;US;;US0004;USCU_S01;USCU_S01;;;;;;;;;;;;;;;;00000000;000;0000;;;;;;;;000;;;;;;;;;;00000000;00000000;00000000;0.0000000;;;;;;;;;;;;;;00000000;;;;;;;;00000000;;;;;;;00000000;;;;00000000;;00000000;;0000;0000;;;;;;;;;;;;;
0E;1710;2026;PA000043X1;000001;2026;0;;YCOA;A000;;TBCS;TBCS;TBCS;010;COIN;MKPF;;;;000000;000001;000001;00000000000000000000000000000000;;;;;;;000000;;;;;;000000;;0000;;;VBAK;;;0000006320;000020;000000;;2;X;00000000000000000000000000000000;;0054083000;;US10_PLC;YB18;;Z_SEG3;;;;;;;USD;8100.00;USD;8100.00;USD;8100.00;USD;8100.00;USD;8100.00;;0.00;;0.00;;0.00;;0.00;;0.00;;0.00;;0.00;;0.00;507.79;0.00;0.00;507.79;507.79;0.00;0.00;0.00;0.00;0.00;0.00;;0.00;;0.00;;0.000;0.000;;0.000;0.000;;0.000;;0.000;;0.000;;0.000;ST;0.000;0.000;H;010;K4;2026010;20261009;20261005;WL;000;;P;06000;50;;00000;ARIA;20261005111051;20261005111051;20261005;;10;P;;;;000000000000001710;;001710;Y1;0000585000;2;YB18;;0000;;000;000;;00000;00;;0000006320;000020;MZ-FG-C990;1710;;USCU_S01;00000000;00000000;00000000;;20261009;;0.000;S;;;;;;;00000000;0000;;0000;;20261005;;;00;;;00000000;;;000;;;;;;000100000466;;;;;000000;00000000;;;;1710;;;0.00;S;000000000000;000000000000;;;;;EOA0000000104913;;;S;H;1;1;0013400000;M;YCOA;;00000000;0000104913;PA;;;;;;;;;0000104913;EO;;;00;00000000;;00000000;;00000000;;00000000;;A000;;;;;;;;;;000000;;;000000;;;000000;;000000;;000000;;;;;;;;;;;;;00;;000000;;;;;000;;F2;1710;10;00;MZ-FG-C990;ZCRUISE;Z1;US;;US0004;USCU_S01;USCU_S01;;;;;;;;;;;;;;;;00000000;000;0000;;;;;;;;000;;;;;;;;;;00000000;00000000;00000000;0.0000000;;;;;;;;;;;;;;00000000;;;;;;;;00000000;;;;;;;00000000;;;;00000000;;00000000;;0000;0000;;;;;;;;;;;;;
0E;1710;2026;PA000043X1;000002;2026;0;;YCOA;A000;;TBCS;TBCS;TBCS;010;COIN;MKPF;;;;000000;000001;000002;00000000000000000000000000000000;;;;;;;000000;;;;;;000000;;0000;;;VBAK;;;0000006320;000020;000000;;2;X;00000000000000000000000000000000;;0050301000;;US10_PLC;YB18;;Z_SEG3;;;;;;;USD;-6068.99;USD;-6068.99;USD;-6068.99;USD;-6068.99;USD;-6068.99;;0.00;;0.00;;0.00;;0.00;;0.00;;0.00;;0.00;;0.00;0.00;0.00;0.00;0.00;0.00;0.00;0.00;0.00;0.00;0.00;0.00;;0.00;;0.00;;0.000;0.000;;0.000;0.000;;0.000;;0.000;;0.000;;0.000;ST;0.000;0.000;S;010;K4;2026010;20261009;20261005;WL;000;;P;06000;40;;08240;ARIA;20261005111051;20261005111051;20261005;;10;P;;;;000000000000001710;;001710;Y1;0000585000;2;YB18;;0000;;000;000;;00000;00;;0000006320;000020;MZ-FG-C990;1710;;USCU_S01;00000000;00000000;00000000;;20261009;;0.000;S;;;;;;;00000000;0000;;0000;;20261005;;;00;;;00000000;;;000;;;;;;000100000466;;;;;000000;00000000;;;;1710;;;0.00;S;000000000000;000000000000;;;;;EOA0000000104913;;;S;S;1;1;0013400000;M;YCOA;;00000000;0000104913;PA;;;;;;;;;0000104913;EO;;;00;00000000;;00000000;;00000000;;00000000;;A000;;;;;;;;;;000000;;;000000;;;000000;;000000;;000000;;;;;;;;;;;;;00;;000000;;;;;000;;F2;1710;10;00;MZ-FG-C990;ZCRUISE;Z1;US;;US0004;USCU_S01;USCU_S01;;;;;;;;;;;;;;;;00000000;000;0000;;;;;;;;000;;;;;;;;;;00000000;00000000;00000000;0.0000000;;;;;;;;;;;;;;00000000;;;;;;;;00000000;;;;;;;00000000;;;;00000000;;00000000;;0000;0000;;;;;;;;;;;;;
2L;1710;2026;4900000004;000001;2026;0;;YCOA;A000;;RMWL;RMWL;RMWL;010;;MKPF;;2026;4900008955;000001;000001;000000;00000000000000000000000000000000;;;;;;;000000;;;;;;000000;;0000;;;;;;;000000;000000;;;;00000000000000000000000000000000;;0013600000;;US10_TGY1;;;Z_SEG4;;;;;;;USD;-1301.70;USD;-1301.70;USD;-1301.70;USD;-1301.70;USD;-1301.70;;0.00;;0.00;;0.00;;0.00;;0.00;;0.00;;0.00;;0.00;0.00;0.00;0.00;0.00;0.00;0.00;0.00;0.00;0.00;0.00;0.00;;0.00;;0.00;ST;-15.000;0.000;ST;-15.000;0.000;ST;-15.000;;0.000;;0.000;;0.000;;0.000;0.000;H;010;K4;2026010;20261005;20261005;WL;001;;;06000;99;BSX;00000;ARIA;20261005135052;20261005135052;20261005;;19;X;;;;;;;;;;;;0000;;000;000;;00000;00;;;000000;MZ-TG-Y240;1710;;0001000569;00000000;00000000;00000000;;20261005;;0.000;M;;;;;;;00000000;0000;;0000;;20261005;;;00;;;00000000;;;000;;;;;;000100000460;;;;;000000;00000000;;;;1710;VKA;VN;0.00;V;000000000000;000100021306;;;;;;;;;;0;0;0054083000;S;YCOA;;00000000;;;;;;;;;;;;;;;00;00000000;;00000000;;00000000;;00000000;;;;;;;;;;;;000000;;;000000;;;000000;;000000;;000000;;;;;;;;;;;;;00;;000000;;;;;000;;;;;;;;;;;;;;;;;;;;;;;;;;;;;00000000;000;0000;;;;;;;;000;;;;;;;;;;00000000;00000000;00000000;0.0000000;;;;;;;;;;;;;;00000000;;;;;;;;00000000;;;;;;;00000000;;;;00000000;;00000000;;0000;0000;;;;;;;;;;;;;
2L;1710;2026;4900000004;000002;2026;0;;YCOA;A000;;RMWL;RMWL;RMWL;010;COIN;MKPF;;2026;4900008955;000001;000001;000002;00000000000000000000000000000000;;;;;;;000000;;;;;;000000;;0000;;;;;;;000000;000000;;;;00000000000000000000000000000000;;0054083000;;US10_TGY1;YB18;;Z_SEG4;;;;;;;USD;1301.70;USD;1301.70;USD;1301.70;USD;1301.70;USD;1301.70;;0.00;;0.00;;0.00;;0.00;;0.00;;0.00;;0.00;;0.00;0.00;0.00;0.00;0.00;0.00;0.00;0.00;0.00;0.00;0.00;0.00;;0.00;;0.00;ST;15.000;0.000;ST;15.000;0.000;;0.000;;0.000;;0.000;;0.000;ST;15.000;0.000;S;010;K4;2026010;20261005;20261005;WL;002;20261005;;06000;81;GBB;00000;ARIA;20261005135052;20261005135052;20261005;;10;P;;;;;;;;;;;;0000;;000;000;;00000;00;;0000006321;000010;MZ-TG-Y240;1710;;0001000569;00000000;00000000;00000000;;20261005;;0.000;S;;;;;;;00000000;0000;;0000;;20261005;;;00;;;00000000;;;000;;;;;;000100000460;;;;;000000;00000000;;;;1710;VKA;VN;0.00;V;000000000000;000100021306;;;;;EOA0000000104945;;;S;S;1;0;0013600000;M;YCOA;;00000000;0000104945;PA;;;;;;;;;0000104945;EO;;;00;00000000;;00000000;;00000000;;00000000;;A000;;;;;;;;;;000000;;;000000;;;000000;;000000;;000000;;;;;;;;;;;;;00;;000000;;;;;000;;F2;1710;10;00;MZ-TG-Y240;ZYOUTH;;DE;;;0001000569;0001000569;;;;;;;;;;;;;;;;00000000;000;0000;;;;;;;;000;;;;;;;;;;00000000;00000000;00000000;0.0000000;;;;;;;;;;;;;;00000000;;;;;;;;00000000;;;;;;;00000000;;;;00000000;;00000000;;0000;0000;;;;;;;;;;;;;
2L;1710;2026;4900000004;000003;2026;0;;YCOA;A000;;RMWL;RMWL;RMWL;010;;MKPF;;2026;4900008955;000002;000002;000000;00000000000000000000000000000000;;;;;;;000000;;;;;;000000;;0000;;;;;;;000000;000000;;;;00000000000000000000000000000000;;0013600000;;US10_TGY1;;;Z_SEG4;;;;;;;USD;-476.49;USD;-476.49;USD;-476.49;USD;-476.49;USD;-476.49;;0.00;;0.00;;0.00;;0.00;;0.00;;0.00;;0.00;;0.00;0.00;0.00;0.00;0.00;0.00;0.00;0.00;0.00;0.00;0.00;0.00;;0.00;;0.00;ST;-7.000;0.000;ST;-7.000;0.000;ST;-7.000;;0.000;;0.000;;0.000;;0.000;0.000;H;010;K4;2026010;20261005;20261005;WL;003;;;06000;99;BSX;00000;ARIA;20261005135052;20261005135052;20261005;;19;X;;;;;;;;;;;;0000;;000;000;;00000;00;;;000000;MZ-TG-Y200;1710;;0001000569;00000000;00000000;00000000;;20261005;;0.000;M;;;;;;;00000000;0000;;0000;;20261005;;;00;;;00000000;;;000;;;;;;000100000458;;;;;000000;00000000;;;;1710;VKA;VN;0.00;V;000000000000;000100021307;;;;;;;;;;0;0;0054083000;S;YCOA;;00000000;;;;;;;;;;;;;;;00;00000000;;00000000;;00000000;;00000000;;;;;;;;;;;;000000;;;000000;;;000000;;000000;;000000;;;;;;;;;;;;;00;;000000;;;;;000;;;;;;;;;;;;;;;;;;;;;;;;;;;;;00000000;000;0000;;;;;;;;000;;;;;;;;;;00000000;00000000;00000000;0.0000000;;;;;;;;;;;;;;00000000;;;;;;;;00000000;;;;;;;00000000;;;;00000000;;00000000;;0000;0000;;;;;;;;;;;;;
2L;1710;2026;4900000004;000004;2026;0;;YCOA;A000;;RMWL;RMWL;RMWL;010;COIN;MKPF;;2026;4900008955;000002;000002;000004;00000000000000000000000000000000;;;;;;;000000;;;;;;000000;;0000;;;;;;;000000;000000;;;;00000000000000000000000000000000;;0054083000;;US10_TGY1;YB18;;Z_SEG4;;;;;;;USD;476.49;USD;476.49;USD;476.49;USD;476.49;USD;476.49;;0.00;;0.00;;0.00;;0.00;;0.00;;0.00;;0.00;;0.00;0.00;0.00;0.00;0.00;0.00;0.00;0.00;0.00;0.00;0.00;0.00;;0.00;;0.00;ST;7.000;0.000;ST;7.000;0.000;;0.000;;0.000;;0.000;;0.000;ST;7.000;0.000;S;010;K4;2026010;20261005;20261005;WL;004;20261005;;06000;81;GBB;00000;ARIA;20261005135052;20261005135052;20261005;;10;P;;;;;;;;;;;;0000;;000;000;;00000;00;;0000006321;000020;MZ-TG-Y200;1710;;0001000569;00000000;00000000;00000000;;20261005;;0.000;S;;;;;;;00000000;0000;;0000;;20261005;;;00;;;00000000;;;000;;;;;;000100000458;;;;;000000;00000000;;;;1710;VKA;VN;0.00;V;000000000000;000100021307;;;;;EOA0000000104946;;;S;S;1;0;0013600000;M;YCOA;;00000000;0000104946;PA;;;;;;;;;0000104946;EO;;;00;00000000;;00000000;;00000000;;00000000;;A000;;;;;;;;;;000000;;;000000;;;000000;;000000;;000000;;;;;;;;;;;;;00;;000000;;;;;000;;F2;1710;10;00;MZ-TG-Y200;ZYOUTH;;DE;;;0001000569;0001000569;;;;;;;;;;;;;;;;00000000;000;0000;;;;;;;;000;;;;;;;;;;00000000;00000000;00000000;0.0000000;;;;;;;;;;;;;;00000000;;;;;;;;00000000;;;;;;;00000000;;;;00000000;;00000000;;0000;0000;;;;;;;;;;;;;
0L;1710;2026;9400000001;000001;2026;0;;YCOA;A000;;SD00;SD00;SD00;010;;VBRK;;;0090005785;000000;000000;000000;00000000000000000000000000000000;;;;;;;000000;;;;;;000000;;0000;;;;;;;000000;000000;;;;00000000000000000000000000000000;;0012120000;;US10_TGY1;;;Z_SEG4;;;;;;;USD;3240.00;USD;3240.00;USD;3240.00;USD;3240.00;USD;3240.00;;0.00;;0.00;;0.00;;0.00;;0.00;;0.00;;0.00;;0.00;0.00;0.00;0.00;0.00;0.00;0.00;0.00;0.00;0.00;0.00;0.00;;0.00;;0.00;;0.000;0.000;;0.000;0.000;;0.000;;0.000;;0.000;;0.000;;0.000;0.000;S;010;K4;2026010;20261005;20261005;RV;001;;;02000;01;;00000;ARIA;20261005135525;20261005135525;20261005;;35;X;;;X;000000000000001710;;001710;Y1;0000121100;1;915;;0000;;000;000;;00000;00;;;000000;;;;0001000569;00000000;00000000;00000000;;20261005;;0.000;D;;;;;;X;00000000;0000;;0000;;00000000;;;00;;;00000000;;;000;;;;;;000000000000;;;;;000000;00000000;;;;;;;0.00;;000000000000;000000000000;;;;;;;;;;0;0;0041000000;S;YCOA;;00000000;;;;;;;;;;;;;;;00;00000000;;00000000;;00000000;;00000000;;;;;;;;;;;;000000;;;000000;;;000000;;000000;;000000;;;;;;;;;;;;;00;;000000;;;;;000;;F2;1710;10;00;;;;;;;;;;;;;;;;;;;;;;;;00000000;000;0000;;;;;;;;000;;;;;;;;;;00000000;00000000;00000000;0.0000000;;;;;;;;;;;;;;00000000;;;;;;;;00000000;;;;;;;00000000;;;;20261005;;00000000;;0000;0000;;;;;;;;;;;;;
0L;1710;2026;9400000001;000002;2026;0;;YCOA;A000;;SD00;SD00;SD00;010;COIN;VBRK;;;0090005785;000010;000000;001001;00000000000000000000000000000000;;;;;;;000000;;;;;;000000;;0000;;;;;;;000000;000000;;;;00000000000000000000000000000000;;0041000000;;US10_TGY1;YB10;;Z_SEG4;;;;;;;USD;-2400.00;USD;-2400.00;USD;-2400.00;USD;-2400.00;USD;-2400.00;;0.00;;0.00;;0.00;;0.00;;0.00;;0.00;;0.00;;0.00;0.00;0.00;0.00;0.00;0.00;0.00;0.00;0.00;0.00;0.00;0.00;;0.00;;0.00;ST;-15.000;0.000;ST;-15.000;0.000;;0.000;;0.000;;0.000;;0.000;ST;-15.000;0.000;H;010;K4;2026010;20261005;20261005;RV;002;20261005;;30000;50;;00000;ARIA;20261005135525;20261005135525;20261005;;05;P;;;;000000000000001710;;001710;Y1;0000411100;2;YB10;;0000;;000;000;;00000;00;;0000006321;000010;MZ-TG-Y240;1710;;0001000569;20261005;00000000;00000000;;20261005;;0.000;S;;;;;;;00000000;0000;;0000;;20261005;;;00;;;00000000;;;000;;;;;;000000000000;;;;;000000;00000000;;;;;;;0.00;;000000000000;000000000000;;;;;EOA0000000104951;;;S;H;2;0;0001000569;D;;;00000000;0000104951;PA;;;;;;;;;0000104951;EO;;;00;00000000;;00000000;;00000000;;00000000;;A000;;;;;;;;;;000000;;;000000;;;000000;;000000;;000000;;;;;;;;;;;;;00;;000000;;;;;002;;F2;1710;10;00;MZ-TG-Y240;ZYOUTH;;DE;;;0001000569;0001000569;;;;;;;;;;;;;;;;00000000;000;0000;;;;;;;;000;;;;;;;;;;00000000;00000000;00000000;0.0000000;;;;;;;;;;;;;;00000000;;;;;;;;00000000;;;;;;;00000000;;;;00000000;;00000000;;0000;0000;;;;;;;;;;;;;
0L;1710;2026;9400000001;000003;2026;0;;YCOA;A000;;SD00;SD00;SD00;010;COIN;VBRK;;;0090005785;000020;000000;001003;00000000000000000000000000000000;;;;;;;000000;;;;;;000000;;0000;;;;;;;000000;000000;;;;00000000000000000000000000000000;;0041000000;;US10_TGY1;YB10;;Z_SEG4;;;;;;;USD;-840.00;USD;-840.00;USD;-840.00;USD;-840.00;USD;-840.00;;0.00;;0.00;;0.00;;0.00;;0.00;;0.00;;0.00;;0.00;0.00;0.00;0.00;0.00;0.00;0.00;0.00;0.00;0.00;0.00;0.00;;0.00;;0.00;ST;-7.000;0.000;ST;-7.000;0.000;;0.000;;0.000;;0.000;;0.000;ST;-7.000;0.000;H;010;K4;2026010;20261005;20261005;RV;002;20261005;;30000;50;;00000;ARIA;20261005135525;20261005135525;20261005;;05;P;;;;000000000000001710;;001710;Y1;0000411100;2;YB10;;0000;;000;000;;00000;00;;0000006321;000020;MZ-TG-Y200;1710;;0001000569;20261005;00000000;00000000;;20261005;;0.000;S;;;;;;;00000000;0000;;0000;;20261005;;;00;;;00000000;;;000;;;;;;000000000000;;;;;000000;00000000;;;;;;;0.00;;000000000000;000000000000;;;;;EOA0000000104952;;;S;H;2;0;0001000569;D;;;00000000;0000104952;PA;;;;;;;;;0000104952;EO;;;00;00000000;;00000000;;00000000;;00000000;;A000;;;;;;;;;;000000;;;000000;;;000000;;000000;;000000;;;;;;;;;;;;;00;;000000;;;;;004;;F2;1710;10;00;MZ-TG-Y200;ZYOUTH;;DE;;;0001000569;0001000569;;;;;;;;;;;;;;;;00000000;000;0000;;;;;;;;000;;;;;;;;;;00000000;00000000;00000000;0.0000000;;;;;;;;;;;;;;00000000;;;;;;;;00000000;;;;;;;00000000;;;;00000000;;00000000;;0000;0000;;;;;;;;;;;;;
2L;1710;2026;9400000001;000001;2026;0;;YCOA;A000;;SD00;SD00;SD00;010;;VBRK;;;0090005785;000000;000000;000000;00000000000000000000000000000000;;;;;;;000000;;;;;;000000;;0000;;;;;;;000000;000000;;;;00000000000000000000000000000000;;0012120000;;US10_TGY1;;;Z_SEG4;;;;;;;USD;3240.00;USD;3240.00;USD;3240.00;USD;3240.00;USD;3240.00;;0.00;;0.00;;0.00;;0.00;;0.00;;0.00;;0.00;;0.00;0.00;0.00;0.00;0.00;0.00;0.00;0.00;0.00;0.00;0.00;0.00;;0.00;;0.00;;0.000;0.000;;0.000;0.000;;0.000;;0.000;;0.000;;0.000;;0.000;0.000;S;010;K4;2026010;20261005;20261005;RV;001;;;02000;01;;00000;ARIA;20261005135525;20261005135525;20261005;;35;X;;;X;;;;;;;;;0000;;000;000;;00000;00;;;000000;;;;0001000569;00000000;00000000;00000000;;20261005;;0.000;D;;;;;;X;00000000;0000;;0000;;00000000;;;00;;;00000000;;;000;;;;;;000000000000;;;;;000000;00000000;;;;;;;0.00;;000000000000;000000000000;;;;;;;;;;0;0;0041000000;S;YCOA;;00000000;;;;;;;;;;;;;;;00;00000000;;00000000;;00000000;;00000000;;;;;;;;;;;;000000;;;000000;;;000000;;000000;;000000;;;;;;;;;;;;;00;;000000;;;;;000;;F2;1710;10;00;;;;;;;;;;;;;;;;;;;;;;;;00000000;000;0000;;;;;;;;000;;;;;;;;;;00000000;00000000;00000000;0.0000000;;;;;;;;;;;;;;00000000;;;;;;;;00000000;;;;;;;00000000;;;;20261005;;00000000;;0000;0000;;;;;;;;;;;;;
2L;1710;2026;5100000001;000001;2026;0;;YCOA;A000;;RMRP;RMRP;RMRP;010;;RMRP;;2026;5100001599;000000;000000;000000;00000000000000000000000000000000;;;;;;;000000;;;;;;000000;;0000;;;;;;;000000;000000;;;;00000000000000000000000000000000;;0021100000;;YB700;;;1000_C;;;;;;;USD;-40.50;USD;-40.50;USD;-40.50;USD;-40.50;USD;-40.50;;0.00;;0.00;;0.00;;0.00;;0.00;;0.00;;0.00;;0.00;0.00;0.00;0.00;0.00;0.00;0.00;0.00;0.00;0.00;0.00;0.00;;0.00;;0.00;;0.000;0.000;;0.000;0.000;;0.000;;0.000;;0.000;;0.000;;0.000;0.000;H;010;K4;2026010;20261005;20261005;RE;001;;;03000;31;KBS;00000;ARIA;20261005142023;20261005142023;20261005;;35;X;;;X;;;;;;;;;0000;;000;000;;00000;00;SUPP.INV.0002;;000000;;;0001000559;;00000000;00000000;00000000;;20261005;;0.000;K;;I1;;;;X;00000000;0000;;0000;;00000000;;;00;;;00000000;;;000;;;;;;000000000000;;;;;000000;00000000;;;;;;;0.00;;000000000000;000000000000;;;;;;;;;;0;0;0021120000;S;YCOA;;00000000;;;;;;;;;;;;;;;00;00000000;;00000000;;00000000;;00000000;;;;;;;;;;;;000000;;;000000;;;000000;;000000;;000000;;;;;;;;;;;;;00;;000000;;;;;000;;;;;;;;;;;;;;;;;;;;;;;;;;;;;00000000;000;0000;;;;;;;;000;;;;;;;;;;00000000;00000000;00000000;0.0000000;;;;;;;;;;;;;;00000000;;;;;;;;00000000;;;;;;;00000000;;;;20261104;;00000000;;0000;0000;;;;;;;;;;;;;
2L;1710;2026;5100000001;000002;2026;0;;YCOA;A000;;RMRP;RMRP;RMRP;010;;RMRP;;2026;5100001599;000001;000001;000000;00000000000000000000000000000000;;;;;;;000000;;;;;;000000;;0000;;;;;;;000000;000000;;;;00000000000000000000000000000000;;0021120000;;YB700;;;1000_C;;;;;;;USD;40.50;USD;40.50;USD;40.50;USD;40.50;USD;40.50;;0.00;;0.00;;0.00;;0.00;;0.00;;0.00;;0.00;;0.00;0.00;0.00;0.00;0.00;0.00;0.00;0.00;0.00;0.00;0.00;0.00;;0.00;;0.00;;0.000;0.000;;0.000;0.000;ST;3.000;;0.000;;0.000;;0.000;;0.000;0.000;S;010;K4;2026010;20261005;20261005;RE;002;450000214600010;;01000;86;WRX;00000;ARIA;20261005142023;20261005142023;20261005;;35;X;;;;;;;;;;;;0000;;000;000;4500002146;00010;00;;;000000;TG11;1710;;;00000000;00000000;00000000;;20261005;;0.000;S;;I1;;;;X;00000000;0000;;0000;;20261005;;;00;;;00000000;;;000;;;;;;000100000002;;;;;000000;00000000;;;;1710;BB;ZU;0.00;V;000100005913;000100005914;;;;;;;;;;0;0;0001000559;K;;;00000000;;;;;;;;;;;;;;;00;00000000;;00000000;;00000000;;00000000;;;;;;;;;;;;000000;;;000000;;;000000;;000000;;000000;;;;;;;;;;;;;00;;000000;;;;;000;;;;;;;;;;;;;;;;;;;;;;;;;;;;;00000000;000;0000;;;;;;;;000;;;;;;;;;;00000000;00000000;00000000;0.0000000;;;;;;;;;;;;;;00000000;;;;;;;;00000000;;;;;;;00000000;;;;00000000;;00000000;;0000;0000;;;;;;;;;;;;;
0L;1710;2026;5000000001;000001;2026;0;;YCOA;A000;;RMWE;RMWE;RMWE;010;;MKPF;;2026;5000002931;000001;000001;000000;00000000000000000000000000000000;;;;;;;000000;;;;;;000000;;0000;;;;;;;000000;000000;;;;00000000000000000000000000000000;;0013600000;;YB700;;;1000_C;;;;;;;USD;36.00;USD;36.00;USD;36.00;USD;36.00;USD;36.00;;0.00;;0.00;;0.00;;0.00;;0.00;;0.00;;0.00;;0.00;0.00;0.00;0.00;0.00;0.00;0.00;0.00;0.00;0.00;0.00;0.00;;0.00;;0.00;ST;3.000;0.000;ST;3.000;0.000;ST;3.000;;0.000;;0.000;;0.000;;0.000;0.000;S;010;K4;2026010;20261002;20261002;WE;001;;;06000;89;BSX;00000;ARIA;20261002144830;20261002144830;20261002;;19;X;;;;000000000000001710;;001710;Y1;0000131200;1;915;;0000;;000;000;4500002146;00020;00;;;000000;TG20;1710;0001000559;;00000000;00000000;00000000;;20261002;;0.000;M;;;;;;;00000000;0000;;0000;;20261002;;;00;;;00000000;;;000;;;;;;000100000010;;;;;000000;00000000;;;;1710;BB;ZU;0.00;V;000100021200;000100021201;;;;;;;;;;0;0;0021120000;S;YCOA;;00000000;;;;;;;;;;;;;;;00;00000000;;00000000;;00000000;;00000000;;;;;;;;;;;;000000;;;000000;;;000000;;000000;;000000;;;;;;;;;;;;;00;;000000;;;;;000;;;;;00;;;;;;;;;;;;;;;;;;;;;;;;00000000;000;0000;;;;;;;;000;;;;;;;;;;00000000;00000000;00000000;0.0000000;;;;;;;;;;;;;;00000000;;;;;;;;00000000;;;;;;;00000000;;;;00000000;;00000000;;0000;0000;;;;;;;;;;;;;
0L;1710;2026;5000000001;000002;2026;0;;YCOA;A000;;RMWE;RMWE;RMWE;010;;MKPF;;2026;5000002931;000001;000001;000000;00000000000000000000000000000000;;;;;;;000000;;;;;;000000;;0000;;;;;;;000000;000000;;;;00000000000000000000000000000000;;0021120000;;YB700;;;1000_C;;;;;;;USD;-36.00;USD;-36.00;USD;-36.00;USD;-36.00;USD;-36.00;;0.00;;0.00;;0.00;;0.00;;0.00;;0.00;;0.00;;0.00;0.00;0.00;0.00;0.00;0.00;0.00;0.00;0.00;0.00;0.00;0.00;;0.00;;0.00;ST;-3.000;0.000;;0.000;0.000;ST;-3.000;;0.000;;0.000;;0.000;;0.000;0.000;H;010;K4;2026010;20261002;20261002;WE;002;450000214600020;;01000;96;WRX;00000;ARIA;20261002144830;20261002144830;20261002;;35;X;;;;000000000000001710;;001710;Y1;0000211100;1;915;;0000;;000;000;4500002146;00020;00;;;000000;TG20;1710;0001000559;;00000000;00000000;00000000;;20261002;;0.000;S;;;;;;X;00000000;0000;;0000;;20261002;;;00;;;00000000;;;000;;;;;;000100000010;;;;;000000;00000000;;;;1710;BB;ZU;0.00;V;000100021200;000100021201;;;;;;;;;;0;0;0013600000;M;YCOA;;00000000;;;;;;;;;;;;;;;00;00000000;;00000000;;00000000;;00000000;;;;;;;;;;;;000000;;;000000;;;000000;;000000;;000000;;;;;;;;;;;;;00;;000000;;;;;000;;;;;00;;;;;;;;;;;;;;;;;;;;;;;;00000000;000;0000;;;;;;;;000;;;;;;;;;;00000000;00000000;00000000;0.0000000;;;;;;;;;;;;;;00000000;;;;;;;;00000000;;;;;;;00000000;;;;00000000;;00000000;;0000;0000;;;;;;;;;;;;;
2L;1710;2026;5000000001;000001;2026;0;;YCOA;A000;;RMWE;RMWE;RMWE;010;;MKPF;;2026;5000002931;000001;000001;000000;00000000000000000000000000000000;;;;;;;000000;;;;;;000000;;0000;;;;;;;000000;000000;;;;00000000000000000000000000000000;;0013600000;;YB700;;;1000_C;;;;;;;USD;36.00;USD;36.00;USD;36.00;USD;36.00;USD;36.00;;0.00;;0.00;;0.00;;0.00;;0.00;;0.00;;0.00;;0.00;0.00;0.00;0.00;0.00;0.00;0.00;0.00;0.00;0.00;0.00;0.00;;0.00;;0.00;ST;3.000;0.000;ST;3.000;0.000;ST;3.000;;0.000;;0.000;;0.000;;0.000;0.000;S;010;K4;2026010;20261002;20261002;WE;001;;;06000;89;BSX;00000;ARIA;20261002144830;20261002144830;20261002;;19;X;;;;;;;;;;;;0000;;000;000;4500002146;00020;00;;;000000;TG20;1710;0001000559;;00000000;00000000;00000000;;20261002;;0.000;M;;;;;;;00000000;0000;;0000;;20261002;;;00;;;00000000;;;000;;;;;;000100000010;;;;;000000;00000000;;;;1710;BB;ZU;0.00;V;000100021200;000100021201;;;;;;;;;;0;0;0021120000;S;YCOA;;00000000;;;;;;;;;;;;;;;00;00000000;;00000000;;00000000;;00000000;;;;;;;;;;;;000000;;;000000;;;000000;;000000;;000000;;;;;;;;;;;;;00;;000000;;;;;000;;;;;00;;;;;;;;;;;;;;;;;;;;;;;;00000000;000;0000;;;;;;;;000;;;;;;;;;;00000000;00000000;00000000;0.0000000;;;;;;;;;;;;;;00000000;;;;;;;;00000000;;;;;;;00000000;;;;00000000;;00000000;;0000;0000;;;;;;;;;;;;;
2L;1710;2026;5000000001;000002;2026;0;;YCOA;A000;;RMWE;RMWE;RMWE;010;;MKPF;;2026;5000002931;000001;000001;000000;00000000000000000000000000000000;;;;;;;000000;;;;;;000000;;0000;;;;;;;000000;000000;;;;00000000000000000000000000000000;;0021120000;;YB700;;;1000_C;;;;;;;USD;-36.00;USD;-36.00;USD;-36.00;USD;-36.00;USD;-36.00;;0.00;;0.00;;0.00;;0.00;;0.00;;0.00;;0.00;;0.00;0.00;0.00;0.00;0.00;0.00;0.00;0.00;0.00;0.00;0.00;0.00;;0.00;;0.00;ST;-3.000;0.000;;0.000;0.000;ST;-3.000;;0.000;;0.000;;0.000;;0.000;0.000;H;010;K4;2026010;20261002;20261002;WE;002;450000214600020;;01000;96;WRX;00000;ARIA;20261002144830;20261002144830;20261002;;35;X;;;;;;;;;;;;0000;;000;000;4500002146;00020;00;;;000000;TG20;1710;0001000559;;00000000;00000000;00000000;;20261002;;0.000;S;;;;;;X;00000000;0000;;0000;;20261002;;;00;;;00000000;;;000;;;;;;000100000010;;;;;000000;00000000;;;;1710;BB;ZU;0.00;V;000100021200;000100021201;;;;;;;;;;0;0;0013600000;M;YCOA;;00000000;;;;;;;;;;;;;;;00;00000000;;00000000;;00000000;;00000000;;;;;;;;;;;;000000;;;000000;;;000000;;000000;;000000;;;;;;;;;;;;;00;;000000;;;;;000;;;;;00;;;;;;;;;;;;;;;;;;;;;;;;00000000;000;0000;;;;;;;;000;;;;;;;;;;00000000;00000000;00000000;0.0000000;;;;;;;;;;;;;;00000000;;;;;;;;00000000;;;;;;;00000000;;;;00000000;;00000000;;0000;0000;;;;;;;;;;;;;
0L;1710;2026;4900000000;000001;2026;0;;YCOA;A000;;RMWA;RMWA;RMWA;010;;MKPF;;2026;4900008951;000001;000001;000000;00000000000000000000000000000000;;;;;;;000000;;;;;;000000;;0000;;;;;;;000000;000000;;;;00000000000000000000000000000000;;0013600000;;YB700;;;1000_C;;YB700;;;;1000_C;USD;1378.38;USD;1378.38;USD;1378.38;USD;1378.38;USD;1378.38;;0.00;;0.00;;0.00;;0.00;;0.00;;0.00;;0.00;;0.00;0.00;0.00;0.00;0.00;0.00;0.00;0.00;0.00;0.00;0.00;0.00;;0.00;;0.00;ST;100.000;0.000;ST;100.000;0.000;ST;100.000;;0.000;;0.000;;0.000;;0.000;0.000;S;010;K4;2026010;20261005;20261005;WA;001;;;06000;89;BSX;00000;ARIA;20261005093939;20261005093939;20261005;;19;X;;;;000000000000001710;;001710;Y1;0000131200;1;915;;0000;;000;000;;00000;00;;;000000;TG11;1710;;;00000000;00000000;00000000;;20261005;;0.000;M;;;;;;;00000000;0000;;0000;;20261005;;;00;;;00000000;;;000;;;;;;000100000002;;;;;000000;00000000;;;;1710;B+;ZU;0.00;V;000100003802;000100003803;;;;;;;;;;0;0;0054070000;S;YCOA;;00000000;;;;;;;;;;;;;;;00;00000000;;00000000;;00000000;;00000000;;;;;;;;;;;;000000;;;000000;;;000000;;000000;;000000;;;;;;;;;;;;;00;;000000;;;;;000;;;;;00;;;;;;;;;;;;;;;;;;;;;;;;00000000;000;0000;;;;;;;;000;;;;;;;;;;00000000;00000000;00000000;0.0000000;;;;;;;;;;;;;;00000000;;;;;;;;00000000;;;;;;;00000000;;;;00000000;;00000000;;0000;0000;;;;;;;;;;;;;
0L;1710;2026;4900000000;000002;2026;0;;YCOA;A000;;RMWA;RMWA;RMWA;010;;MKPF;;2026;4900008951;000001;000001;000000;00000000000000000000000000000000;;;;;;;000000;;;;;;000000;;0000;;;;;;;000000;000000;;;;00000000000000000000000000000000;;0054070000;;YB700;YB20;;1000_C;;YB700;;;;1000_C;USD;-1378.38;USD;-1378.38;USD;-1378.38;USD;-1378.38;USD;-1378.38;;0.00;;0.00;;0.00;;0.00;;0.00;;0.00;;0.00;;0.00;0.00;0.00;0.00;0.00;0.00;0.00;0.00;0.00;0.00;0.00;0.00;;0.00;;0.00;ST;-100.000;0.000;;0.000;0.000;;0.000;;0.000;;0.000;;0.000;;0.000;0.000;H;010;K4;2026010;20261005;20261005;WA;002;20261005;;06000;91;GBB;00000;ARIA;20261005093939;20261005093939;20261005;;01;N;;;;000000000000001710;;001710;Y1;0000412100;2;YB20;;0000;;000;000;;00000;00;;;000000;TG11;1710;;;00000000;00000000;00000000;;20261005;;0.000;S;;;;;;;00000000;0000;;0000;;20261005;;;00;;;00000000;;;000;;;;;;000100000002;;;;;000000;00000000;;;;1710;B+;ZU;0.00;V;000100003802;000100003803;;;;;;;;;;0;0;0013600000;M;YCOA;;00000000;;;;;;;;;;;;;;;00;00000000;;00000000;;00000000;;00000000;;;;;;;;;;;;000000;;;000000;;;000000;;000000;;000000;;;;;;;;;;;;;00;;000000;;;;;000;;;;;00;;;;;;;;;;;;;;;;;;;;;;;;00000000;000;0000;;;;;;;;000;;;;;;;;;;00000000;00000000;00000000;0.0000000;;;;;;;;;;;;;;00000000;;;;;;;;00000000;;;;;;;00000000;;;;00000000;;00000000;;0000;0000;;;;;;;;;;;;;
2L;1710;2026;4900000000;000001;2026;0;;YCOA;A000;;RMWA;RMWA;RMWA;010;;MKPF;;2026;4900008951;000001;000001;000000;00000000000000000000000000000000;;;;;;;000000;;;;;;000000;;0000;;;;;;;000000;000000;;;;00000000000000000000000000000000;;0013600000;;YB700;;;1000_C;;YB700;;;;1000_C;USD;1378.38;USD;1378.38;USD;1378.38;USD;1378.38;USD;1378.38;;0.00;;0.00;;0.00;;0.00;;0.00;;0.00;;0.00;;0.00;0.00;0.00;0.00;0.00;0.00;0.00;0.00;0.00;0.00;0.00;0.00;;0.00;;0.00;ST;100.000;0.000;ST;100.000;0.000;ST;100.000;;0.000;;0.000;;0.000;;0.000;0.000;S;010;K4;2026010;20261005;20261005;WA;001;;;06000;89;BSX;00000;ARIA;20261005093939;20261005093939;20261005;;19;X;;;;;;;;;;;;0000;;000;000;;00000;00;;;000000;TG11;1710;;;00000000;00000000;00000000;;20261005;;0.000;M;;;;;;;00000000;0000;;0000;;20261005;;;00;;;00000000;;;000;;;;;;000100000002;;;;;000000;00000000;;;;1710;B+;ZU;0.00;V;000100003802;000100003803;;;;;;;;;;0;0;0054070000;S;YCOA;;00000000;;;;;;;;;;;;;;;00;00000000;;00000000;;00000000;;00000000;;;;;;;;;;;;000000;;;000000;;;000000;;000000;;000000;;;;;;;;;;;;;00;;000000;;;;;000;;;;;00;;;;;;;;;;;;;;;;;;;;;;;;00000000;000;0000;;;;;;;;000;;;;;;;;;;00000000;00000000;00000000;0.0000000;;;;;;;;;;;;;;00000000;;;;;;;;00000000;;;;;;;00000000;;;;00000000;;00000000;;0000;0000;;;;;;;;;;;;;
2L;1710;2026;4900000000;000002;2026;0;;YCOA;A000;;RMWA;RMWA;RMWA;010;;MKPF;;2026;4900008951;000001;000001;000000;00000000000000000000000000000000;;;;;;;000000;;;;;;000000;;0000;;;;;;;000000;000000;;;;00000000000000000000000000000000;;0054070000;;YB700;YB20;;1000_C;;YB700;;;;1000_C;USD;-1378.38;USD;-1378.38;USD;-1378.38;USD;-1378.38;USD;-1378.38;;0.00;;0.00;;0.00;;0.00;;0.00;;0.00;;0.00;;0.00;0.00;0.00;0.00;0.00;0.00;0.00;0.00;0.00;0.00;0.00;0.00;;0.00;;0.00;ST;-100.000;0.000;;0.000;0.000;;0.000;;0.000;;0.000;;0.000;;0.000;0.000;H;010;K4;2026010;20261005;20261005;WA;002;20261005;;06000;91;GBB;00000;ARIA;20261005093939;20261005093939;20261005;;01;N;;;;;;;;;;;;0000;;000;000;;00000;00;;;000000;TG11;1710;;;00000000;00000000;00000000;;20261005;;0.000;S;;;;;;;00000000;0000;;0000;;20261005;;;00;;;00000000;;;000;;;;;;000100000002;;;;;000000;00000000;;;;1710;B+;ZU;0.00;V;000100003802;000100003803;;;;;;;;;;0;0;0013600000;M;YCOA;;00000000;;;;;;;;;;;;;;;00;00000000;;00000000;;00000000;;00000000;;;;;;;;;;;;000000;;;000000;;;000000;;000000;;000000;;;;;;;;;;;;;00;;000000;;;;;000;;;;;00;;;;;;;;;;;;;;;;;;;;;;;;00000000;000;0000;;;;;;;;000;;;;;;;;;;00000000;00000000;00000000;0.0000000;;;;;;;;;;;;;;00000000;;;;;;;;00000000;;;;;;;00000000;;;;00000000;;00000000;;0000;0000;;;;;;;;;;;;;
0E;1710;2026;PA000043V0;000001;2026;0;;YCOA;A000;;RMWL;RMWL;RMWL;010;;MKPF;;;;000000;000001;000000;00000000000000000000000000000000;;;;;;;000000;;;;;;000000;;0000;;;VBAK;;;0000006320;000010;000000;;;;00000000000000000000000000000000;;0013600000;;US10_TGY1;;;Z_SEG4;;;;;;;USD;-2776.96;USD;-2776.96;USD;-2776.96;USD;-2776.96;USD;-2776.96;;0.00;;0.00;;0.00;;0.00;;0.00;;0.00;;0.00;;0.00;0.00;0.00;0.00;0.00;0.00;0.00;0.00;0.00;0.00;0.00;0.00;;0.00;;0.00;ST;-32.000;0.000;ST;-32.000;0.000;ST;-32.000;;0.000;;0.000;;0.000;;0.000;0.000;H;010;K4;2026010;20261009;20261005;WL;000;;P;06000;99;BSX;00000;ARIA;20261005110046;20261005110046;20261005;;19;X;;;;000000000000001710;;001710;Y1;0000131200;1;915;;0000;;000;000;;00000;00;;;000000;MZ-TG-Y240;1710;;USCU_S01;00000000;00000000;00000000;;20261009;;0.000;M;;;;;;;00000000;0000;;0000;;20261005;;;00;;;00000000;;;000;;;;;;000100000460;;;;;000000;00000000;;;;1710;;;0.00;V;000000000000;000000000000;;;;;;;;;;0;0;0054083000;S;YCOA;;00000000;;;;;;;;;;;;;;;00;00000000;;00000000;;00000000;;00000000;;;;;;;;;;;;000000;;;000000;;;000000;;000000;;000000;;;;;;;;;;;;;00;;000000;;;;;000;;;;;;;;;;;;;;;;;;;;;;;;;;;;;00000000;000;0000;;;;;;;;000;;;;;;;;;;00000000;00000000;00000000;0.0000000;;;;;;;;;;;;;;00000000;;;;;;;;00000000;;;;;;;00000000;;;;00000000;;00000000;;0000;0000;;;;;;;;;;;;;
0E;1710;2026;PA000043V0;000002;2026;0;;YCOA;A000;;RMWL;RMWL;RMWL;010;COIN;MKPF;;;;000000;000001;000002;00000000000000000000000000000000;;;;;;;000000;;;;;;000000;;0000;;;VBAK;;;0000006320;000010;000000;;;;00000000000000000000000000000000;;0054083000;;US10_TGY1;YB18;;Z_SEG4;;;;;;;USD;2776.96;USD;2776.96;USD;2776.96;USD;2776.96;USD;2776.96;;0.00;;0.00;;0.00;;0.00;;0.00;;0.00;;0.00;;0.00;0.00;0.00;0.00;0.00;0.00;0.00;0.00;0.00;0.00;0.00;0.00;;0.00;;0.00;ST;32.000;0.000;ST;32.000;0.000;;0.000;;0.000;;0.000;;0.000;ST;32.000;0.000;S;010;K4;2026010;20261009;20261005;WL;000;;P;06000;81;GBB;00000;ARIA;20261005110046;20261005110046;20261005;;10;P;;;;000000000000001710;;001710;Y1;0000585000;2;YB18;;0000;;000;000;;00000;00;;0000006320;000010;MZ-TG-Y240;1710;;USCU_S01;00000000;00000000;00000000;;20261009;;0.000;S;;;;;;;00000000;0000;;0000;;20261005;;;00;;;00000000;;;000;;;;;;000100000460;;;;;000000;00000000;;;;1710;;;0.00;V;000000000000;000000000000;;;;;EOA0000000104908;;;S;S;1;0;0013600000;M;YCOA;;00000000;0000104908;PA;;;;;;;;;0000104908;EO;;;00;00000000;;00000000;;00000000;;00000000;;A000;;;;;;;;;;000000;;;000000;;;000000;;000000;;000000;;;;;;;;;;;;;00;;000000;;;;;000;;F2;1710;10;00;MZ-TG-Y240;ZYOUTH;Z1;US;;US0004;USCU_S01;USCU_S01;;;;;;;;;;;;;;;;00000000;000;0000;;;;;;;;000;;;;;;;;;;00000000;00000000;00000000;0.0000000;;;;;;;;;;;;;;00000000;;;;;;;;00000000;;;;;;;00000000;;;;00000000;;00000000;;0000;0000;;;;;;;;;;;;;
0E;1710;2026;PA000043V1;000001;2026;0;;YCOA;A000;;SD00;SD00;SD00;010;;VBRK;;;;000000;000000;000000;00000000000000000000000000000000;;;;;;;000000;;;;;;000000;;0000;;;VBAK;;;0000006320;000010;000000;;;;00000000000000000000000000000000;;0012100000;;US10_TGY1;;;Z_SEG4;;;;;;;USD;5120.00;USD;5120.00;USD;5120.00;USD;5120.00;USD;5120.00;;0.00;;0.00;;0.00;;0.00;;0.00;;0.00;;0.00;;0.00;0.00;0.00;0.00;0.00;0.00;0.00;0.00;0.00;0.00;0.00;0.00;;0.00;;0.00;;0.000;0.000;;0.000;0.000;;0.000;;0.000;;0.000;;0.000;;0.000;0.000;S;010;K4;2026010;20261009;20261005;RV;000;;P;02000;01;;00000;ARIA;20261005110046;20261005110046;20261005;;35;X;;;X;000000000000001710;;001710;Y1;0000121100;1;915;;0000;;000;000;;00000;00;;;000000;;;;USCU_S01;00000000;00000000;00000000;;20261009;;0.000;D;;;;;;X;00000000;0000;;0000;;00000000;;;00;;;00000000;;;000;;;;;;000000000000;;;;;000000;00000000;;;;;;;0.00;;000000000000;000000000000;;;;;;;;;;0;0;0041000000;S;YCOA;;00000000;;;;;;;;;;;;;;;00;00000000;;00000000;;00000000;;00000000;;;;;;;;;;;;000000;;;000000;;;000000;;000000;;000000;;;;;;;;;;;;;00;;000000;;;;;000;;F2;1710;10;00;;;;;;;;;;;;;;;;;;;;;;;;00000000;000;0000;;;;;;;;000;;;;;;;;;;00000000;00000000;00000000;0.0000000;;;;;;;;;;;;;;00000000;;;;;;;;00000000;;;;;;;00000000;;;;20261108;;00000000;;0000;0000;;;;;;;;;;;;;
0E;1710;2026;PA000043V1;000002;2026;0;;YCOA;A000;;SD00;SD00;SD00;010;COIN;VBRK;;;;000000;000000;001001;00000000000000000000000000000000;;;;;;;000000;;;;;;000000;;0000;;;VBAK;;;0000006320;000010;000000;;;;00000000000000000000000000000000;;0041000000;;US10_TGY1;YB10;;Z_SEG4;;;;;;;USD;-5120.00;USD;-5120.00;USD;-5120.00;USD;-5120.00;USD;-5120.00;;0.00;;0.00;;0.00;;0.00;;0.00;;0.00;;0.00;;0.00;0.00;0.00;0.00;0.00;0.00;0.00;0.00;0.00;0.00;0.00;0.00;;0.00;;0.00;ST;-32.000;0.000;ST;-32.000;0.000;;0.000;;0.000;;0.000;;0.000;ST;-32.000;0.000;H;010;K4;2026010;20261009;20261005;RV;000;;P;30000;50;;00000;ARIA;20261005110046;20261005110046;20261005;;05;P;;;;000000000000001710;;001710;Y1;0000411100;2;YB10;;0000;;000;000;;00000;00;;0000006320;000010;MZ-TG-Y240;1710;;USCU_S01;20261009;00000000;00000000;;20261009;;0.000;S;;;;;;;00000000;0000;;0000;;20261005;;;00;;;00000000;;;000;;;;;;000000000000;;;;;000000;00000000;;;;;;;0.00;;000000000000;000000000000;;;;;EOA0000000104909;;;S;H;2;0;USCU_S01;D;;;00000000;0000104909;PA;;;;;;;;;0000104909;EO;;;00;00000000;;00000000;;00000000;;00000000;;A000;;;;;;;;;;000000;;;000000;;;000000;;000000;;000000;;;;;;;;;;;;;00;;000000;;;;;000;;F2;1710;10;00;MZ-TG-Y240;ZYOUTH;Z1;US;;US0004;USCU_S01;USCU_S01;;;;;;;;;;;;;;;;00000000;000;0000;;;;;;;;000;;;;;;;;;;00000000;00000000;00000000;0.0000000;;;;;;;;;;;;;;00000000;;;;;;;;00000000;;;;;;;00000000;;;;00000000;;00000000;;0000;0000;;;;;;;;;;;;;
0E;1710;2026;PA000043W0;000001;2026;0;;YCOA;A000;;RMWL;RMWL;RMWL;010;;MKPF;;;;000000;000001;000000;00000000000000000000000000000000;;;;;;;000000;;;;;;000000;;0000;;;VBAK;;;0000006320;000020;000000;;1;;00000000000000000000000000000000;;0013400000;;US10_PLC;;;Z_SEG3;;;;;;;USD;-8100.00;USD;-8100.00;USD;-8100.00;USD;-8100.00;USD;-8100.00;;0.00;;0.00;;0.00;;0.00;;0.00;;0.00;;0.00;;0.00;0.00;0.00;0.00;0.00;0.00;0.00;0.00;0.00;0.00;0.00;0.00;;0.00;;0.00;ST;-10.000;0.000;ST;-10.000;0.000;ST;-10.000;;0.000;;0.000;;0.000;;0.000;0.000;H;010;K4;2026010;20261009;20261005;WL;000;;P;06000;99;BSX;00000;ARIA;20261005111051;20261005110251;20261005;;19;X;;;;000000000000001710;;001710;Y1;0000131600;1;915;;0000;;000;000;;00000;00;;;000000;MZ-FG-C990;1710;;USCU_S01;00000000;00000000;00000000;;20261009;;0.000;M;;;;;;;00000000;0000;;0000;;20261005;;;00;;;00000000;;;000;;;;;;000100000466;;;;;000000;00000000;;;;1710;;;0.00;S;000000000000;000000000000;;;;;;;;;;0;0;0054083000;S;YCOA;;00000000;;;;;;;;;;;;;;;00;00000000;;00000000;;00000000;;00000000;;;;;;;;;;;;000000;;;000000;;;000000;;000000;;000000;;;;;;;;;;;;;00;;000000;;;;;000;;;;;;;;;;;;;;;;;;;;;;;;;;;;;00000000;000;0000;;;;;;;;000;;;;;;;;;;00000000;00000000;00000000;0.0000000;;;;;;;;;;;;;;00000000;;;;;;;;00000000;;;;;;;00000000;;;;00000000;;00000000;;0000;0000;;;;;;;;;;;;;
0E;1710;2026;PA000043W0;000002;2026;0;;YCOA;A000;;RMWL;RMWL;RMWL;010;COIN;MKPF;;;;000000;000001;000002;00000000000000000000000000000000;;;;;;;000000;;;;;;000000;;0000;;;VBAK;;;0000006320;000020;000000;;1;;00000000000000000000000000000000;;0054083000;;US10_PLC;YB18;;Z_SEG3;;;;;;;USD;8100.00;USD;8100.00;USD;8100.00;USD;8100.00;USD;8100.00;;0.00;;0.00;;0.00;;0.00;;0.00;;0.00;;0.00;;0.00;507.79;0.00;0.00;507.79;507.79;0.00;0.00;0.00;0.00;0.00;0.00;;0.00;;0.00;ST;10.000;0.000;ST;10.000;0.000;;0.000;;0.000;;0.000;;0.000;ST;10.000;0.000;S;010;K4;2026010;20261009;20261005;WL;000;;P;06000;81;GBB;00000;ARIA;20261005111051;20261005110251;20261005;;10;P;;;;000000000000001710;;001710;Y1;0000585000;2;YB18;;0000;;000;000;;00000;00;;0000006320;000020;MZ-FG-C990;1710;;USCU_S01;00000000;00000000;00000000;;20261009;;0.000;S;;;;;;;00000000;0000;;0000;;20261005;;;00;;;00000000;;;000;;;;;;000100000466;;;;;000000;00000000;;;;1710;;;0.00;S;000000000000;000000000000;;;;;EOA0000000104913;;;S;S;1;0;0013400000;M;YCOA;;00000000;0000104913;PA;;;;;;;;;0000104913;EO;;;00;00000000;;00000000;;00000000;;00000000;;A000;;;;;;;;;;000000;;;000000;;;000000;;000000;;000000;;;;;;;;;;;;;00;;000000;;;;;000;;F2;1710;10;00;MZ-FG-C990;ZCRUISE;Z1;US;;US0004;USCU_S01;USCU_S01;;;;;;;;;;;;;;;;00000000;000;0000;;;;;;;;000;;;;;;;;;;00000000;00000000;00000000;0.0000000;;;;;;;;;;;;;;00000000;;;;;;;;00000000;;;;;;;00000000;;;;00000000;;00000000;;0000;0000;;;;;;;;;;;;;
0E;1710;2026;PA000043W1;000001;2026;0;;YCOA;A000;;TBCS;TBCS;TBCS;010;COIN;MKPF;;;;000000;000001;000001;00000000000000000000000000000000;;;;;;;000000;;;;;;000000;;0000;;;VBAK;;;0000006320;000020;000000;;1;X;00000000000000000000000000000000;;0054083000;;US10_PLC;YB18;;Z_SEG3;;;;;;;USD;-8100.00;USD;-8100.00;USD;-8100.00;USD;-8100.00;USD;-8100.00;;0.00;;0.00;;0.00;;0.00;;0.00;;0.00;;0.00;;0.00;-507.79;0.00;0.00;-507.79;-507.79;0.00;0.00;0.00;0.00;0.00;0.00;;0.00;;0.00;;0.000;0.000;;0.000;0.000;;0.000;;0.000;;0.000;;0.000;ST;0.000;0.000;H;010;K4;2026010;20261009;20261005;WL;000;;P;06000;50;;00000;ARIA;20261005111051;20261005110251;20261005;;10;P;;;;000000000000001710;;001710;Y1;0000585000;2;YB18;;0000;;000;000;;00000;00;;0000006320;000020;MZ-FG-C990;1710;;USCU_S01;00000000;00000000;00000000;;20261009;;0.000;S;;;;;;;00000000;0000;;0000;;20261005;;;00;;;00000000;;;000;;;;;;000100000466;;;;;000000;00000000;;;;1710;;;0.00;S;000000000000;000000000000;;;;;EOA0000000104913;;;S;H;1;1;0013400000;M;YCOA;;00000000;0000104913;PA;;;;;;;;;0000104913;EO;;;00;00000000;;00000000;;00000000;;00000000;;A000;;;;;;;;;;000000;;;000000;;;000000;;000000;;000000;;;;;;;;;;;;;00;;000000;;;;;000;;F2;1710;10;00;MZ-FG-C990;ZCRUISE;Z1;US;;US0004;USCU_S01;USCU_S01;;;;;;;;;;;;;;;;00000000;000;0000;;;;;;;;000;;;;;;;;;;00000000;00000000;00000000;0.0000000;;;;;;;;;;;;;;00000000;;;;;;;;00000000;;;;;;;00000000;;;;00000000;;00000000;;0000;0000;;;;;;;;;;;;;
0E;1710;2026;PA000043W1;000002;2026;0;;YCOA;A000;;TBCS;TBCS;TBCS;010;COIN;MKPF;;;;000000;000001;000002;00000000000000000000000000000000;;;;;;;000000;;;;;;000000;;0000;;;VBAK;;;0000006320;000020;000000;;1;X;00000000000000000000000000000000;;0050301000;;US10_PLC;YB18;;Z_SEG3;;;;;;;USD;6068.99;USD;6068.99;USD;6068.99;USD;6068.99;USD;6068.99;;0.00;;0.00;;0.00;;0.00;;0.00;;0.00;;0.00;;0.00;0.00;0.00;0.00;0.00;0.00;0.00;0.00;0.00;0.00;0.00;0.00;;0.00;;0.00;;0.000;0.000;;0.000;0.000;;0.000;;0.000;;0.000;;0.000;ST;0.000;0.000;S;010;K4;2026010;20261009;20261005;WL;000;;P;06000;40;;08240;ARIA;20261005111051;20261005110251;20261005;;10;P;;;;000000000000001710;;001710;Y1;0000585000;2;YB18;;0000;;000;000;;00000;00;;0000006320;000020;MZ-FG-C990;1710;;USCU_S01;00000000;00000000;00000000;;20261009;;0.000;S;;;;;;;00000000;0000;;0000;;20261005;;;00;;;00000000;;;000;;;;;;000100000466;;;;;000000;00000000;;;;1710;;;0.00;S;000000000000;000000000000;;;;;EOA0000000104913;;;S;S;1;1;0013400000;M;YCOA;;00000000;0000104913;PA;;;;;;;;;0000104913;EO;;;00;00000000;;00000000;;00000000;;00000000;;A000;;;;;;;;;;000000;;;000000;;;000000;;000000;;000000;;;;;;;;;;;;;00;;000000;;;;;000;;F2;1710;10;00;MZ-FG-C990;ZCRUISE;Z1;US;;US0004;USCU_S01;USCU_S01;;;;;;;;;;;;;;;;00000000;000;0000;;;;;;;;000;;;;;;;;;;00000000;00000000;00000000;0.0000000;;;;;;;;;;;;;;00000000;;;;;;;;00000000;;;;;;;00000000;;;;00000000;;00000000;;0000;0000;;;;;;;;;;;;;
0E;1710;2026;PA000043Y0;000001;2026;0;;YCOA;A000;;RMWL;RMWL;RMWL;010;;MKPF;;;;000000;000001;000000;00000000000000000000000000000000;;;;;;;000000;;;;;;000000;;0000;;;VBAK;;;0000006320;000020;000000;;;;00000000000000000000000000000000;;0013600000;;US10_TGY1;;;Z_SEG4;;;;;;;USD;-680.70;USD;-680.70;USD;-680.70;USD;-680.70;USD;-680.70;;0.00;;0.00;;0.00;;0.00;;0.00;;0.00;;0.00;;0.00;0.00;0.00;0.00;0.00;0.00;0.00;0.00;0.00;0.00;0.00;0.00;;0.00;;0.00;ST;-10.000;0.000;ST;-10.000;0.000;ST;-10.000;;0.000;;0.000;;0.000;;0.000;0.000;H;010;K4;2026010;20261009;20261005;WL;000;;P;06000;99;BSX;00000;ARIA;20261005111143;20261005111143;20261005;;19;X;;;;000000000000001710;;001710;Y1;0000131200;1;915;;0000;;000;000;;00000;00;;;000000;MZ-TG-Y200;1710;;USCU_S01;00000000;00000000;00000000;;20261009;;0.000;M;;;;;;;00000000;0000;;0000;;20261005;;;00;;;00000000;;;000;;;;;;000100000458;;;;;000000;00000000;;;;1710;;;0.00;V;000000000000;000000000000;;;;;;;;;;0;0;0054083000;S;YCOA;;00000000;;;;;;;;;;;;;;;00;00000000;;00000000;;00000000;;00000000;;;;;;;;;;;;000000;;;000000;;;000000;;000000;;000000;;;;;;;;;;;;;00;;000000;;;;;000;;;;;;;;;;;;;;;;;;;;;;;;;;;;;00000000;000;0000;;;;;;;;000;;;;;;;;;;00000000;00000000;00000000;0.0000000;;;;;;;;;;;;;;00000000;;;;;;;;00000000;;;;;;;00000000;;;;00000000;;00000000;;0000;0000;;;;;;;;;;;;;
0E;1710;2026;PA000043Y0;000002;2026;0;;YCOA;A000;;RMWL;RMWL;RMWL;010;COIN;MKPF;;;;000000;000001;000002;00000000000000000000000000000000;;;;;;;000000;;;;;;000000;;0000;;;VBAK;;;0000006320;000020;000000;;;;00000000000000000000000000000000;;0054083000;;US10_TGY1;YB18;;Z_SEG4;;;;;;;USD;680.70;USD;680.70;USD;680.70;USD;680.70;USD;680.70;;0.00;;0.00;;0.00;;0.00;;0.00;;0.00;;0.00;;0.00;0.00;0.00;0.00;0.00;0.00;0.00;0.00;0.00;0.00;0.00;0.00;;0.00;;0.00;ST;10.000;0.000;ST;10.000;0.000;;0.000;;0.000;;0.000;;0.000;ST;10.000;0.000;S;010;K4;2026010;20261009;20261005;WL;000;;P;06000;81;GBB;00000;ARIA;20261005111143;20261005111143;20261005;;10;P;;;;000000000000001710;;001710;Y1;0000585000;2;YB18;;0000;;000;000;;00000;00;;0000006320;000020;MZ-TG-Y200;1710;;USCU_S01;00000000;00000000;00000000;;20261009;;0.000;S;;;;;;;00000000;0000;;0000;;20261005;;;00;;;00000000;;;000;;;;;;000100000458;;;;;000000;00000000;;;;1710;;;0.00;V;000000000000;000000000000;;;;;EOA0000000104929;;;S;S;1;0;0013600000;M;YCOA;;00000000;0000104929;PA;;;;;;;;;0000104929;EO;;;00;00000000;;00000000;;00000000;;00000000;;A000;;;;;;;;;;000000;;;000000;;;000000;;000000;;000000;;;;;;;;;;;;;00;;000000;;;;;000;;F2;1710;10;00;MZ-TG-Y200;ZYOUTH;Z1;US;;US0004;USCU_S01;USCU_S01;;;;;;;;;;;;;;;;00000000;000;0000;;;;;;;;000;;;;;;;;;;00000000;00000000;00000000;0.0000000;;;;;;;;;;;;;;00000000;;;;;;;;00000000;;;;;;;00000000;;;;00000000;;00000000;;0000;0000;;;;;;;;;;;;;
0E;1710;2026;PA000043Y1;000001;2026;0;;YCOA;A000;;SD00;SD00;SD00;010;;VBRK;;;;000000;000000;000000;00000000000000000000000000000000;;;;;;;000000;;;;;;000000;;0000;;;VBAK;;;0000006320;000020;000000;;;;00000000000000000000000000000000;;0012100000;;US10_TGY1;;;Z_SEG4;;;;;;;USD;1200.00;USD;1200.00;USD;1200.00;USD;1200.00;USD;1200.00;;0.00;;0.00;;0.00;;0.00;;0.00;;0.00;;0.00;;0.00;0.00;0.00;0.00;0.00;0.00;0.00;0.00;0.00;0.00;0.00;0.00;;0.00;;0.00;;0.000;0.000;;0.000;0.000;;0.000;;0.000;;0.000;;0.000;;0.000;0.000;S;010;K4;2026010;20261009;20261005;RV;000;;P;02000;01;;00000;ARIA;20261005111143;20261005111143;20261005;;35;X;;;X;000000000000001710;;001710;Y1;0000121100;1;915;;0000;;000;000;;00000;00;;;000000;;;;USCU_S01;00000000;00000000;00000000;;20261009;;0.000;D;;;;;;X;00000000;0000;;0000;;00000000;;;00;;;00000000;;;000;;;;;;000000000000;;;;;000000;00000000;;;;;;;0.00;;000000000000;000000000000;;;;;;;;;;0;0;0041000000;S;YCOA;;00000000;;;;;;;;;;;;;;;00;00000000;;00000000;;00000000;;00000000;;;;;;;;;;;;000000;;;000000;;;000000;;000000;;000000;;;;;;;;;;;;;00;;000000;;;;;000;;F2;1710;10;00;;;;;;;;;;;;;;;;;;;;;;;;00000000;000;0000;;;;;;;;000;;;;;;;;;;00000000;00000000;00000000;0.0000000;;;;;;;;;;;;;;00000000;;;;;;;;00000000;;;;;;;00000000;;;;20261108;;00000000;;0000;0000;;;;;;;;;;;;;
0E;1710;2026;PA000043Y1;000002;2026;0;;YCOA;A000;;SD00;SD00;SD00;010;COIN;VBRK;;;;000000;000000;001001;00000000000000000000000000000000;;;;;;;000000;;;;;;000000;;0000;;;VBAK;;;0000006320;000020;000000;;;;00000000000000000000000000000000;;0041000000;;US10_TGY1;YB10;;Z_SEG4;;;;;;;USD;-1200.00;USD;-1200.00;USD;-1200.00;USD;-1200.00;USD;-1200.00;;0.00;;0.00;;0.00;;0.00;;0.00;;0.00;;0.00;;0.00;0.00;0.00;0.00;0.00;0.00;0.00;0.00;0.00;0.00;0.00;0.00;;0.00;;0.00;ST;-10.000;0.000;ST;-10.000;0.000;;0.000;;0.000;;0.000;;0.000;ST;-10.000;0.000;H;010;K4;2026010;20261009;20261005;RV;000;;P;30000;50;;00000;ARIA;20261005111143;20261005111143;20261005;;05;P;;;;000000000000001710;;001710;Y1;0000411100;2;YB10;;0000;;000;000;;00000;00;;0000006320;000020;MZ-TG-Y200;1710;;USCU_S01;20261009;00000000;00000000;;20261009;;0.000;S;;;;;;;00000000;0000;;0000;;20261005;;;00;;;00000000;;;000;;;;;;000000000000;;;;;000000;00000000;;;;;;;0.00;;000000000000;000000000000;;;;;EOA0000000104931;;;S;H;2;0;USCU_S01;D;;;00000000;0000104931;PA;;;;;;;;;0000104931;EO;;;00;00000000;;00000000;;00000000;;00000000;;A000;;;;;;;;;;000000;;;000000;;;000000;;000000;;000000;;;;;;;;;;;;;00;;000000;;;;;000;;F2;1710;10;00;MZ-TG-Y200;ZYOUTH;Z1;US;;US0004;USCU_S01;USCU_S01;;;;;;;;;;;;;;;;00000000;000;0000;;;;;;;;000;;;;;;;;;;00000000;00000000;00000000;0.0000000;;;;;;;;;;;;;;00000000;;;;;;;;00000000;;;;;;;00000000;;;;00000000;;00000000;;0000;0000;;;;;;;;;;;;;
0L;1710;2026;4900000003;000001;2026;0;;YCOA;A000;;RMWL;RMWL;RMWL;010;;MKPF;;2026;4900008954;000001;000001;000000;00000000000000000000000000000000;;;;;;;000000;;;;;;000000;;0000;;;;;;;000000;000000;;;;00000000000000000000000000000000;;0013600000;;US10_TGY1;;;Z_SEG4;;;;;;;USD;-1735.60;USD;-1735.60;USD;-1735.60;USD;-1735.60;USD;-1735.60;;0.00;;0.00;;0.00;;0.00;;0.00;;0.00;;0.00;;0.00;0.00;0.00;0.00;0.00;0.00;0.00;0.00;0.00;0.00;0.00;0.00;;0.00;;0.00;ST;-20.000;0.000;ST;-20.000;0.000;ST;-20.000;;0.000;;0.000;;0.000;;0.000;0.000;H;010;K4;2026010;20261005;20261005;WL;001;;;06000;99;BSX;00000;ARIA;20261005111310;20261005111310;20261005;;19;X;;;;000000000000001710;;001710;Y1;0000131200;1;915;;0000;;000;000;;00000;00;;;000000;MZ-TG-Y240;1710;;USCU_S01;00000000;00000000;00000000;;20261005;;0.000;M;;;;;;;00000000;0000;;0000;;20261005;;;00;;;00000000;;;000;;;;;;000100000460;;;;;000000;00000000;;;;1710;VKA;VN;0.00;V;000000000000;000100021304;;;;;;;;;;0;0;0054083000;S;YCOA;;00000000;;;;;;;;;;;;;;;00;00000000;;00000000;;00000000;;00000000;;;;;;;;;;;;000000;;;000000;;;000000;;000000;;000000;;;;;;;;;;;;;00;;000000;;;;;000;;;;;;;;;;;;;;;;;;;;;;;;;;;;;00000000;000;0000;;;;;;;;000;;;;;;;;;;00000000;00000000;00000000;0.0000000;;;;;;;;;;;;;;00000000;;;;;;;;00000000;;;;;;;00000000;;;;00000000;;00000000;;0000;0000;;;;;;;;;;;;;
0L;1710;2026;4900000003;000002;2026;0;;YCOA;A000;;RMWL;RMWL;RMWL;010;COIN;MKPF;;2026;4900008954;000001;000001;000002;00000000000000000000000000000000;;;;;;;000000;;;;;;000000;;0000;;;;;;;000000;000000;;;;00000000000000000000000000000000;;0054083000;;US10_TGY1;YB18;;Z_SEG4;;;;;;;USD;1735.60;USD;1735.60;USD;1735.60;USD;1735.60;USD;1735.60;;0.00;;0.00;;0.00;;0.00;;0.00;;0.00;;0.00;;0.00;0.00;0.00;0.00;0.00;0.00;0.00;0.00;0.00;0.00;0.00;0.00;;0.00;;0.00;ST;20.000;0.000;ST;20.000;0.000;;0.000;;0.000;;0.000;;0.000;ST;20.000;0.000;S;010;K4;2026010;20261005;20261005;WL;002;20261005;;06000;81;GBB;00000;ARIA;20261005111310;20261005111310;20261005;;10;P;;;;000000000000001710;;001710;Y1;0000585000;2;YB18;;0000;;000;000;;00000;00;;0000006320;000010;MZ-TG-Y240;1710;;USCU_S01;00000000;00000000;00000000;;20261005;;0.000;S;;;;;;;00000000;0000;;0000;;20261005;;;00;;;00000000;;;000;;;;;;000100000460;;;;;000000;00000000;;;;1710;VKA;VN;0.00;V;000000000000;000100021304;;;;;EOA0000000104932;;;S;S;1;0;0013600000;M;YCOA;;00000000;0000104932;PA;;;;;;;;;0000104932;EO;;;00;00000000;;00000000;;00000000;;00000000;;A000;;;;;;;;;;000000;;;000000;;;000000;;000000;;000000;;;;;;;;;;;;;00;;000000;;;;;001;;F2;1710;10;00;MZ-TG-Y240;ZYOUTH;Z1;US;;US0004;USCU_S01;USCU_S01;;;;;;;;;;;;;;;;00000000;000;0000;;;;;;;;000;;;;;;;;;;00000000;00000000;00000000;0.0000000;;;;;;;;;;;;;;00000000;;;;;;;;00000000;;;;;;;00000000;;;;00000000;;00000000;;0000;0000;;;;;;;;;;;;;
0L;1710;2026;4900000003;000003;2026;0;;YCOA;A000;;RMWL;RMWL;RMWL;010;;MKPF;;2026;4900008954;000002;000002;000000;00000000000000000000000000000000;;;;;;;000000;;;;;;000000;;0000;;;;;;;000000;000000;;;;00000000000000000000000000000000;;0013600000;;US10_TGY1;;;Z_SEG4;;;;;;;USD;-340.35;USD;-340.35;USD;-340.35;USD;-340.35;USD;-340.35;;0.00;;0.00;;0.00;;0.00;;0.00;;0.00;;0.00;;0.00;0.00;0.00;0.00;0.00;0.00;0.00;0.00;0.00;0.00;0.00;0.00;;0.00;;0.00;ST;-5.000;0.000;ST;-5.000;0.000;ST;-5.000;;0.000;;0.000;;0.000;;0.000;0.000;H;010;K4;2026010;20261005;20261005;WL;003;;;06000;99;BSX;00000;ARIA;20261005111310;20261005111310;20261005;;19;X;;;;000000000000001710;;001710;Y1;0000131200;1;915;;0000;;000;000;;00000;00;;;000000;MZ-TG-Y200;1710;;USCU_S01;00000000;00000000;00000000;;20261005;;0.000;M;;;;;;;00000000;0000;;0000;;20261005;;;00;;;00000000;;;000;;;;;;000100000458;;;;;000000;00000000;;;;1710;VKA;VN;0.00;V;000000000000;000100021305;;;;;;;;;;0;0;0054083000;S;YCOA;;00000000;;;;;;;;;;;;;;;00;00000000;;00000000;;00000000;;00000000;;;;;;;;;;;;000000;;;000000;;;000000;;000000;;000000;;;;;;;;;;;;;00;;000000;;;;;000;;;;;;;;;;;;;;;;;;;;;;;;;;;;;00000000;000;0000;;;;;;;;000;;;;;;;;;;00000000;00000000;00000000;0.0000000;;;;;;;;;;;;;;00000000;;;;;;;;00000000;;;;;;;00000000;;;;00000000;;00000000;;0000;0000;;;;;;;;;;;;;
0L;1710;2026;4900000003;000004;2026;0;;YCOA;A000;;RMWL;RMWL;RMWL;010;COIN;MKPF;;2026;4900008954;000002;000002;000004;00000000000000000000000000000000;;;;;;;000000;;;;;;000000;;0000;;;;;;;000000;000000;;;;00000000000000000000000000000000;;0054083000;;US10_TGY1;YB18;;Z_SEG4;;;;;;;USD;340.35;USD;340.35;USD;340.35;USD;340.35;USD;340.35;;0.00;;0.00;;0.00;;0.00;;0.00;;0.00;;0.00;;0.00;0.00;0.00;0.00;0.00;0.00;0.00;0.00;0.00;0.00;0.00;0.00;;0.00;;0.00;ST;5.000;0.000;ST;5.000;0.000;;0.000;;0.000;;0.000;;0.000;ST;5.000;0.000;S;010;K4;2026010;20261005;20261005;WL;004;20261005;;06000;81;GBB;00000;ARIA;20261005111310;20261005111310;20261005;;10;P;;;;000000000000001710;;001710;Y1;0000585000;2;YB18;;0000;;000;000;;00000;00;;0000006320;000020;MZ-TG-Y200;1710;;USCU_S01;00000000;00000000;00000000;;20261005;;0.000;S;;;;;;;00000000;0000;;0000;;20261005;;;00;;;00000000;;;000;;;;;;000100000458;;;;;000000;00000000;;;;1710;VKA;VN;0.00;V;000000000000;000100021305;;;;;EOA0000000104933;;;S;S;1;0;0013600000;M;YCOA;;00000000;0000104933;PA;;;;;;;;;0000104933;EO;;;00;00000000;;00000000;;00000000;;00000000;;A000;;;;;;;;;;000000;;;000000;;;000000;;000000;;000000;;;;;;;;;;;;;00;;000000;;;;;002;;F2;1710;10;00;MZ-TG-Y200;ZYOUTH;Z1;US;;US0004;USCU_S01;USCU_S01;;;;;;;;;;;;;;;;00000000;000;0000;;;;;;;;000;;;;;;;;;;00000000;00000000;00000000;0.0000000;;;;;;;;;;;;;;00000000;;;;;;;;00000000;;;;;;;00000000;;;;00000000;;00000000;;0000;0000;;;;;;;;;;;;;
0E;1710;2026;PA00004401;000001;2026;0;;YCOA;A000;;SD00;SD00;SD00;010;;VBRK;;;0090005784;000000;000000;000000;00000000000000000000000000000000;;;;;;;000000;;;;;;000000;;0000;;;VBAK;;;0000006320;000020;000000;;3;;00000000000000000000000000000000;;0012100000;;US10_TGY1;;;Z_SEG4;;;;;;;USD;-600.00;USD;-600.00;USD;-600.00;USD;-600.00;USD;-600.00;;0.00;;0.00;;0.00;;0.00;;0.00;;0.00;;0.00;;0.00;0.00;0.00;0.00;0.00;0.00;0.00;0.00;0.00;0.00;0.00;0.00;;0.00;;0.00;;0.000;0.000;;0.000;0.000;;0.000;;0.000;;0.000;;0.000;;0.000;0.000;S;010;K4;2026010;20261009;20261005;RV;000;;P;02000;01;;00000;ARIA;20261005112749;20261005112749;20261005;;35;X;;;X;000000000000001710;;001710;Y1;0000121100;1;915;;0000;;000;000;;00000;00;;;000000;;;;USCU_S01;00000000;00000000;00000000;;20261009;;0.000;D;;;;;;X;00000000;0000;;0000;;00000000;;;00;;;00000000;;;000;;;;;;000000000000;;;;;000000;00000000;;;;;;;0.00;;000000000000;000000000000;;;;;;;;;;0;0;0041000000;S;YCOA;;00000000;;;;;;;;;;;;;;;00;00000000;;00000000;;00000000;;00000000;;;;;;;;;;;;000000;;;000000;;;000000;;000000;;000000;;;;;;;;;;;;;00;;000000;;;;;000;;F2;1710;10;00;;;;;;;;;;;;;;;;;;;;;;;;00000000;000;0000;;;;;;;;000;;;;;;;;;;00000000;00000000;00000000;0.0000000;;;;;;;;;;;;;;00000000;;;;;;;;00000000;;;;;;;00000000;;;;20261108;;00000000;;0000;0000;;;;;;;;;;;;;
0E;1710;2026;PA00004401;000002;2026;0;;YCOA;A000;;SD00;SD00;SD00;010;COIN;VBRK;;;0090005784;000000;000000;001001;00000000000000000000000000000000;;;;;;;000000;;;;;;000000;;0000;;;VBAK;;;0000006320;000020;000000;;3;;00000000000000000000000000000000;;0041000000;;US10_TGY1;YB10;;Z_SEG4;;;;;;;USD;600.00;USD;600.00;USD;600.00;USD;600.00;USD;600.00;;0.00;;0.00;;0.00;;0.00;;0.00;;0.00;;0.00;;0.00;0.00;0.00;0.00;0.00;0.00;0.00;0.00;0.00;0.00;0.00;0.00;;0.00;;0.00;ST;5.000;0.000;ST;5.000;0.000;;0.000;;0.000;;0.000;;0.000;ST;5.000;0.000;H;010;K4;2026010;20261009;20261005;RV;000;;P;30000;50;;00000;ARIA;20261005112749;20261005112749;20261005;;05;P;;;;000000000000001710;;001710;Y1;0000411100;2;YB10;;0000;;000;000;;00000;00;;0000006320;000020;MZ-TG-Y200;1710;;USCU_S01;20261009;00000000;00000000;;20261009;;0.000;S;;;;;;;00000000;0000;;0000;;20261005;;;00;;;00000000;;;000;;;;;;000000000000;;;;;000000;00000000;;;;;;;0.00;;000000000000;000000000000;;;;;EOA0000000104931;;;S;H;2;0;USCU_S01;D;;;00000000;0000104931;PA;;;;;;;;;0000104931;EO;;;00;00000000;;00000000;;00000000;;00000000;;A000;;;;;;;;;;000000;;;000000;;;000000;;000000;;000000;;;;;;;;;;;;;00;;000000;;;;;000;;F2;1710;10;00;MZ-TG-Y200;ZYOUTH;Z1;US;;US0004;USCU_S01;USCU_S01;;;;;;;;;;;;;;;;00000000;000;0000;;;;;;;;000;;;;;;;;;;00000000;00000000;00000000;0.0000000;;;;;;;;;;;;;;00000000;;;;;;;;00000000;;;;;;;00000000;;;;00000000;;00000000;;0000;0000;;;;;;;;;;;;;
0L;1710;2026;5000000002;000001;2026;0;;YCOA;A000;;RMWE;RMWE;RMWE;010;;MKPF;;2026;5000002940;000001;000001;000000;00000000000000000000000000000000;;;;;;;000000;;;;;;000000;;0000;;;;;;;000000;000000;;;;00000000000000000000000000000000;;0013600000;;YB700;;;1000_C;;;;;;;USD;84.00;USD;84.00;USD;84.00;USD;84.00;USD;84.00;;0.00;;0.00;;0.00;;0.00;;0.00;;0.00;;0.00;;0.00;0.00;0.00;0.00;0.00;0.00;0.00;0.00;0.00;0.00;0.00;0.00;;0.00;;0.00;ST;7.000;0.000;ST;7.000;0.000;ST;7.000;;0.000;;0.000;;0.000;;0.000;0.000;S;010;K4;2026010;20261005;20261005;WE;001;;;06000;89;BSX;00000;ARIA;20261005125617;20261005125617;20261005;;19;X;;;;000000000000001710;;001710;Y1;0000131200;1;915;;0000;;000;000;4500002146;00020;00;;;000000;TG20;1710;0001000559;;00000000;00000000;00000000;;20261005;;0.000;M;;;;;;;00000000;0000;;0000;;20261005;;;00;;;00000000;;;000;;;;;;000100000010;;;;;000000;00000000;;;;1710;BB;ZU;0.00;V;000100021200;000100021201;;;;;;;;;;0;0;0021120000;S;YCOA;;00000000;;;;;;;;;;;;;;;00;00000000;;00000000;;00000000;;00000000;;;;;;;;;;;;000000;;;000000;;;000000;;000000;;000000;;;;;;;;;;;;;00;;000000;;;;;000;;;;;00;;;;;;;;;;;;;;;;;;;;;;;;00000000;000;0000;;;;;;;;000;;;;;;;;;;00000000;00000000;00000000;0.0000000;;;;;;;;;;;;;;00000000;;;;;;;;00000000;;;;;;;00000000;;;;00000000;;00000000;;0000;0000;;;;;;;;;;;;;
0L;1710;2026;5000000002;000002;2026;0;;YCOA;A000;;RMWE;RMWE;RMWE;010;;MKPF;;2026;5000002940;000001;000001;000000;00000000000000000000000000000000;;;;;;;000000;;;;;;000000;;0000;;;;;;;000000;000000;;;;00000000000000000000000000000000;;0021120000;;YB700;;;1000_C;;;;;;;USD;-84.00;USD;-84.00;USD;-84.00;USD;-84.00;USD;-84.00;;0.00;;0.00;;0.00;;0.00;;0.00;;0.00;;0.00;;0.00;0.00;0.00;0.00;0.00;0.00;0.00;0.00;0.00;0.00;0.00;0.00;;0.00;;0.00;ST;-7.000;0.000;;0.000;0.000;ST;-7.000;;0.000;;0.000;;0.000;;0.000;0.000;H;010;K4;2026010;20261005;20261005;WE;002;450000214600020;;01000;96;WRX;00000;ARIA;20261005125617;20261005125617;20261005;;35;X;;;;000000000000001710;;001710;Y1;0000211100;1;915;;0000;;000;000;4500002146;00020;00;;;000000;TG20;1710;0001000559;;00000000;00000000;00000000;;20261005;;0.000;S;;;;;;X;00000000;0000;;0000;;20261005;;;00;;;00000000;;;000;;;;;;000100000010;;;;;000000;00000000;;;;1710;BB;ZU;0.00;V;000100021200;000100021201;;;;;;;;;;0;0;0013600000;M;YCOA;;00000000;;;;;;;;;;;;;;;00;00000000;;00000000;;00000000;;00000000;;;;;;;;;;;;000000;;;000000;;;000000;;000000;;000000;;;;;;;;;;;;;00;;000000;;;;;000;;;;;00;;;;;;;;;;;;;;;;;;;;;;;;00000000;000;0000;;;;;;;;000;;;;;;;;;;00000000;00000000;00000000;0.0000000;;;;;;;;;;;;;;00000000;;;;;;;;00000000;;;;;;;00000000;;;;00000000;;00000000;;0000;0000;;;;;;;;;;;;;
2L;1710;2026;5000000002;000001;2026;0;;YCOA;A000;;RMWE;RMWE;RMWE;010;;MKPF;;2026;5000002940;000001;000001;000000;00000000000000000000000000000000;;;;;;;000000;;;;;;000000;;0000;;;;;;;000000;000000;;;;00000000000000000000000000000000;;0013600000;;YB700;;;1000_C;;;;;;;USD;84.00;USD;84.00;USD;84.00;USD;84.00;USD;84.00;;0.00;;0.00;;0.00;;0.00;;0.00;;0.00;;0.00;;0.00;0.00;0.00;0.00;0.00;0.00;0.00;0.00;0.00;0.00;0.00;0.00;;0.00;;0.00;ST;7.000;0.000;ST;7.000;0.000;ST;7.000;;0.000;;0.000;;0.000;;0.000;0.000;S;010;K4;2026010;20261005;20261005;WE;001;;;06000;89;BSX;00000;ARIA;20261005125617;20261005125617;20261005;;19;X;;;;;;;;;;;;0000;;000;000;4500002146;00020;00;;;000000;TG20;1710;0001000559;;00000000;00000000;00000000;;20261005;;0.000;M;;;;;;;00000000;0000;;0000;;20261005;;;00;;;00000000;;;000;;;;;;000100000010;;;;;000000;00000000;;;;1710;BB;ZU;0.00;V;000100021200;000100021201;;;;;;;;;;0;0;0021120000;S;YCOA;;00000000;;;;;;;;;;;;;;;00;00000000;;00000000;;00000000;;00000000;;;;;;;;;;;;000000;;;000000;;;000000;;000000;;000000;;;;;;;;;;;;;00;;000000;;;;;000;;;;;00;;;;;;;;;;;;;;;;;;;;;;;;00000000;000;0000;;;;;;;;000;;;;;;;;;;00000000;00000000;00000000;0.0000000;;;;;;;;;;;;;;00000000;;;;;;;;00000000;;;;;;;00000000;;;;00000000;;00000000;;0000;0000;;;;;;;;;;;;;
2L;1710;2026;5000000002;000002;2026;0;;YCOA;A000;;RMWE;RMWE;RMWE;010;;MKPF;;2026;5000002940;000001;000001;000000;00000000000000000000000000000000;;;;;;;000000;;;;;;000000;;0000;;;;;;;000000;000000;;;;00000000000000000000000000000000;;0021120000;;YB700;;;1000_C;;;;;;;USD;-84.00;USD;-84.00;USD;-84.00;USD;-84.00;USD;-84.00;;0.00;;0.00;;0.00;;0.00;;0.00;;0.00;;0.00;;0.00;0.00;0.00;0.00;0.00;0.00;0.00;0.00;0.00;0.00;0.00;0.00;;0.00;;0.00;ST;-7.000;0.000;;0.000;0.000;ST;-7.000;;0.000;;0.000;;0.000;;0.000;0.000;H;010;K4;2026010;20261005;20261005;WE;002;450000214600020;;01000;96;WRX;00000;ARIA;20261005125617;20261005125617;20261005;;35;X;;;;;;;;;;;;0000;;000;000;4500002146;00020;00;;;000000;TG20;1710;0001000559;;00000000;00000000;00000000;;20261005;;0.000;S;;;;;;X;00000000;0000;;0000;;20261005;;;00;;;00000000;;;000;;;;;;000100000010;;;;;000000;00000000;;;;1710;BB;ZU;0.00;V;000100021200;000100021201;;;;;;;;;;0;0;0013600000;M;YCOA;;00000000;;;;;;;;;;;;;;;00;00000000;;00000000;;00000000;;00000000;;;;;;;;;;;;000000;;;000000;;;000000;;000000;;000000;;;;;;;;;;;;;00;;000000;;;;;000;;;;;00;;;;;;;;;;;;;;;;;;;;;;;;00000000;000;0000;;;;;;;;000;;;;;;;;;;00000000;00000000;00000000;0.0000000;;;;;;;;;;;;;;00000000;;;;;;;;00000000;;;;;;;00000000;;;;00000000;;00000000;;0000;0000;;;;;;;;;;;;;
0L;1710;2026;5100000000;000001;2026;0;;YCOA;A000;;RMRP;RMRP;RMRP;010;;RMRP;;2026;5100001598;000000;000000;000000;00000000000000000000000000000000;;;;;;;000000;;;;;;000000;;0000;;;;;;;000000;000000;;;;00000000000000000000000000000000;;0021100000;;YB700;;;1000_C;;;;;;;USD;-120.00;USD;-120.00;USD;-120.00;USD;-120.00;USD;-120.00;;0.00;;0.00;;0.00;;0.00;;0.00;;0.00;;0.00;;0.00;0.00;0.00;0.00;0.00;0.00;0.00;0.00;0.00;0.00;0.00;0.00;;0.00;;0.00;;0.000;0.000;;0.000;0.000;;0.000;;0.000;;0.000;;0.000;;0.000;0.000;H;010;K4;2026010;20261005;20261005;RE;001;;;03000;31;KBS;00000;ARIA;20261005125929;20261005125929;20261005;;35;X;;;X;000000000000001710;;001710;Y1;0000211100;1;915;;0000;;000;000;;00000;00;INVOICE SUPP.INV.0001;;000000;;;0001000559;;00000000;00000000;00000000;;20261005;;0.000;K;;I1;;;;X;00000000;0000;;0000;;00000000;;;00;;;00000000;;;000;;;;;;000000000000;;;;;000000;00000000;;;;;;;0.00;;000000000000;000000000000;;;;;;;;;;0;0;0021120000;S;YCOA;;00000000;;;;;;;;;;;;;;;00;00000000;;00000000;;00000000;;00000000;;;;;;;;;;;;000000;;;000000;;;000000;;000000;;000000;;;;;;;;;;;;;00;;000000;;;;;000;;;;;;;;;;;;;;;;;;;;;;;;;;;;;00000000;000;0000;;;;;;;;000;;;;;;;;;;00000000;00000000;00000000;0.0000000;;;;;;;;;;;;;;00000000;;;;;;;;00000000;;;;;;;00000000;;;;20261104;;00000000;;0000;0000;;;;;;;;;;;;;
0L;1710;2026;5100000000;000002;2026;0;;YCOA;A000;;RMRP;RMRP;RMRP;010;;RMRP;;2026;5100001598;000001;000001;000000;00000000000000000000000000000000;;;;;;;000000;;;;;;000000;;0000;;;;;;;000000;000000;;;;00000000000000000000000000000000;;0021120000;;YB700;;;1000_C;;;;;;;USD;36.00;USD;36.00;USD;36.00;USD;36.00;USD;36.00;;0.00;;0.00;;0.00;;0.00;;0.00;;0.00;;0.00;;0.00;0.00;0.00;0.00;0.00;0.00;0.00;0.00;0.00;0.00;0.00;0.00;;0.00;;0.00;;0.000;0.000;;0.000;0.000;ST;3.000;;0.000;;0.000;;0.000;;0.000;0.000;S;010;K4;2026010;20261005;20261005;RE;002;450000214600020;;01000;86;WRX;00000;ARIA;20261005125929;20261005125929;20261005;;35;X;;;;000000000000001710;;001710;Y1;0000211100;1;915;;0000;;000;000;4500002146;00020;00;;;000000;TG20;1710;;;00000000;00000000;00000000;;20261005;;0.000;S;;I1;;;;X;00000000;0000;;0000;;20261005;;;00;;;00000000;;;000;;;;;;000100000010;;;;;000000;00000000;;;;1710;BB;ZU;0.00;V;000100021200;000100021201;;;;;;;;;;0;0;0001000559;K;;;00000000;;;;;;;;;;;;;;;00;00000000;;00000000;;00000000;;00000000;;;;;;;;;;;;000000;;;000000;;;000000;;000000;;000000;;;;;;;;;;;;;00;;000000;;;;;000;;;;;;;;;;;;;;;;;;;;;;;;;;;;;00000000;000;0000;;;;;;;;000;;;;;;;;;;00000000;00000000;00000000;0.0000000;;;;;;;;;;;;;;00000000;;;;;;;;00000000;;;;;;;00000000;;;;00000000;;00000000;;0000;0000;;;;;;;;;;;;;
0E;1710;2026;PA00004443;000001;2026;0;;YCOA;A000;;SD00;SD00;SD00;010;;VBRK;;;0090005785;000000;000000;000000;00000000000000000000000000000000;;;;;;;000000;;;;;;000000;;0000;;;VBAK;;;0000006321;000020;000000;;3;;00000000000000000000000000000000;;0012120000;;US10_TGY1;;;Z_SEG4;;;;;;;USD;-840.00;USD;-840.00;USD;-840.00;USD;-840.00;USD;-840.00;;0.00;;0.00;;0.00;;0.00;;0.00;;0.00;;0.00;;0.00;0.00;0.00;0.00;0.00;0.00;0.00;0.00;0.00;0.00;0.00;0.00;;0.00;;0.00;;0.000;0.000;;0.000;0.000;;0.000;;0.000;;0.000;;0.000;;0.000;0.000;S;010;K4;2026010;20261009;20261005;RV;000;;P;02000;01;;00000;SAP_SYSTEM;20261005140631;20261005140631;20261005;;35;X;;;X;000000000000001710;;001710;Y1;0000121100;1;915;;0000;;000;000;;00000;00;;;000000;;;;0001000569;00000000;00000000;00000000;;20261009;;0.000;D;;;;;;X;00000000;0000;;0000;;00000000;;;00;;;00000000;;;000;;;;;;000000000000;;;;;000000;00000000;;;;;;;0.00;;000000000000;000000000000;;;;;;;;;;0;0;0041000000;S;YCOA;;00000000;;;;;;;;;;;;;;;00;00000000;;00000000;;00000000;;00000000;;;;;;;;;;;;000000;;;000000;;;000000;;000000;;000000;;;;;;;;;;;;;00;;000000;;;;;000;;F2;1710;10;00;;;;;;;;;;;;;;;;;;;;;;;;00000000;000;0000;;;;;;;;000;;;;;;;;;;00000000;00000000;00000000;0.0000000;;;;;;;;;;;;;;00000000;;;;;;;;00000000;;;;;;;00000000;;;;20261009;;00000000;;0000;0000;;;;;;;;;;;;;
0E;1710;2026;PA00004443;000002;2026;0;;YCOA;A000;;SD00;SD00;SD00;010;COIN;VBRK;;;0090005785;000000;000000;001001;00000000000000000000000000000000;;;;;;;000000;;;;;;000000;;0000;;;VBAK;;;0000006321;000020;000000;;3;;00000000000000000000000000000000;;0041000000;;US10_TGY1;YB10;;Z_SEG4;;;;;;;USD;840.00;USD;840.00;USD;840.00;USD;840.00;USD;840.00;;0.00;;0.00;;0.00;;0.00;;0.00;;0.00;;0.00;;0.00;0.00;0.00;0.00;0.00;0.00;0.00;0.00;0.00;0.00;0.00;0.00;;0.00;;0.00;ST;7.000;0.000;ST;7.000;0.000;;0.000;;0.000;;0.000;;0.000;ST;7.000;0.000;H;010;K4;2026010;20261009;20261005;RV;000;;P;30000;50;;00000;SAP_SYSTEM;20261005140631;20261005140631;20261005;;05;P;;;;000000000000001710;;001710;Y1;0000411100;2;YB10;;0000;;000;000;;00000;00;;0000006321;000020;MZ-TG-Y200;1710;;0001000569;20261009;00000000;00000000;;20261009;;0.000;S;;;;;;;00000000;0000;;0000;;20261005;;;00;;;00000000;;;000;;;;;;000000000000;;;;;000000;00000000;;;;;;;0.00;;000000000000;000000000000;;;;;EOA0000000104956;;;S;H;2;0;0001000569;D;;;00000000;0000104956;PA;;;;;;;;;0000104956;EO;;;00;00000000;;00000000;;00000000;;00000000;;A000;;;;;;;;;;000000;;;000000;;;000000;;000000;;000000;;;;;;;;;;;;;00;;000000;;;;;000;;F2;1710;10;00;MZ-TG-Y200;ZYOUTH;;DE;;;0001000569;0001000569;;;;;;;;;;;;;;;;00000000;000;0000;;;;;;;;000;;;;;;;;;;00000000;00000000;00000000;0.0000000;;;;;;;;;;;;;;00000000;;;;;;;;00000000;;;;;;;00000000;;;;00000000;;00000000;;0000;0000;;;;;;;;;;;;;
0L;1710;2026;5000000003;000001;2026;0;;YCOA;A000;;RMWE;RMWE;RMWE;010;;MKPF;;2026;5000002941;000001;000001;000000;00000000000000000000000000000000;;;;;;;000000;;;;;;000000;;0000;;;;;;;000000;000000;;;;00000000000000000000000000000000;;0013600000;;YB700;;;1000_C;;;;;;;USD;40.50;USD;40.50;USD;40.50;USD;40.50;USD;40.50;;0.00;;0.00;;0.00;;0.00;;0.00;;0.00;;0.00;;0.00;0.00;0.00;0.00;0.00;0.00;0.00;0.00;0.00;0.00;0.00;0.00;;0.00;;0.00;ST;3.000;0.000;ST;3.000;0.000;ST;3.000;;0.000;;0.000;;0.000;;0.000;0.000;S;010;K4;2026010;20261005;20261005;WE;001;;;06000;89;BSX;00000;ARIA;20261005141854;20261005141854;20261005;;19;X;;;;000000000000001710;;001710;Y1;0000131200;1;915;;0000;;000;000;4500002146;00010;00;;;000000;TG11;1710;0001000559;;00000000;00000000;00000000;;20261005;;0.000;M;;;;;;;00000000;0000;;0000;;20261005;;;00;;;00000000;;;000;;;;;;000100000002;;;;;000000;00000000;;;;1710;BB;ZU;0.00;V;000100005913;000100005914;;;;;;;;;;0;0;0021120000;S;YCOA;;00000000;;;;;;;;;;;;;;;00;00000000;;00000000;;00000000;;00000000;;;;;;;;;;;;000000;;;000000;;;000000;;000000;;000000;;;;;;;;;;;;;00;;000000;;;;;000;;;;;00;;;;;;;;;;;;;;;;;;;;;;;;00000000;000;0000;;;;;;;;000;;;;;;;;;;00000000;00000000;00000000;0.0000000;;;;;;;;;;;;;;00000000;;;;;;;;00000000;;;;;;;00000000;;;;00000000;;00000000;;0000;0000;;;;;;;;;;;;;
0L;1710;2026;5000000003;000002;2026;0;;YCOA;A000;;RMWE;RMWE;RMWE;010;;MKPF;;2026;5000002941;000001;000001;000000;00000000000000000000000000000000;;;;;;;000000;;;;;;000000;;0000;;;;;;;000000;000000;;;;00000000000000000000000000000000;;0021120000;;YB700;;;1000_C;;;;;;;USD;-40.50;USD;-40.50;USD;-40.50;USD;-40.50;USD;-40.50;;0.00;;0.00;;0.00;;0.00;;0.00;;0.00;;0.00;;0.00;0.00;0.00;0.00;0.00;0.00;0.00;0.00;0.00;0.00;0.00;0.00;;0.00;;0.00;ST;-3.000;0.000;;0.000;0.000;ST;-3.000;;0.000;;0.000;;0.000;;0.000;0.000;H;010;K4;2026010;20261005;20261005;WE;002;450000214600010;;01000;96;WRX;00000;ARIA;20261005141854;20261005141854;20261005;;35;X;;;;000000000000001710;;001710;Y1;0000211100;1;915;;0000;;000;000;4500002146;00010;00;;;000000;TG11;1710;0001000559;;00000000;00000000;00000000;;20261005;;0.000;S;;;;;;X;00000000;0000;;0000;;20261005;;;00;;;00000000;;;000;;;;;;000100000002;;;;;000000;00000000;;;;1710;BB;ZU;0.00;V;000100005913;000100005914;;;;;;;;;;0;0;0013600000;M;YCOA;;00000000;;;;;;;;;;;;;;;00;00000000;;00000000;;00000000;;00000000;;;;;;;;;;;;000000;;;000000;;;000000;;000000;;000000;;;;;;;;;;;;;00;;000000;;;;;000;;;;;00;;;;;;;;;;;;;;;;;;;;;;;;00000000;000;0000;;;;;;;;000;;;;;;;;;;00000000;00000000;00000000;0.0000000;;;;;;;;;;;;;;00000000;;;;;;;;00000000;;;;;;;00000000;;;;00000000;;00000000;;0000;0000;;;;;;;;;;;;;
2L;1710;2026;5000000003;000001;2026;0;;YCOA;A000;;RMWE;RMWE;RMWE;010;;MKPF;;2026;5000002941;000001;000001;000000;00000000000000000000000000000000;;;;;;;000000;;;;;;000000;;0000;;;;;;;000000;000000;;;;00000000000000000000000000000000;;0013600000;;YB700;;;1000_C;;;;;;;USD;40.50;USD;40.50;USD;40.50;USD;40.50;USD;40.50;;0.00;;0.00;;0.00;;0.00;;0.00;;0.00;;0.00;;0.00;0.00;0.00;0.00;0.00;0.00;0.00;0.00;0.00;0.00;0.00;0.00;;0.00;;0.00;ST;3.000;0.000;ST;3.000;0.000;ST;3.000;;0.000;;0.000;;0.000;;0.000;0.000;S;010;K4;2026010;20261005;20261005;WE;001;;;06000;89;BSX;00000;ARIA;20261005141854;20261005141854;20261005;;19;X;;;;;;;;;;;;0000;;000;000;4500002146;00010;00;;;000000;TG11;1710;0001000559;;00000000;00000000;00000000;;20261005;;0.000;M;;;;;;;00000000;0000;;0000;;20261005;;;00;;;00000000;;;000;;;;;;000100000002;;;;;000000;00000000;;;;1710;BB;ZU;0.00;V;000100005913;000100005914;;;;;;;;;;0;0;0021120000;S;YCOA;;00000000;;;;;;;;;;;;;;;00;00000000;;00000000;;00000000;;00000000;;;;;;;;;;;;000000;;;000000;;;000000;;000000;;000000;;;;;;;;;;;;;00;;000000;;;;;000;;;;;00;;;;;;;;;;;;;;;;;;;;;;;;00000000;000;0000;;;;;;;;000;;;;;;;;;;00000000;00000000;00000000;0.0000000;;;;;;;;;;;;;;00000000;;;;;;;;00000000;;;;;;;00000000;;;;00000000;;00000000;;0000;0000;;;;;;;;;;;;;
2L;1710;2026;5000000003;000002;2026;0;;YCOA;A000;;RMWE;RMWE;RMWE;010;;MKPF;;2026;5000002941;000001;000001;000000;00000000000000000000000000000000;;;;;;;000000;;;;;;000000;;0000;;;;;;;000000;000000;;;;00000000000000000000000000000000;;0021120000;;YB700;;;1000_C;;;;;;;USD;-40.50;USD;-40.50;USD;-40.50;USD;-40.50;USD;-40.50;;0.00;;0.00;;0.00;;0.00;;0.00;;0.00;;0.00;;0.00;0.00;0.00;0.00;0.00;0.00;0.00;0.00;0.00;0.00;0.00;0.00;;0.00;;0.00;ST;-3.000;0.000;;0.000;0.000;ST;-3.000;;0.000;;0.000;;0.000;;0.000;0.000;H;010;K4;2026010;20261005;20261005;WE;002;450000214600010;;01000;96;WRX;00000;ARIA;20261005141854;20261005141854;20261005;;35;X;;;;;;;;;;;;0000;;000;000;4500002146;00010;00;;;000000;TG11;1710;0001000559;;00000000;00000000;00000000;;20261005;;0.000;S;;;;;;X;00000000;0000;;0000;;20261005;;;00;;;00000000;;;000;;;;;;000100000002;;;;;000000;00000000;;;;1710;BB;ZU;0.00;V;000100005913;000100005914;;;;;;;;;;0;0;0013600000;M;YCOA;;00000000;;;;;;;;;;;;;;;00;00000000;;00000000;;00000000;;00000000;;;;;;;;;;;;000000;;;000000;;;000000;;000000;;000000;;;;;;;;;;;;;00;;000000;;;;;000;;;;;00;;;;;;;;;;;;;;;;;;;;;;;;00000000;000;0000;;;;;;;;000;;;;;;;;;;00000000;00000000;00000000;0.0000000;;;;;;;;;;;;;;00000000;;;;;;;;00000000;;;;;;;00000000;;;;00000000;;00000000;;0000;0000;;;;;;;;;;;;;
0L;1710;2026;5100000001;000001;2026;0;;YCOA;A000;;RMRP;RMRP;RMRP;010;;RMRP;;2026;5100001599;000000;000000;000000;00000000000000000000000000000000;;;;;;;000000;;;;;;000000;;0000;;;;;;;000000;000000;;;;00000000000000000000000000000000;;0021100000;;YB700;;;1000_C;;;;;;;USD;-40.50;USD;-40.50;USD;-40.50;USD;-40.50;USD;-40.50;;0.00;;0.00;;0.00;;0.00;;0.00;;0.00;;0.00;;0.00;0.00;0.00;0.00;0.00;0.00;0.00;0.00;0.00;0.00;0.00;0.00;;0.00;;0.00;;0.000;0.000;;0.000;0.000;;0.000;;0.000;;0.000;;0.000;;0.000;0.000;H;010;K4;2026010;20261005;20261005;RE;001;;;03000;31;KBS;00000;ARIA;20261005142023;20261005142023;20261005;;35;X;;;X;000000000000001710;;001710;Y1;0000211100;1;915;;0000;;000;000;;00000;00;SUPP.INV.0002;;000000;;;0001000559;;00000000;00000000;00000000;;20261005;;0.000;K;;I1;;;;X;00000000;0000;;0000;;00000000;;;00;;;00000000;;;000;;;;;;000000000000;;;;;000000;00000000;;;;;;;0.00;;000000000000;000000000000;;;;;;;;;;0;0;0021120000;S;YCOA;;00000000;;;;;;;;;;;;;;;00;00000000;;00000000;;00000000;;00000000;;;;;;;;;;;;000000;;;000000;;;000000;;000000;;000000;;;;;;;;;;;;;00;;000000;;;;;000;;;;;;;;;;;;;;;;;;;;;;;;;;;;;00000000;000;0000;;;;;;;;000;;;;;;;;;;00000000;00000000;00000000;0.0000000;;;;;;;;;;;;;;00000000;;;;;;;;00000000;;;;;;;00000000;;;;20261104;;00000000;;0000;0000;;;;;;;;;;;;;
0L;1710;2026;5100000001;000002;2026;0;;YCOA;A000;;RMRP;RMRP;RMRP;010;;RMRP;;2026;5100001599;000001;000001;000000;00000000000000000000000000000000;;;;;;;000000;;;;;;000000;;0000;;;;;;;000000;000000;;;;00000000000000000000000000000000;;0021120000;;YB700;;;1000_C;;;;;;;USD;40.50;USD;40.50;USD;40.50;USD;40.50;USD;40.50;;0.00;;0.00;;0.00;;0.00;;0.00;;0.00;;0.00;;0.00;0.00;0.00;0.00;0.00;0.00;0.00;0.00;0.00;0.00;0.00;0.00;;0.00;;0.00;;0.000;0.000;;0.000;0.000;ST;3.000;;0.000;;0.000;;0.000;;0.000;0.000;S;010;K4;2026010;20261005;20261005;RE;002;450000214600010;;01000;86;WRX;00000;ARIA;20261005142023;20261005142023;20261005;;35;X;;;;000000000000001710;;001710;Y1;0000211100;1;915;;0000;;000;000;4500002146;00010;00;;;000000;TG11;1710;;;00000000;00000000;00000000;;20261005;;0.000;S;;I1;;;;X;00000000;0000;;0000;;20261005;;;00;;;00000000;;;000;;;;;;000100000002;;;;;000000;00000000;;;;1710;BB;ZU;0.00;V;000100005913;000100005914;;;;;;;;;;0;0;0001000559;K;;;00000000;;;;;;;;;;;;;;;00;00000000;;00000000;;00000000;;00000000;;;;;;;;;;;;000000;;;000000;;;000000;;000000;;000000;;;;;;;;;;;;;00;;000000;;;;;000;;;;;;;;;;;;;;;;;;;;;;;;;;;;;00000000;000;0000;;;;;;;;000;;;;;;;;;;00000000;00000000;00000000;0.0000000;;;;;;;;;;;;;;00000000;;;;;;;;00000000;;;;;;;00000000;;;;00000000;;00000000;;0000;0000;;;;;;;;;;;;;
